
> legatrixon-server@1.0.0 start:dev
> nest start --watch

[2J[3J[H[[90m10:27:15 pm[0m] Starting compilation in watch mode...

[[90m10:27:19 pm[0m] Found 0 errors. Watching for file changes.

[32m[Nest] 15260  - [39m09/06/2026, 10:27:22 pm [32m    LOG[39m [38;5;3m[NestFactory] [39m[32mStarting Nest application...[39m
[32m[Nest] 15260  - [39m09/06/2026, 10:27:22 pm [32m    LOG[39m [38;5;3m[InstanceLoader] [39m[32mAppModule dependencies initialized[39m[38;5;3m +32ms[39m
[32m[Nest] 15260  - [39m09/06/2026, 10:27:22 pm [32m    LOG[39m [38;5;3m[InstanceLoader] [39m[32mTypeOrmModule dependencies initialized[39m[38;5;3m +1ms[39m
[32m[Nest] 15260  - [39m09/06/2026, 10:27:22 pm [32m    LOG[39m [38;5;3m[InstanceLoader] [39m[32mLegalDomainModule dependencies initialized[39m[38;5;3m +0ms[39m
[32m[Nest] 15260  - [39m09/06/2026, 10:27:22 pm [32m    LOG[39m [38;5;3m[InstanceLoader] [39m[32mRetrievalModule dependencies initialized[39m[38;5;3m +1ms[39m
[32m[Nest] 15260  - [39m09/06/2026, 10:27:22 pm [32m    LOG[39m [38;5;3m[InstanceLoader] [39m[32mJudgmentModule dependencies initialized[39m[38;5;3m +0ms[39m
[32m[Nest] 15260  - [39m09/06/2026, 10:27:22 pm [32m    LOG[39m [38;5;3m[InstanceLoader] [39m[32mContractModule dependencies initialized[39m[38;5;3m +0ms[39m
[32m[Nest] 15260  - [39m09/06/2026, 10:27:22 pm [32m    LOG[39m [38;5;3m[InstanceLoader] [39m[32mChatModule dependencies initialized[39m[38;5;3m +0ms[39m
[32m[Nest] 15260  - [39m09/06/2026, 10:27:22 pm [32m    LOG[39m [38;5;3m[InstanceLoader] [39m[32mIngestionModule dependencies initialized[39m[38;5;3m +1ms[39m
[32m[Nest] 15260  - [39m09/06/2026, 10:27:22 pm [32m    LOG[39m [38;5;3m[InstanceLoader] [39m[32mTypeOrmCoreModule dependencies initialized[39m[38;5;3m +41ms[39m
[32m[Nest] 15260  - [39m09/06/2026, 10:27:22 pm [32m    LOG[39m [38;5;3m[InstanceLoader] [39m[32mTypeOrmModule dependencies initialized[39m[38;5;3m +1ms[39m
[32m[Nest] 15260  - [39m09/06/2026, 10:27:22 pm [32m    LOG[39m [38;5;3m[InstanceLoader] [39m[32mTypeOrmModule dependencies initialized[39m[38;5;3m +0ms[39m
[32m[Nest] 15260  - [39m09/06/2026, 10:27:22 pm [32m    LOG[39m [38;5;3m[InstanceLoader] [39m[32mTypeOrmModule dependencies initialized[39m[38;5;3m +1ms[39m
[32m[Nest] 15260  - [39m09/06/2026, 10:27:22 pm [32m    LOG[39m [38;5;3m[InstanceLoader] [39m[32mTypeOrmModule dependencies initialized[39m[38;5;3m +0ms[39m
[32m[Nest] 15260  - [39m09/06/2026, 10:27:22 pm [32m    LOG[39m [38;5;3m[InstanceLoader] [39m[32mFounderSecurityModule dependencies initialized[39m[38;5;3m +1ms[39m
[32m[Nest] 15260  - [39m09/06/2026, 10:27:22 pm [32m    LOG[39m [38;5;3m[InstanceLoader] [39m[32mResearchModule dependencies initialized[39m[38;5;3m +0ms[39m
[32m[Nest] 15260  - [39m09/06/2026, 10:27:22 pm [32m    LOG[39m [38;5;3m[InstanceLoader] [39m[32mNotebookModule dependencies initialized[39m[38;5;3m +0ms[39m
[32m[Nest] 15260  - [39m09/06/2026, 10:27:22 pm [32m    LOG[39m [38;5;3m[InstanceLoader] [39m[32mExamModule dependencies initialized[39m[38;5;3m +1ms[39m
[32m[Nest] 15260  - [39m09/06/2026, 10:27:22 pm [32m    LOG[39m [38;5;3m[RoutesResolver] [39m[32mJudgmentController {/api/v1/judgments}:[39m[38;5;3m +49ms[39m
[32m[Nest] 15260  - [39m09/06/2026, 10:27:22 pm [32m    LOG[39m [38;5;3m[RouterExplorer] [39m[32mMapped {/api/v1/judgments/upload, POST} route[39m[38;5;3m +3ms[39m
[32m[Nest] 15260  - [39m09/06/2026, 10:27:22 pm [32m    LOG[39m [38;5;3m[RouterExplorer] [39m[32mMapped {/api/v1/judgments/:id/structure, GET} route[39m[38;5;3m +0ms[39m
[32m[Nest] 15260  - [39m09/06/2026, 10:27:22 pm [32m    LOG[39m [38;5;3m[RouterExplorer] [39m[32mMapped {/api/v1/judgments/:id/explain, POST} route[39m[38;5;3m +1ms[39m
[32m[Nest] 15260  - [39m09/06/2026, 10:27:22 pm [32m    LOG[39m [38;5;3m[RoutesResolver] [39m[32mChatController {/api/v1/chat}:[39m[38;5;3m +0ms[39m
[32m[Nest] 15260  - [39m09/06/2026, 10:27:22 pm [32m    LOG[39m [38;5;3m[RouterExplorer] [39m[32mMapped {/api/v1/chat/message, POST} route[39m[38;5;3m +0ms[39m
[32m[Nest] 15260  - [39m09/06/2026, 10:27:22 pm [32m    LOG[39m [38;5;3m[RouterExplorer] [39m[32mMapped {/api/v1/chat/history/:sessionId, GET} route[39m[38;5;3m +1ms[39m
[32m[Nest] 15260  - [39m09/06/2026, 10:27:22 pm [32m    LOG[39m [38;5;3m[RouterExplorer] [39m[32mMapped {/api/v1/chat/history/:sessionId, DELETE} route[39m[38;5;3m +0ms[39m
[32m[Nest] 15260  - [39m09/06/2026, 10:27:22 pm [32m    LOG[39m [38;5;3m[RouterExplorer] [39m[32mMapped {/api/v1/chat/search, POST} route[39m[38;5;3m +1ms[39m
[32m[Nest] 15260  - [39m09/06/2026, 10:27:22 pm [32m    LOG[39m [38;5;3m[RouterExplorer] [39m[32mMapped {/api/v1/chat/citations/:messageId, GET} route[39m[38;5;3m +0ms[39m
[32m[Nest] 15260  - [39m09/06/2026, 10:27:22 pm [32m    LOG[39m [38;5;3m[RoutesResolver] [39m[32mContractController {/api/v1/contracts}:[39m[38;5;3m +0ms[39m
[32m[Nest] 15260  - [39m09/06/2026, 10:27:22 pm [32m    LOG[39m [38;5;3m[RouterExplorer] [39m[32mMapped {/api/v1/contracts/review, POST} route[39m[38;5;3m +1ms[39m
[32m[Nest] 15260  - [39m09/06/2026, 10:27:22 pm [32m    LOG[39m [38;5;3m[RouterExplorer] [39m[32mMapped {/api/v1/contracts/:id/risks, GET} route[39m[38;5;3m +0ms[39m
[32m[Nest] 15260  - [39m09/06/2026, 10:27:22 pm [32m    LOG[39m [38;5;3m[RouterExplorer] [39m[32mMapped {/api/v1/contracts/:id/clauses, POST} route[39m[38;5;3m +0ms[39m
[32m[Nest] 15260  - [39m09/06/2026, 10:27:22 pm [32m    LOG[39m [38;5;3m[RoutesResolver] [39m[32mNotebookController {/api/v1/notebook}:[39m[38;5;3m +1ms[39m
[32m[Nest] 15260  - [39m09/06/2026, 10:27:22 pm [32m    LOG[39m [38;5;3m[RouterExplorer] [39m[32mMapped {/api/v1/notebook/documents, GET} route[39m[38;5;3m +0ms[39m
[32m[Nest] 15260  - [39m09/06/2026, 10:27:22 pm [32m    LOG[39m [38;5;3m[RouterExplorer] [39m[32mMapped {/api/v1/notebook/documents/:id, GET} route[39m[38;5;3m +0ms[39m
[32m[Nest] 15260  - [39m09/06/2026, 10:27:22 pm [32m    LOG[39m [38;5;3m[RouterExplorer] [39m[32mMapped {/api/v1/notebook/documents/:id/preview, GET} route[39m[38;5;3m +0ms[39m
[32m[Nest] 15260  - [39m09/06/2026, 10:27:22 pm [32m    LOG[39m [38;5;3m[RouterExplorer] [39m[32mMapped {/api/v1/notebook/documents/:id/file, GET} route[39m[38;5;3m +1ms[39m
[32m[Nest] 15260  - [39m09/06/2026, 10:27:22 pm [32m    LOG[39m [38;5;3m[RouterExplorer] [39m[32mMapped {/api/v1/notebook/documents/:id/chunks, GET} route[39m[38;5;3m +0ms[39m
[32m[Nest] 15260  - [39m09/06/2026, 10:27:22 pm [32m    LOG[39m [38;5;3m[RouterExplorer] [39m[32mMapped {/api/v1/notebook/documents/:id/chat-history, GET} route[39m[38;5;3m +0ms[39m
[32m[Nest] 15260  - [39m09/06/2026, 10:27:22 pm [32m    LOG[39m [38;5;3m[RouterExplorer] [39m[32mMapped {/api/v1/notebook/documents/:id/reprocess, POST} route[39m[38;5;3m +0ms[39m
[32m[Nest] 15260  - [39m09/06/2026, 10:27:22 pm [32m    LOG[39m [38;5;3m[RouterExplorer] [39m[32mMapped {/api/v1/notebook/documents/:id/extraction, GET} route[39m[38;5;3m +1ms[39m
[32m[Nest] 15260  - [39m09/06/2026, 10:27:22 pm [32m    LOG[39m [38;5;3m[RouterExplorer] [39m[32mMapped {/api/v1/notebook/documents/:id/extraction, POST} route[39m[38;5;3m +0ms[39m
[32m[Nest] 15260  - [39m09/06/2026, 10:27:22 pm [32m    LOG[39m [38;5;3m[RouterExplorer] [39m[32mMapped {/api/v1/notebook/documents/:id/study-forge/generate, POST} route[39m[38;5;3m +0ms[39m
[32m[Nest] 15260  - [39m09/06/2026, 10:27:22 pm [32m    LOG[39m [38;5;3m[RouterExplorer] [39m[32mMapped {/api/v1/notebook/documents/:id/study-forge/flashcards/:cardId/rate, POST} route[39m[38;5;3m +0ms[39m
[32m[Nest] 15260  - [39m09/06/2026, 10:27:22 pm [32m    LOG[39m [38;5;3m[RouterExplorer] [39m[32mMapped {/api/v1/notebook/documents/:id/study-forge/quiz-attempt, POST} route[39m[38;5;3m +1ms[39m
[32m[Nest] 15260  - [39m09/06/2026, 10:27:22 pm [32m    LOG[39m [38;5;3m[RouterExplorer] [39m[32mMapped {/api/v1/notebook/graph, GET} route[39m[38;5;3m +0ms[39m
[32m[Nest] 15260  - [39m09/06/2026, 10:27:22 pm [32m    LOG[39m [38;5;3m[RouterExplorer] [39m[32mMapped {/api/v1/notebook/search, GET} route[39m[38;5;3m +0ms[39m
[32m[Nest] 15260  - [39m09/06/2026, 10:27:22 pm [32m    LOG[39m [38;5;3m[RouterExplorer] [39m[32mMapped {/api/v1/notebook/documents/:id, DELETE} route[39m[38;5;3m +0ms[39m
[32m[Nest] 15260  - [39m09/06/2026, 10:27:22 pm [32m    LOG[39m [38;5;3m[RouterExplorer] [39m[32mMapped {/api/v1/notebook/upload, POST} route[39m[38;5;3m +1ms[39m
[32m[Nest] 15260  - [39m09/06/2026, 10:27:22 pm [32m    LOG[39m [38;5;3m[RouterExplorer] [39m[32mMapped {/api/v1/notebook/chat, POST} route[39m[38;5;3m +1ms[39m
[32m[Nest] 15260  - [39m09/06/2026, 10:27:22 pm [32m    LOG[39m [38;5;3m[RoutesResolver] [39m[32mResearchController {/api/v1/research}:[39m[38;5;3m +0ms[39m
[32m[Nest] 15260  - [39m09/06/2026, 10:27:22 pm [32m    LOG[39m [38;5;3m[RouterExplorer] [39m[32mMapped {/api/v1/research/query, POST} route[39m[38;5;3m +0ms[39m
[32m[Nest] 15260  - [39m09/06/2026, 10:27:22 pm [32m    LOG[39m [38;5;3m[RouterExplorer] [39m[32mMapped {/api/v1/research/query/all, GET} route[39m[38;5;3m +1ms[39m
[32m[Nest] 15260  - [39m09/06/2026, 10:27:22 pm [32m    LOG[39m [38;5;3m[RouterExplorer] [39m[32mMapped {/api/v1/research/query/:id, GET} route[39m[38;5;3m +0ms[39m
[32m[Nest] 15260  - [39m09/06/2026, 10:27:22 pm [32m    LOG[39m [38;5;3m[RouterExplorer] [39m[32mMapped {/api/v1/research/report, POST} route[39m[38;5;3m +0ms[39m
[32m[Nest] 15260  - [39m09/06/2026, 10:27:22 pm [32m    LOG[39m [38;5;3m[RouterExplorer] [39m[32mMapped {/api/v1/research/report/:id, GET} route[39m[38;5;3m +0ms[39m
[32m[Nest] 15260  - [39m09/06/2026, 10:27:22 pm [32m    LOG[39m [38;5;3m[RouterExplorer] [39m[32mMapped {/api/v1/research/report/:id, PUT} route[39m[38;5;3m +1ms[39m
[32m[Nest] 15260  - [39m09/06/2026, 10:27:22 pm [32m    LOG[39m [38;5;3m[RouterExplorer] [39m[32mMapped {/api/v1/research/report/:id, DELETE} route[39m[38;5;3m +0ms[39m
[32m[Nest] 15260  - [39m09/06/2026, 10:27:22 pm [32m    LOG[39m [38;5;3m[RouterExplorer] [39m[32mMapped {/api/v1/research/note, POST} route[39m[38;5;3m +0ms[39m
[32m[Nest] 15260  - [39m09/06/2026, 10:27:22 pm [32m    LOG[39m [38;5;3m[RouterExplorer] [39m[32mMapped {/api/v1/research/note/:id, GET} route[39m[38;5;3m +0ms[39m
[32m[Nest] 15260  - [39m09/06/2026, 10:27:22 pm [32m    LOG[39m [38;5;3m[RouterExplorer] [39m[32mMapped {/api/v1/research/note/:id, PUT} route[39m[38;5;3m +1ms[39m
[32m[Nest] 15260  - [39m09/06/2026, 10:27:22 pm [32m    LOG[39m [38;5;3m[RouterExplorer] [39m[32mMapped {/api/v1/research/note/:id, DELETE} route[39m[38;5;3m +0ms[39m
[32m[Nest] 15260  - [39m09/06/2026, 10:27:22 pm [32m    LOG[39m [38;5;3m[RouterExplorer] [39m[32mMapped {/api/v1/research/source, POST} route[39m[38;5;3m +0ms[39m
[32m[Nest] 15260  - [39m09/06/2026, 10:27:22 pm [32m    LOG[39m [38;5;3m[RouterExplorer] [39m[32mMapped {/api/v1/research/source/:id, GET} route[39m[38;5;3m +0ms[39m
[32m[Nest] 15260  - [39m09/06/2026, 10:27:22 pm [32m    LOG[39m [38;5;3m[RouterExplorer] [39m[32mMapped {/api/v1/research/source/:id, DELETE} route[39m[38;5;3m +1ms[39m
[32m[Nest] 15260  - [39m09/06/2026, 10:27:22 pm [32m    LOG[39m [38;5;3m[RouterExplorer] [39m[32mMapped {/api/v1/research/save, POST} route[39m[38;5;3m +0ms[39m
[32m[Nest] 15260  - [39m09/06/2026, 10:27:22 pm [32m    LOG[39m [38;5;3m[RouterExplorer] [39m[32mMapped {/api/v1/research/save/all, GET} route[39m[38;5;3m +0ms[39m
[32m[Nest] 15260  - [39m09/06/2026, 10:27:22 pm [32m    LOG[39m [38;5;3m[RouterExplorer] [39m[32mMapped {/api/v1/research/save/:id, DELETE} route[39m[38;5;3m +0ms[39m
[32m[Nest] 15260  - [39m09/06/2026, 10:27:22 pm [32m    LOG[39m [38;5;3m[RouterExplorer] [39m[32mMapped {/api/v1/research/asset, POST} route[39m[38;5;3m +1ms[39m
[32m[Nest] 15260  - [39m09/06/2026, 10:27:22 pm [32m    LOG[39m [38;5;3m[RouterExplorer] [39m[32mMapped {/api/v1/research/upload, POST} route[39m[38;5;3m +0ms[39m
[32m[Nest] 15260  - [39m09/06/2026, 10:27:22 pm [32m    LOG[39m [38;5;3m[RouterExplorer] [39m[32mMapped {/api/v1/research/documents/:queryId, GET} route[39m[38;5;3m +0ms[39m
[32m[Nest] 15260  - [39m09/06/2026, 10:27:22 pm [32m    LOG[39m [38;5;3m[RouterExplorer] [39m[32mMapped {/api/v1/research/generate, POST} route[39m[38;5;3m +0ms[39m
[32m[Nest] 15260  - [39m09/06/2026, 10:27:22 pm [32m    LOG[39m [38;5;3m[RouterExplorer] [39m[32mMapped {/api/v1/research/challenge, POST} route[39m[38;5;3m +0ms[39m
[32m[Nest] 15260  - [39m09/06/2026, 10:27:22 pm [32m    LOG[39m [38;5;3m[RoutesResolver] [39m[32mIngestionController {/api/v1/ingestion}:[39m[38;5;3m +1ms[39m
[32m[Nest] 15260  - [39m09/06/2026, 10:27:22 pm [32m    LOG[39m [38;5;3m[RouterExplorer] [39m[32mMapped {/api/v1/ingestion/status, GET} route[39m[38;5;3m +0ms[39m
[32m[Nest] 15260  - [39m09/06/2026, 10:27:22 pm [32m    LOG[39m [38;5;3m[RouterExplorer] [39m[32mMapped {/api/v1/ingestion/init-collections, POST} route[39m[38;5;3m +0ms[39m
[32m[Nest] 15260  - [39m09/06/2026, 10:27:22 pm [32m    LOG[39m [38;5;3m[RouterExplorer] [39m[32mMapped {/api/v1/ingestion/ingest, POST} route[39m[38;5;3m +0ms[39m
[32m[Nest] 15260  - [39m09/06/2026, 10:27:22 pm [32m    LOG[39m [38;5;3m[RouterExplorer] [39m[32mMapped {/api/v1/ingestion/ingest-text, POST} route[39m[38;5;3m +1ms[39m
[32m[Nest] 15260  - [39m09/06/2026, 10:27:22 pm [32m    LOG[39m [38;5;3m[RouterExplorer] [39m[32mMapped {/api/v1/ingestion/ingest-batch, POST} route[39m[38;5;3m +0ms[39m
[32m[Nest] 15260  - [39m09/06/2026, 10:27:22 pm [32m    LOG[39m [38;5;3m[RoutesResolver] [39m[32mExamController {/api/v1/exam}:[39m[38;5;3m +0ms[39m
[32m[Nest] 15260  - [39m09/06/2026, 10:27:22 pm [32m    LOG[39m [38;5;3m[RouterExplorer] [39m[32mMapped {/api/v1/exam, POST} route[39m[38;5;3m +0ms[39m
[32m[Nest] 15260  - [39m09/06/2026, 10:27:22 pm [32m    LOG[39m [38;5;3m[RouterExplorer] [39m[32mMapped {/api/v1/exam, GET} route[39m[38;5;3m +1ms[39m
[32m[Nest] 15260  - [39m09/06/2026, 10:27:22 pm [32m    LOG[39m [38;5;3m[RouterExplorer] [39m[32mMapped {/api/v1/exam/:id, GET} route[39m[38;5;3m +0ms[39m
[32m[Nest] 15260  - [39m09/06/2026, 10:27:22 pm [32m    LOG[39m [38;5;3m[RouterExplorer] [39m[32mMapped {/api/v1/exam/:id/mock, POST} route[39m[38;5;3m +0ms[39m
[32m[Nest] 15260  - [39m09/06/2026, 10:27:22 pm [32m    LOG[39m [38;5;3m[RouterExplorer] [39m[32mMapped {/api/v1/exam/assistant, POST} route[39m[38;5;3m +0ms[39m
[32m[Nest] 15260  - [39m09/06/2026, 10:27:22 pm [32m    LOG[39m [38;5;3m[RouterExplorer] [39m[32mMapped {/api/v1/exam/dashboard/recommendations, GET} route[39m[38;5;3m +1ms[39m
[32m[Nest] 15260  - [39m09/06/2026, 10:27:22 pm [32m    LOG[39m [38;5;3m[RouterExplorer] [39m[32mMapped {/api/v1/exam/doubt-solve, POST} route[39m[38;5;3m +0ms[39m
[32m[Nest] 15260  - [39m09/06/2026, 10:27:22 pm [32m    LOG[39m [38;5;3m[RouterExplorer] [39m[32mMapped {/api/v1/exam/oauth-tokens, POST} route[39m[38;5;3m +0ms[39m
[32m[Nest] 15260  - [39m09/06/2026, 10:27:22 pm [32m    LOG[39m [38;5;3m[RouterExplorer] [39m[32mMapped {/api/v1/exam/dashboard/notifications, GET} route[39m[38;5;3m +0ms[39m
[32m[Nest] 15260  - [39m09/06/2026, 10:27:22 pm [32m    LOG[39m [38;5;3m[RouterExplorer] [39m[32mMapped {/api/v1/exam/dashboard/notifications/read, POST} route[39m[38;5;3m +0ms[39m
[32m[Nest] 15260  - [39m09/06/2026, 10:27:22 pm [32m    LOG[39m [38;5;3m[RouterExplorer] [39m[32mMapped {/api/v1/exam/calendar/events, GET} route[39m[38;5;3m +1ms[39m
[32m[Nest] 15260  - [39m09/06/2026, 10:27:22 pm [32m    LOG[39m [38;5;3m[RouterExplorer] [39m[32mMapped {/api/v1/exam/calendar/events, POST} route[39m[38;5;3m +0ms[39m
[32m[Nest] 15260  - [39m09/06/2026, 10:27:22 pm [32m    LOG[39m [38;5;3m[RoutesResolver] [39m[32mFounderSecurityController {/api/v1/founder-security}:[39m[38;5;3m +0ms[39m
[32m[Nest] 15260  - [39m09/06/2026, 10:27:22 pm [32m    LOG[39m [38;5;3m[RouterExplorer] [39m[32mMapped {/api/v1/founder-security/settings, GET} route[39m[38;5;3m +0ms[39m
[32m[Nest] 15260  - [39m09/06/2026, 10:27:22 pm [32m    LOG[39m [38;5;3m[RouterExplorer] [39m[32mMapped {/api/v1/founder-security/settings, PUT} route[39m[38;5;3m +1ms[39m
[32m[Nest] 15260  - [39m09/06/2026, 10:27:22 pm [32m    LOG[39m [38;5;3m[RouterExplorer] [39m[32mMapped {/api/v1/founder-security/events, GET} route[39m[38;5;3m +0ms[39m
[32m[Nest] 15260  - [39m09/06/2026, 10:27:22 pm [32m    LOG[39m [38;5;3m[RouterExplorer] [39m[32mMapped {/api/v1/founder-security/events, POST} route[39m[38;5;3m +0ms[39m
[32m[Nest] 15260  - [39m09/06/2026, 10:27:22 pm [32m    LOG[39m [38;5;3m[RouterExplorer] [39m[32mMapped {/api/v1/founder-security/clear-locks, GET} route[39m[38;5;3m +0ms[39m
[32m[Nest] 15260  - [39m09/06/2026, 10:27:22 pm [32m    LOG[39m [38;5;3m[RouterExplorer] [39m[32mMapped {/api/v1/founder-security/admin-login, POST} route[39m[38;5;3m +0ms[39m
[32m[Nest] 15260  - [39m09/06/2026, 10:27:22 pm [32m    LOG[39m [38;5;3m[RouterExplorer] [39m[32mMapped {/api/v1/founder-security/verify-question, POST} route[39m[38;5;3m +1ms[39m
[32m[Nest] 15260  - [39m09/06/2026, 10:27:22 pm [32m    LOG[39m [38;5;3m[RouterExplorer] [39m[32mMapped {/api/v1/founder-security/login-approve, GET} route[39m[38;5;3m +0ms[39m
[32m[Nest] 15260  - [39m09/06/2026, 10:27:22 pm [32m    LOG[39m [38;5;3m[RouterExplorer] [39m[32mMapped {/api/v1/founder-security/login-reject, GET} route[39m[38;5;3m +0ms[39m
[32m[Nest] 15260  - [39m09/06/2026, 10:27:22 pm [32m    LOG[39m [38;5;3m[RouterExplorer] [39m[32mMapped {/api/v1/founder-security/login-status, GET} route[39m[38;5;3m +0ms[39m
[32m[Nest] 15260  - [39m09/06/2026, 10:27:22 pm [32m    LOG[39m [38;5;3m[RoutesResolver] [39m[32mSecurityTestController {/api/v1/api/security}:[39m[38;5;3m +0ms[39m
[32m[Nest] 15260  - [39m09/06/2026, 10:27:22 pm [32m    LOG[39m [38;5;3m[RouterExplorer] [39m[32mMapped {/api/security/test-email, GET} route[39m[38;5;3m +1ms[39m
[32m[Nest] 15260  - [39m09/06/2026, 10:27:22 pm [32m    LOG[39m [38;5;3m[RouterExplorer] [39m[32mMapped {/api/security/test-email, POST} route[39m[38;5;3m +0ms[39m
[32m[Nest] 15260  - [39m09/06/2026, 10:27:22 pm [32m    LOG[39m [38;5;3m[QdrantService] [39m[32mInitializing Qdrant client with URL: https://dd284eb5-9c7e-4f0e-92fd-815f87684ce0.us-west-1-0.aws.cloud.qdrant.io[39m
[32m[Nest] 15260  - [39m09/06/2026, 10:27:22 pm [32m    LOG[39m [38;5;3m[QdrantService] [39m[32mTesting Qdrant connection...[39m
[32m[Nest] 15260  - [39m09/06/2026, 10:27:22 pm [32m    LOG[39m [38;5;3m[BgeM3Provider] [39m[32mInitializing BGE-M3 provider → http://localhost:8100[39m
[32m[Nest] 15260  - [39m09/06/2026, 10:27:22 pm [32m    LOG[39m [38;5;3m[NestApplication] [39m[32mNest application successfully started[39m[38;5;3m +12ms[39m
[LEGATRIXON SERVER] NestJS Engine running on: http://localhost:4000/api/v1
[33m[Nest] 15260  - [39m09/06/2026, 10:27:22 pm [33m   WARN[39m [38;5;3m[BgeM3Provider] [39m[33mBGE-M3 sidecar unreachable at http://localhost:8100: . Embeddings will fail until the sidecar is started.[39m
[33m[Nest] 15260  - [39m09/06/2026, 10:27:32 pm [33m   WARN[39m [38;5;3m[QdrantService] [39m[33mCould not connect to Qdrant at https://dd284eb5-9c7e-4f0e-92fd-815f87684ce0.us-west-1-0.aws.cloud.qdrant.io. Vector search features will be unavailable until Qdrant is running. Error: fetch failed[39m
[2J[3J[H[[90m10:33:24 pm[0m] File change detected. Starting incremental compilation...

[96msrc/modules/chat/chat.module.ts[0m:[93m4[0m:[93m36[0m - [91merror[0m[90m TS2307: [0mCannot find module './lexmentor-ai.service' or its corresponding type declarations.

[7m4[0m import { LexMentorAiService } from './lexmentor-ai.service';
[7m [0m [91m                                   ~~~~~~~~~~~~~~~~~~~~~~~~[0m

[96msrc/modules/chat/chat.service.ts[0m:[93m3[0m:[93m36[0m - [91merror[0m[90m TS2307: [0mCannot find module './lexmentor-ai.service' or its corresponding type declarations.

[7m3[0m import { LexMentorAiService } from './lexmentor-ai.service';
[7m [0m [91m                                   ~~~~~~~~~~~~~~~~~~~~~~~~[0m

[[90m10:33:24 pm[0m] Found 2 errors. Watching for file changes.

[2J[3J[H[[90m10:33:55 pm[0m] File change detected. Starting incremental compilation...

[[90m10:33:55 pm[0m] Found 0 errors. Watching for file changes.

[32m[Nest] 2104  - [39m09/06/2026, 10:33:57 pm [32m    LOG[39m [38;5;3m[NestFactory] [39m[32mStarting Nest application...[39m
[32m[Nest] 2104  - [39m09/06/2026, 10:33:57 pm [32m    LOG[39m [38;5;3m[InstanceLoader] [39m[32mAppModule dependencies initialized[39m[38;5;3m +27ms[39m
[32m[Nest] 2104  - [39m09/06/2026, 10:33:57 pm [32m    LOG[39m [38;5;3m[InstanceLoader] [39m[32mTypeOrmModule dependencies initialized[39m[38;5;3m +0ms[39m
[32m[Nest] 2104  - [39m09/06/2026, 10:33:57 pm [32m    LOG[39m [38;5;3m[InstanceLoader] [39m[32mLegalDomainModule dependencies initialized[39m[38;5;3m +0ms[39m
[32m[Nest] 2104  - [39m09/06/2026, 10:33:57 pm [32m    LOG[39m [38;5;3m[InstanceLoader] [39m[32mRetrievalModule dependencies initialized[39m[38;5;3m +1ms[39m
[32m[Nest] 2104  - [39m09/06/2026, 10:33:57 pm [32m    LOG[39m [38;5;3m[InstanceLoader] [39m[32mJudgmentModule dependencies initialized[39m[38;5;3m +1ms[39m
[32m[Nest] 2104  - [39m09/06/2026, 10:33:57 pm [32m    LOG[39m [38;5;3m[InstanceLoader] [39m[32mContractModule dependencies initialized[39m[38;5;3m +0ms[39m
[32m[Nest] 2104  - [39m09/06/2026, 10:33:57 pm [32m    LOG[39m [38;5;3m[InstanceLoader] [39m[32mChatModule dependencies initialized[39m[38;5;3m +0ms[39m
[32m[Nest] 2104  - [39m09/06/2026, 10:33:57 pm [32m    LOG[39m [38;5;3m[InstanceLoader] [39m[32mIngestionModule dependencies initialized[39m[38;5;3m +0ms[39m
[32m[Nest] 2104  - [39m09/06/2026, 10:33:57 pm [32m    LOG[39m [38;5;3m[InstanceLoader] [39m[32mTypeOrmCoreModule dependencies initialized[39m[38;5;3m +43ms[39m
[32m[Nest] 2104  - [39m09/06/2026, 10:33:57 pm [32m    LOG[39m [38;5;3m[InstanceLoader] [39m[32mTypeOrmModule dependencies initialized[39m[38;5;3m +0ms[39m
[32m[Nest] 2104  - [39m09/06/2026, 10:33:57 pm [32m    LOG[39m [38;5;3m[InstanceLoader] [39m[32mTypeOrmModule dependencies initialized[39m[38;5;3m +1ms[39m
[32m[Nest] 2104  - [39m09/06/2026, 10:33:57 pm [32m    LOG[39m [38;5;3m[InstanceLoader] [39m[32mTypeOrmModule dependencies initialized[39m[38;5;3m +0ms[39m
[32m[Nest] 2104  - [39m09/06/2026, 10:33:57 pm [32m    LOG[39m [38;5;3m[InstanceLoader] [39m[32mTypeOrmModule dependencies initialized[39m[38;5;3m +0ms[39m
[32m[Nest] 2104  - [39m09/06/2026, 10:33:57 pm [32m    LOG[39m [38;5;3m[InstanceLoader] [39m[32mFounderSecurityModule dependencies initialized[39m[38;5;3m +1ms[39m
[32m[Nest] 2104  - [39m09/06/2026, 10:33:57 pm [32m    LOG[39m [38;5;3m[InstanceLoader] [39m[32mResearchModule dependencies initialized[39m[38;5;3m +0ms[39m
[32m[Nest] 2104  - [39m09/06/2026, 10:33:57 pm [32m    LOG[39m [38;5;3m[InstanceLoader] [39m[32mNotebookModule dependencies initialized[39m[38;5;3m +1ms[39m
[32m[Nest] 2104  - [39m09/06/2026, 10:33:57 pm [32m    LOG[39m [38;5;3m[InstanceLoader] [39m[32mExamModule dependencies initialized[39m[38;5;3m +0ms[39m
[32m[Nest] 2104  - [39m09/06/2026, 10:33:57 pm [32m    LOG[39m [38;5;3m[RoutesResolver] [39m[32mJudgmentController {/api/v1/judgments}:[39m[38;5;3m +26ms[39m
[32m[Nest] 2104  - [39m09/06/2026, 10:33:57 pm [32m    LOG[39m [38;5;3m[RouterExplorer] [39m[32mMapped {/api/v1/judgments/upload, POST} route[39m[38;5;3m +3ms[39m
[32m[Nest] 2104  - [39m09/06/2026, 10:33:57 pm [32m    LOG[39m [38;5;3m[RouterExplorer] [39m[32mMapped {/api/v1/judgments/:id/structure, GET} route[39m[38;5;3m +1ms[39m
[32m[Nest] 2104  - [39m09/06/2026, 10:33:57 pm [32m    LOG[39m [38;5;3m[RouterExplorer] [39m[32mMapped {/api/v1/judgments/:id/explain, POST} route[39m[38;5;3m +1ms[39m
[32m[Nest] 2104  - [39m09/06/2026, 10:33:57 pm [32m    LOG[39m [38;5;3m[RoutesResolver] [39m[32mChatController {/api/v1/chat}:[39m[38;5;3m +0ms[39m
[32m[Nest] 2104  - [39m09/06/2026, 10:33:57 pm [32m    LOG[39m [38;5;3m[RouterExplorer] [39m[32mMapped {/api/v1/chat/message, POST} route[39m[38;5;3m +1ms[39m
[32m[Nest] 2104  - [39m09/06/2026, 10:33:57 pm [32m    LOG[39m [38;5;3m[RouterExplorer] [39m[32mMapped {/api/v1/chat/history/:sessionId, GET} route[39m[38;5;3m +0ms[39m
[32m[Nest] 2104  - [39m09/06/2026, 10:33:57 pm [32m    LOG[39m [38;5;3m[RouterExplorer] [39m[32mMapped {/api/v1/chat/history/:sessionId, DELETE} route[39m[38;5;3m +1ms[39m
[32m[Nest] 2104  - [39m09/06/2026, 10:33:57 pm [32m    LOG[39m [38;5;3m[RouterExplorer] [39m[32mMapped {/api/v1/chat/search, POST} route[39m[38;5;3m +0ms[39m
[32m[Nest] 2104  - [39m09/06/2026, 10:33:57 pm [32m    LOG[39m [38;5;3m[RouterExplorer] [39m[32mMapped {/api/v1/chat/citations/:messageId, GET} route[39m[38;5;3m +0ms[39m
[32m[Nest] 2104  - [39m09/06/2026, 10:33:57 pm [32m    LOG[39m [38;5;3m[RoutesResolver] [39m[32mContractController {/api/v1/contracts}:[39m[38;5;3m +1ms[39m
[32m[Nest] 2104  - [39m09/06/2026, 10:33:57 pm [32m    LOG[39m [38;5;3m[RouterExplorer] [39m[32mMapped {/api/v1/contracts/review, POST} route[39m[38;5;3m +0ms[39m
[32m[Nest] 2104  - [39m09/06/2026, 10:33:57 pm [32m    LOG[39m [38;5;3m[RouterExplorer] [39m[32mMapped {/api/v1/contracts/:id/risks, GET} route[39m[38;5;3m +1ms[39m
[32m[Nest] 2104  - [39m09/06/2026, 10:33:57 pm [32m    LOG[39m [38;5;3m[RouterExplorer] [39m[32mMapped {/api/v1/contracts/:id/clauses, POST} route[39m[38;5;3m +0ms[39m
[32m[Nest] 2104  - [39m09/06/2026, 10:33:57 pm [32m    LOG[39m [38;5;3m[RoutesResolver] [39m[32mNotebookController {/api/v1/notebook}:[39m[38;5;3m +0ms[39m
[32m[Nest] 2104  - [39m09/06/2026, 10:33:57 pm [32m    LOG[39m [38;5;3m[RouterExplorer] [39m[32mMapped {/api/v1/notebook/documents, GET} route[39m[38;5;3m +1ms[39m
[32m[Nest] 2104  - [39m09/06/2026, 10:33:57 pm [32m    LOG[39m [38;5;3m[RouterExplorer] [39m[32mMapped {/api/v1/notebook/documents/:id, GET} route[39m[38;5;3m +0ms[39m
[32m[Nest] 2104  - [39m09/06/2026, 10:33:57 pm [32m    LOG[39m [38;5;3m[RouterExplorer] [39m[32mMapped {/api/v1/notebook/documents/:id/preview, GET} route[39m[38;5;3m +0ms[39m
[32m[Nest] 2104  - [39m09/06/2026, 10:33:57 pm [32m    LOG[39m [38;5;3m[RouterExplorer] [39m[32mMapped {/api/v1/notebook/documents/:id/file, GET} route[39m[38;5;3m +1ms[39m
[32m[Nest] 2104  - [39m09/06/2026, 10:33:57 pm [32m    LOG[39m [38;5;3m[RouterExplorer] [39m[32mMapped {/api/v1/notebook/documents/:id/chunks, GET} route[39m[38;5;3m +0ms[39m
[32m[Nest] 2104  - [39m09/06/2026, 10:33:57 pm [32m    LOG[39m [38;5;3m[RouterExplorer] [39m[32mMapped {/api/v1/notebook/documents/:id/chat-history, GET} route[39m[38;5;3m +0ms[39m
[32m[Nest] 2104  - [39m09/06/2026, 10:33:57 pm [32m    LOG[39m [38;5;3m[RouterExplorer] [39m[32mMapped {/api/v1/notebook/documents/:id/reprocess, POST} route[39m[38;5;3m +0ms[39m
[32m[Nest] 2104  - [39m09/06/2026, 10:33:57 pm [32m    LOG[39m [38;5;3m[RouterExplorer] [39m[32mMapped {/api/v1/notebook/documents/:id/extraction, GET} route[39m[38;5;3m +1ms[39m
[32m[Nest] 2104  - [39m09/06/2026, 10:33:57 pm [32m    LOG[39m [38;5;3m[RouterExplorer] [39m[32mMapped {/api/v1/notebook/documents/:id/extraction, POST} route[39m[38;5;3m +0ms[39m
[32m[Nest] 2104  - [39m09/06/2026, 10:33:57 pm [32m    LOG[39m [38;5;3m[RouterExplorer] [39m[32mMapped {/api/v1/notebook/documents/:id/study-forge/generate, POST} route[39m[38;5;3m +0ms[39m
[32m[Nest] 2104  - [39m09/06/2026, 10:33:57 pm [32m    LOG[39m [38;5;3m[RouterExplorer] [39m[32mMapped {/api/v1/notebook/documents/:id/study-forge/flashcards/:cardId/rate, POST} route[39m[38;5;3m +1ms[39m
[32m[Nest] 2104  - [39m09/06/2026, 10:33:57 pm [32m    LOG[39m [38;5;3m[RouterExplorer] [39m[32mMapped {/api/v1/notebook/documents/:id/study-forge/quiz-attempt, POST} route[39m[38;5;3m +0ms[39m
[32m[Nest] 2104  - [39m09/06/2026, 10:33:57 pm [32m    LOG[39m [38;5;3m[RouterExplorer] [39m[32mMapped {/api/v1/notebook/graph, GET} route[39m[38;5;3m +0ms[39m
[32m[Nest] 2104  - [39m09/06/2026, 10:33:57 pm [32m    LOG[39m [38;5;3m[RouterExplorer] [39m[32mMapped {/api/v1/notebook/search, GET} route[39m[38;5;3m +0ms[39m
[32m[Nest] 2104  - [39m09/06/2026, 10:33:57 pm [32m    LOG[39m [38;5;3m[RouterExplorer] [39m[32mMapped {/api/v1/notebook/documents/:id, DELETE} route[39m[38;5;3m +1ms[39m
[32m[Nest] 2104  - [39m09/06/2026, 10:33:57 pm [32m    LOG[39m [38;5;3m[RouterExplorer] [39m[32mMapped {/api/v1/notebook/upload, POST} route[39m[38;5;3m +0ms[39m
[32m[Nest] 2104  - [39m09/06/2026, 10:33:57 pm [32m    LOG[39m [38;5;3m[RouterExplorer] [39m[32mMapped {/api/v1/notebook/chat, POST} route[39m[38;5;3m +1ms[39m
[32m[Nest] 2104  - [39m09/06/2026, 10:33:57 pm [32m    LOG[39m [38;5;3m[RoutesResolver] [39m[32mResearchController {/api/v1/research}:[39m[38;5;3m +0ms[39m
[32m[Nest] 2104  - [39m09/06/2026, 10:33:57 pm [32m    LOG[39m [38;5;3m[RouterExplorer] [39m[32mMapped {/api/v1/research/query, POST} route[39m[38;5;3m +0ms[39m
[32m[Nest] 2104  - [39m09/06/2026, 10:33:57 pm [32m    LOG[39m [38;5;3m[RouterExplorer] [39m[32mMapped {/api/v1/research/query/all, GET} route[39m[38;5;3m +0ms[39m
[32m[Nest] 2104  - [39m09/06/2026, 10:33:57 pm [32m    LOG[39m [38;5;3m[RouterExplorer] [39m[32mMapped {/api/v1/research/query/:id, GET} route[39m[38;5;3m +1ms[39m
[32m[Nest] 2104  - [39m09/06/2026, 10:33:57 pm [32m    LOG[39m [38;5;3m[RouterExplorer] [39m[32mMapped {/api/v1/research/report, POST} route[39m[38;5;3m +0ms[39m
[32m[Nest] 2104  - [39m09/06/2026, 10:33:57 pm [32m    LOG[39m [38;5;3m[RouterExplorer] [39m[32mMapped {/api/v1/research/report/:id, GET} route[39m[38;5;3m +0ms[39m
[32m[Nest] 2104  - [39m09/06/2026, 10:33:57 pm [32m    LOG[39m [38;5;3m[RouterExplorer] [39m[32mMapped {/api/v1/research/report/:id, PUT} route[39m[38;5;3m +1ms[39m
[32m[Nest] 2104  - [39m09/06/2026, 10:33:57 pm [32m    LOG[39m [38;5;3m[RouterExplorer] [39m[32mMapped {/api/v1/research/report/:id, DELETE} route[39m[38;5;3m +0ms[39m
[32m[Nest] 2104  - [39m09/06/2026, 10:33:57 pm [32m    LOG[39m [38;5;3m[RouterExplorer] [39m[32mMapped {/api/v1/research/note, POST} route[39m[38;5;3m +0ms[39m
[32m[Nest] 2104  - [39m09/06/2026, 10:33:57 pm [32m    LOG[39m [38;5;3m[RouterExplorer] [39m[32mMapped {/api/v1/research/note/:id, GET} route[39m[38;5;3m +0ms[39m
[32m[Nest] 2104  - [39m09/06/2026, 10:33:57 pm [32m    LOG[39m [38;5;3m[RouterExplorer] [39m[32mMapped {/api/v1/research/note/:id, PUT} route[39m[38;5;3m +1ms[39m
[32m[Nest] 2104  - [39m09/06/2026, 10:33:57 pm [32m    LOG[39m [38;5;3m[RouterExplorer] [39m[32mMapped {/api/v1/research/note/:id, DELETE} route[39m[38;5;3m +0ms[39m
[32m[Nest] 2104  - [39m09/06/2026, 10:33:57 pm [32m    LOG[39m [38;5;3m[RouterExplorer] [39m[32mMapped {/api/v1/research/source, POST} route[39m[38;5;3m +0ms[39m
[32m[Nest] 2104  - [39m09/06/2026, 10:33:57 pm [32m    LOG[39m [38;5;3m[RouterExplorer] [39m[32mMapped {/api/v1/research/source/:id, GET} route[39m[38;5;3m +1ms[39m
[32m[Nest] 2104  - [39m09/06/2026, 10:33:57 pm [32m    LOG[39m [38;5;3m[RouterExplorer] [39m[32mMapped {/api/v1/research/source/:id, DELETE} route[39m[38;5;3m +0ms[39m
[32m[Nest] 2104  - [39m09/06/2026, 10:33:57 pm [32m    LOG[39m [38;5;3m[RouterExplorer] [39m[32mMapped {/api/v1/research/save, POST} route[39m[38;5;3m +0ms[39m
[32m[Nest] 2104  - [39m09/06/2026, 10:33:57 pm [32m    LOG[39m [38;5;3m[RouterExplorer] [39m[32mMapped {/api/v1/research/save/all, GET} route[39m[38;5;3m +0ms[39m
[32m[Nest] 2104  - [39m09/06/2026, 10:33:57 pm [32m    LOG[39m [38;5;3m[RouterExplorer] [39m[32mMapped {/api/v1/research/save/:id, DELETE} route[39m[38;5;3m +1ms[39m
[32m[Nest] 2104  - [39m09/06/2026, 10:33:57 pm [32m    LOG[39m [38;5;3m[RouterExplorer] [39m[32mMapped {/api/v1/research/asset, POST} route[39m[38;5;3m +0ms[39m
[32m[Nest] 2104  - [39m09/06/2026, 10:33:57 pm [32m    LOG[39m [38;5;3m[RouterExplorer] [39m[32mMapped {/api/v1/research/upload, POST} route[39m[38;5;3m +0ms[39m
[32m[Nest] 2104  - [39m09/06/2026, 10:33:57 pm [32m    LOG[39m [38;5;3m[RouterExplorer] [39m[32mMapped {/api/v1/research/documents/:queryId, GET} route[39m[38;5;3m +0ms[39m
[32m[Nest] 2104  - [39m09/06/2026, 10:33:57 pm [32m    LOG[39m [38;5;3m[RouterExplorer] [39m[32mMapped {/api/v1/research/generate, POST} route[39m[38;5;3m +1ms[39m
[32m[Nest] 2104  - [39m09/06/2026, 10:33:57 pm [32m    LOG[39m [38;5;3m[RouterExplorer] [39m[32mMapped {/api/v1/research/challenge, POST} route[39m[38;5;3m +0ms[39m
[32m[Nest] 2104  - [39m09/06/2026, 10:33:57 pm [32m    LOG[39m [38;5;3m[RoutesResolver] [39m[32mIngestionController {/api/v1/ingestion}:[39m[38;5;3m +0ms[39m
[32m[Nest] 2104  - [39m09/06/2026, 10:33:57 pm [32m    LOG[39m [38;5;3m[RouterExplorer] [39m[32mMapped {/api/v1/ingestion/status, GET} route[39m[38;5;3m +0ms[39m
[32m[Nest] 2104  - [39m09/06/2026, 10:33:57 pm [32m    LOG[39m [38;5;3m[RouterExplorer] [39m[32mMapped {/api/v1/ingestion/init-collections, POST} route[39m[38;5;3m +1ms[39m
[32m[Nest] 2104  - [39m09/06/2026, 10:33:57 pm [32m    LOG[39m [38;5;3m[RouterExplorer] [39m[32mMapped {/api/v1/ingestion/ingest, POST} route[39m[38;5;3m +0ms[39m
[32m[Nest] 2104  - [39m09/06/2026, 10:33:57 pm [32m    LOG[39m [38;5;3m[RouterExplorer] [39m[32mMapped {/api/v1/ingestion/ingest-text, POST} route[39m[38;5;3m +0ms[39m
[32m[Nest] 2104  - [39m09/06/2026, 10:33:57 pm [32m    LOG[39m [38;5;3m[RouterExplorer] [39m[32mMapped {/api/v1/ingestion/ingest-batch, POST} route[39m[38;5;3m +0ms[39m
[32m[Nest] 2104  - [39m09/06/2026, 10:33:57 pm [32m    LOG[39m [38;5;3m[RoutesResolver] [39m[32mExamController {/api/v1/exam}:[39m[38;5;3m +1ms[39m
[32m[Nest] 2104  - [39m09/06/2026, 10:33:57 pm [32m    LOG[39m [38;5;3m[RouterExplorer] [39m[32mMapped {/api/v1/exam, POST} route[39m[38;5;3m +0ms[39m
[32m[Nest] 2104  - [39m09/06/2026, 10:33:57 pm [32m    LOG[39m [38;5;3m[RouterExplorer] [39m[32mMapped {/api/v1/exam, GET} route[39m[38;5;3m +0ms[39m
[32m[Nest] 2104  - [39m09/06/2026, 10:33:57 pm [32m    LOG[39m [38;5;3m[RouterExplorer] [39m[32mMapped {/api/v1/exam/:id, GET} route[39m[38;5;3m +1ms[39m
[32m[Nest] 2104  - [39m09/06/2026, 10:33:57 pm [32m    LOG[39m [38;5;3m[RouterExplorer] [39m[32mMapped {/api/v1/exam/:id/mock, POST} route[39m[38;5;3m +0ms[39m
[32m[Nest] 2104  - [39m09/06/2026, 10:33:57 pm [32m    LOG[39m [38;5;3m[RouterExplorer] [39m[32mMapped {/api/v1/exam/assistant, POST} route[39m[38;5;3m +0ms[39m
[32m[Nest] 2104  - [39m09/06/2026, 10:33:57 pm [32m    LOG[39m [38;5;3m[RouterExplorer] [39m[32mMapped {/api/v1/exam/dashboard/recommendations, GET} route[39m[38;5;3m +0ms[39m
[32m[Nest] 2104  - [39m09/06/2026, 10:33:57 pm [32m    LOG[39m [38;5;3m[RouterExplorer] [39m[32mMapped {/api/v1/exam/doubt-solve, POST} route[39m[38;5;3m +1ms[39m
[32m[Nest] 2104  - [39m09/06/2026, 10:33:57 pm [32m    LOG[39m [38;5;3m[RouterExplorer] [39m[32mMapped {/api/v1/exam/oauth-tokens, POST} route[39m[38;5;3m +0ms[39m
[32m[Nest] 2104  - [39m09/06/2026, 10:33:57 pm [32m    LOG[39m [38;5;3m[RouterExplorer] [39m[32mMapped {/api/v1/exam/dashboard/notifications, GET} route[39m[38;5;3m +0ms[39m
[32m[Nest] 2104  - [39m09/06/2026, 10:33:57 pm [32m    LOG[39m [38;5;3m[RouterExplorer] [39m[32mMapped {/api/v1/exam/dashboard/notifications/read, POST} route[39m[38;5;3m +1ms[39m
[32m[Nest] 2104  - [39m09/06/2026, 10:33:57 pm [32m    LOG[39m [38;5;3m[RouterExplorer] [39m[32mMapped {/api/v1/exam/calendar/events, GET} route[39m[38;5;3m +0ms[39m
[32m[Nest] 2104  - [39m09/06/2026, 10:33:57 pm [32m    LOG[39m [38;5;3m[RouterExplorer] [39m[32mMapped {/api/v1/exam/calendar/events, POST} route[39m[38;5;3m +0ms[39m
[32m[Nest] 2104  - [39m09/06/2026, 10:33:57 pm [32m    LOG[39m [38;5;3m[RoutesResolver] [39m[32mFounderSecurityController {/api/v1/founder-security}:[39m[38;5;3m +0ms[39m
[32m[Nest] 2104  - [39m09/06/2026, 10:33:57 pm [32m    LOG[39m [38;5;3m[RouterExplorer] [39m[32mMapped {/api/v1/founder-security/settings, GET} route[39m[38;5;3m +1ms[39m
[32m[Nest] 2104  - [39m09/06/2026, 10:33:57 pm [32m    LOG[39m [38;5;3m[RouterExplorer] [39m[32mMapped {/api/v1/founder-security/settings, PUT} route[39m[38;5;3m +0ms[39m
[32m[Nest] 2104  - [39m09/06/2026, 10:33:57 pm [32m    LOG[39m [38;5;3m[RouterExplorer] [39m[32mMapped {/api/v1/founder-security/events, GET} route[39m[38;5;3m +0ms[39m
[32m[Nest] 2104  - [39m09/06/2026, 10:33:57 pm [32m    LOG[39m [38;5;3m[RouterExplorer] [39m[32mMapped {/api/v1/founder-security/events, POST} route[39m[38;5;3m +0ms[39m
[32m[Nest] 2104  - [39m09/06/2026, 10:33:57 pm [32m    LOG[39m [38;5;3m[RouterExplorer] [39m[32mMapped {/api/v1/founder-security/clear-locks, GET} route[39m[38;5;3m +1ms[39m
[32m[Nest] 2104  - [39m09/06/2026, 10:33:57 pm [32m    LOG[39m [38;5;3m[RouterExplorer] [39m[32mMapped {/api/v1/founder-security/admin-login, POST} route[39m[38;5;3m +0ms[39m
[32m[Nest] 2104  - [39m09/06/2026, 10:33:57 pm [32m    LOG[39m [38;5;3m[RouterExplorer] [39m[32mMapped {/api/v1/founder-security/verify-question, POST} route[39m[38;5;3m +0ms[39m
[32m[Nest] 2104  - [39m09/06/2026, 10:33:57 pm [32m    LOG[39m [38;5;3m[RouterExplorer] [39m[32mMapped {/api/v1/founder-security/login-approve, GET} route[39m[38;5;3m +1ms[39m
[32m[Nest] 2104  - [39m09/06/2026, 10:33:57 pm [32m    LOG[39m [38;5;3m[RouterExplorer] [39m[32mMapped {/api/v1/founder-security/login-reject, GET} route[39m[38;5;3m +0ms[39m
[32m[Nest] 2104  - [39m09/06/2026, 10:33:57 pm [32m    LOG[39m [38;5;3m[RouterExplorer] [39m[32mMapped {/api/v1/founder-security/login-status, GET} route[39m[38;5;3m +0ms[39m
[32m[Nest] 2104  - [39m09/06/2026, 10:33:57 pm [32m    LOG[39m [38;5;3m[RoutesResolver] [39m[32mSecurityTestController {/api/v1/api/security}:[39m[38;5;3m +0ms[39m
[32m[Nest] 2104  - [39m09/06/2026, 10:33:57 pm [32m    LOG[39m [38;5;3m[RouterExplorer] [39m[32mMapped {/api/security/test-email, GET} route[39m[38;5;3m +1ms[39m
[32m[Nest] 2104  - [39m09/06/2026, 10:33:57 pm [32m    LOG[39m [38;5;3m[RouterExplorer] [39m[32mMapped {/api/security/test-email, POST} route[39m[38;5;3m +0ms[39m
[32m[Nest] 2104  - [39m09/06/2026, 10:33:57 pm [32m    LOG[39m [38;5;3m[QdrantService] [39m[32mInitializing Qdrant client with URL: https://dd284eb5-9c7e-4f0e-92fd-815f87684ce0.us-west-1-0.aws.cloud.qdrant.io[39m
[32m[Nest] 2104  - [39m09/06/2026, 10:33:57 pm [32m    LOG[39m [38;5;3m[QdrantService] [39m[32mTesting Qdrant connection...[39m
[32m[Nest] 2104  - [39m09/06/2026, 10:33:57 pm [32m    LOG[39m [38;5;3m[BgeM3Provider] [39m[32mInitializing BGE-M3 provider → http://localhost:8100[39m
[32m[Nest] 2104  - [39m09/06/2026, 10:33:57 pm [32m    LOG[39m [38;5;3m[NestApplication] [39m[32mNest application successfully started[39m[38;5;3m +9ms[39m
[LEGATRIXON SERVER] NestJS Engine running on: http://localhost:4000/api/v1
[33m[Nest] 2104  - [39m09/06/2026, 10:33:58 pm [33m   WARN[39m [38;5;3m[BgeM3Provider] [39m[33mBGE-M3 sidecar unreachable at http://localhost:8100: . Embeddings will fail until the sidecar is started.[39m
[33m[Nest] 2104  - [39m09/06/2026, 10:34:08 pm [33m   WARN[39m [38;5;3m[QdrantService] [39m[33mCould not connect to Qdrant at https://dd284eb5-9c7e-4f0e-92fd-815f87684ce0.us-west-1-0.aws.cloud.qdrant.io. Vector search features will be unavailable until Qdrant is running. Error: fetch failed[39m
[33m[Nest] 2104  - [39m09/06/2026, 10:34:31 pm [33m   WARN[39m [38;5;3m[LexMentorAiService] [39m[33mDeepSeek failed for LexMentor. Trying Gemini fallback. Reason: 402 Insufficient Balance[39m
[2J[3J[H[[90m10:35:53 pm[0m] File change detected. Starting incremental compilation...

[[90m10:35:53 pm[0m] Found 0 errors. Watching for file changes.

[32m[Nest] 1152  - [39m09/06/2026, 10:35:55 pm [32m    LOG[39m [38;5;3m[NestFactory] [39m[32mStarting Nest application...[39m
[32m[Nest] 1152  - [39m09/06/2026, 10:35:55 pm [32m    LOG[39m [38;5;3m[InstanceLoader] [39m[32mAppModule dependencies initialized[39m[38;5;3m +29ms[39m
[32m[Nest] 1152  - [39m09/06/2026, 10:35:55 pm [32m    LOG[39m [38;5;3m[InstanceLoader] [39m[32mTypeOrmModule dependencies initialized[39m[38;5;3m +1ms[39m
[32m[Nest] 1152  - [39m09/06/2026, 10:35:55 pm [32m    LOG[39m [38;5;3m[InstanceLoader] [39m[32mLegalDomainModule dependencies initialized[39m[38;5;3m +0ms[39m
[32m[Nest] 1152  - [39m09/06/2026, 10:35:55 pm [32m    LOG[39m [38;5;3m[InstanceLoader] [39m[32mRetrievalModule dependencies initialized[39m[38;5;3m +1ms[39m
[32m[Nest] 1152  - [39m09/06/2026, 10:35:55 pm [32m    LOG[39m [38;5;3m[InstanceLoader] [39m[32mJudgmentModule dependencies initialized[39m[38;5;3m +1ms[39m
[32m[Nest] 1152  - [39m09/06/2026, 10:35:55 pm [32m    LOG[39m [38;5;3m[InstanceLoader] [39m[32mContractModule dependencies initialized[39m[38;5;3m +0ms[39m
[32m[Nest] 1152  - [39m09/06/2026, 10:35:55 pm [32m    LOG[39m [38;5;3m[InstanceLoader] [39m[32mChatModule dependencies initialized[39m[38;5;3m +0ms[39m
[32m[Nest] 1152  - [39m09/06/2026, 10:35:55 pm [32m    LOG[39m [38;5;3m[InstanceLoader] [39m[32mIngestionModule dependencies initialized[39m[38;5;3m +1ms[39m
[32m[Nest] 1152  - [39m09/06/2026, 10:35:55 pm [32m    LOG[39m [38;5;3m[InstanceLoader] [39m[32mTypeOrmCoreModule dependencies initialized[39m[38;5;3m +63ms[39m
[32m[Nest] 1152  - [39m09/06/2026, 10:35:55 pm [32m    LOG[39m [38;5;3m[InstanceLoader] [39m[32mTypeOrmModule dependencies initialized[39m[38;5;3m +1ms[39m
[32m[Nest] 1152  - [39m09/06/2026, 10:35:55 pm [32m    LOG[39m [38;5;3m[InstanceLoader] [39m[32mTypeOrmModule dependencies initialized[39m[38;5;3m +0ms[39m
[32m[Nest] 1152  - [39m09/06/2026, 10:35:55 pm [32m    LOG[39m [38;5;3m[InstanceLoader] [39m[32mTypeOrmModule dependencies initialized[39m[38;5;3m +1ms[39m
[32m[Nest] 1152  - [39m09/06/2026, 10:35:55 pm [32m    LOG[39m [38;5;3m[InstanceLoader] [39m[32mTypeOrmModule dependencies initialized[39m[38;5;3m +0ms[39m
[32m[Nest] 1152  - [39m09/06/2026, 10:35:55 pm [32m    LOG[39m [38;5;3m[InstanceLoader] [39m[32mFounderSecurityModule dependencies initialized[39m[38;5;3m +2ms[39m
[32m[Nest] 1152  - [39m09/06/2026, 10:35:55 pm [32m    LOG[39m [38;5;3m[InstanceLoader] [39m[32mResearchModule dependencies initialized[39m[38;5;3m +1ms[39m
[32m[Nest] 1152  - [39m09/06/2026, 10:35:55 pm [32m    LOG[39m [38;5;3m[InstanceLoader] [39m[32mNotebookModule dependencies initialized[39m[38;5;3m +0ms[39m
[32m[Nest] 1152  - [39m09/06/2026, 10:35:55 pm [32m    LOG[39m [38;5;3m[InstanceLoader] [39m[32mExamModule dependencies initialized[39m[38;5;3m +1ms[39m
[32m[Nest] 1152  - [39m09/06/2026, 10:35:55 pm [32m    LOG[39m [38;5;3m[RoutesResolver] [39m[32mJudgmentController {/api/v1/judgments}:[39m[38;5;3m +49ms[39m
[32m[Nest] 1152  - [39m09/06/2026, 10:35:55 pm [32m    LOG[39m [38;5;3m[RouterExplorer] [39m[32mMapped {/api/v1/judgments/upload, POST} route[39m[38;5;3m +2ms[39m
[32m[Nest] 1152  - [39m09/06/2026, 10:35:55 pm [32m    LOG[39m [38;5;3m[RouterExplorer] [39m[32mMapped {/api/v1/judgments/:id/structure, GET} route[39m[38;5;3m +2ms[39m
[32m[Nest] 1152  - [39m09/06/2026, 10:35:55 pm [32m    LOG[39m [38;5;3m[RouterExplorer] [39m[32mMapped {/api/v1/judgments/:id/explain, POST} route[39m[38;5;3m +1ms[39m
[32m[Nest] 1152  - [39m09/06/2026, 10:35:55 pm [32m    LOG[39m [38;5;3m[RoutesResolver] [39m[32mChatController {/api/v1/chat}:[39m[38;5;3m +1ms[39m
[32m[Nest] 1152  - [39m09/06/2026, 10:35:55 pm [32m    LOG[39m [38;5;3m[RouterExplorer] [39m[32mMapped {/api/v1/chat/message, POST} route[39m[38;5;3m +0ms[39m
[32m[Nest] 1152  - [39m09/06/2026, 10:35:55 pm [32m    LOG[39m [38;5;3m[RouterExplorer] [39m[32mMapped {/api/v1/chat/history/:sessionId, GET} route[39m[38;5;3m +1ms[39m
[32m[Nest] 1152  - [39m09/06/2026, 10:35:55 pm [32m    LOG[39m [38;5;3m[RouterExplorer] [39m[32mMapped {/api/v1/chat/history/:sessionId, DELETE} route[39m[38;5;3m +1ms[39m
[32m[Nest] 1152  - [39m09/06/2026, 10:35:55 pm [32m    LOG[39m [38;5;3m[RouterExplorer] [39m[32mMapped {/api/v1/chat/search, POST} route[39m[38;5;3m +0ms[39m
[32m[Nest] 1152  - [39m09/06/2026, 10:35:55 pm [32m    LOG[39m [38;5;3m[RouterExplorer] [39m[32mMapped {/api/v1/chat/citations/:messageId, GET} route[39m[38;5;3m +1ms[39m
[32m[Nest] 1152  - [39m09/06/2026, 10:35:55 pm [32m    LOG[39m [38;5;3m[RoutesResolver] [39m[32mContractController {/api/v1/contracts}:[39m[38;5;3m +0ms[39m
[32m[Nest] 1152  - [39m09/06/2026, 10:35:55 pm [32m    LOG[39m [38;5;3m[RouterExplorer] [39m[32mMapped {/api/v1/contracts/review, POST} route[39m[38;5;3m +1ms[39m
[32m[Nest] 1152  - [39m09/06/2026, 10:35:55 pm [32m    LOG[39m [38;5;3m[RouterExplorer] [39m[32mMapped {/api/v1/contracts/:id/risks, GET} route[39m[38;5;3m +1ms[39m
[32m[Nest] 1152  - [39m09/06/2026, 10:35:55 pm [32m    LOG[39m [38;5;3m[RouterExplorer] [39m[32mMapped {/api/v1/contracts/:id/clauses, POST} route[39m[38;5;3m +1ms[39m
[32m[Nest] 1152  - [39m09/06/2026, 10:35:55 pm [32m    LOG[39m [38;5;3m[RoutesResolver] [39m[32mNotebookController {/api/v1/notebook}:[39m[38;5;3m +0ms[39m
[32m[Nest] 1152  - [39m09/06/2026, 10:35:55 pm [32m    LOG[39m [38;5;3m[RouterExplorer] [39m[32mMapped {/api/v1/notebook/documents, GET} route[39m[38;5;3m +1ms[39m
[32m[Nest] 1152  - [39m09/06/2026, 10:35:55 pm [32m    LOG[39m [38;5;3m[RouterExplorer] [39m[32mMapped {/api/v1/notebook/documents/:id, GET} route[39m[38;5;3m +0ms[39m
[32m[Nest] 1152  - [39m09/06/2026, 10:35:55 pm [32m    LOG[39m [38;5;3m[RouterExplorer] [39m[32mMapped {/api/v1/notebook/documents/:id/preview, GET} route[39m[38;5;3m +0ms[39m
[32m[Nest] 1152  - [39m09/06/2026, 10:35:55 pm [32m    LOG[39m [38;5;3m[RouterExplorer] [39m[32mMapped {/api/v1/notebook/documents/:id/file, GET} route[39m[38;5;3m +1ms[39m
[32m[Nest] 1152  - [39m09/06/2026, 10:35:55 pm [32m    LOG[39m [38;5;3m[RouterExplorer] [39m[32mMapped {/api/v1/notebook/documents/:id/chunks, GET} route[39m[38;5;3m +0ms[39m
[32m[Nest] 1152  - [39m09/06/2026, 10:35:55 pm [32m    LOG[39m [38;5;3m[RouterExplorer] [39m[32mMapped {/api/v1/notebook/documents/:id/chat-history, GET} route[39m[38;5;3m +0ms[39m
[32m[Nest] 1152  - [39m09/06/2026, 10:35:55 pm [32m    LOG[39m [38;5;3m[RouterExplorer] [39m[32mMapped {/api/v1/notebook/documents/:id/reprocess, POST} route[39m[38;5;3m +1ms[39m
[32m[Nest] 1152  - [39m09/06/2026, 10:35:55 pm [32m    LOG[39m [38;5;3m[RouterExplorer] [39m[32mMapped {/api/v1/notebook/documents/:id/extraction, GET} route[39m[38;5;3m +0ms[39m
[32m[Nest] 1152  - [39m09/06/2026, 10:35:55 pm [32m    LOG[39m [38;5;3m[RouterExplorer] [39m[32mMapped {/api/v1/notebook/documents/:id/extraction, POST} route[39m[38;5;3m +1ms[39m
[32m[Nest] 1152  - [39m09/06/2026, 10:35:55 pm [32m    LOG[39m [38;5;3m[RouterExplorer] [39m[32mMapped {/api/v1/notebook/documents/:id/study-forge/generate, POST} route[39m[38;5;3m +0ms[39m
[32m[Nest] 1152  - [39m09/06/2026, 10:35:55 pm [32m    LOG[39m [38;5;3m[RouterExplorer] [39m[32mMapped {/api/v1/notebook/documents/:id/study-forge/flashcards/:cardId/rate, POST} route[39m[38;5;3m +0ms[39m
[32m[Nest] 1152  - [39m09/06/2026, 10:35:55 pm [32m    LOG[39m [38;5;3m[RouterExplorer] [39m[32mMapped {/api/v1/notebook/documents/:id/study-forge/quiz-attempt, POST} route[39m[38;5;3m +1ms[39m
[32m[Nest] 1152  - [39m09/06/2026, 10:35:55 pm [32m    LOG[39m [38;5;3m[RouterExplorer] [39m[32mMapped {/api/v1/notebook/graph, GET} route[39m[38;5;3m +0ms[39m
[32m[Nest] 1152  - [39m09/06/2026, 10:35:55 pm [32m    LOG[39m [38;5;3m[RouterExplorer] [39m[32mMapped {/api/v1/notebook/search, GET} route[39m[38;5;3m +0ms[39m
[32m[Nest] 1152  - [39m09/06/2026, 10:35:55 pm [32m    LOG[39m [38;5;3m[RouterExplorer] [39m[32mMapped {/api/v1/notebook/documents/:id, DELETE} route[39m[38;5;3m +0ms[39m
[32m[Nest] 1152  - [39m09/06/2026, 10:35:55 pm [32m    LOG[39m [38;5;3m[RouterExplorer] [39m[32mMapped {/api/v1/notebook/upload, POST} route[39m[38;5;3m +0ms[39m
[32m[Nest] 1152  - [39m09/06/2026, 10:35:55 pm [32m    LOG[39m [38;5;3m[RouterExplorer] [39m[32mMapped {/api/v1/notebook/chat, POST} route[39m[38;5;3m +0ms[39m
[32m[Nest] 1152  - [39m09/06/2026, 10:35:55 pm [32m    LOG[39m [38;5;3m[RoutesResolver] [39m[32mResearchController {/api/v1/research}:[39m[38;5;3m +0ms[39m
[32m[Nest] 1152  - [39m09/06/2026, 10:35:55 pm [32m    LOG[39m [38;5;3m[RouterExplorer] [39m[32mMapped {/api/v1/research/query, POST} route[39m[38;5;3m +1ms[39m
[32m[Nest] 1152  - [39m09/06/2026, 10:35:55 pm [32m    LOG[39m [38;5;3m[RouterExplorer] [39m[32mMapped {/api/v1/research/query/all, GET} route[39m[38;5;3m +1ms[39m
[32m[Nest] 1152  - [39m09/06/2026, 10:35:55 pm [32m    LOG[39m [38;5;3m[RouterExplorer] [39m[32mMapped {/api/v1/research/query/:id, GET} route[39m[38;5;3m +0ms[39m
[32m[Nest] 1152  - [39m09/06/2026, 10:35:55 pm [32m    LOG[39m [38;5;3m[RouterExplorer] [39m[32mMapped {/api/v1/research/report, POST} route[39m[38;5;3m +1ms[39m
[32m[Nest] 1152  - [39m09/06/2026, 10:35:55 pm [32m    LOG[39m [38;5;3m[RouterExplorer] [39m[32mMapped {/api/v1/research/report/:id, GET} route[39m[38;5;3m +0ms[39m
[32m[Nest] 1152  - [39m09/06/2026, 10:35:55 pm [32m    LOG[39m [38;5;3m[RouterExplorer] [39m[32mMapped {/api/v1/research/report/:id, PUT} route[39m[38;5;3m +1ms[39m
[32m[Nest] 1152  - [39m09/06/2026, 10:35:55 pm [32m    LOG[39m [38;5;3m[RouterExplorer] [39m[32mMapped {/api/v1/research/report/:id, DELETE} route[39m[38;5;3m +0ms[39m
[32m[Nest] 1152  - [39m09/06/2026, 10:35:55 pm [32m    LOG[39m [38;5;3m[RouterExplorer] [39m[32mMapped {/api/v1/research/note, POST} route[39m[38;5;3m +0ms[39m
[32m[Nest] 1152  - [39m09/06/2026, 10:35:55 pm [32m    LOG[39m [38;5;3m[RouterExplorer] [39m[32mMapped {/api/v1/research/note/:id, GET} route[39m[38;5;3m +0ms[39m
[32m[Nest] 1152  - [39m09/06/2026, 10:35:55 pm [32m    LOG[39m [38;5;3m[RouterExplorer] [39m[32mMapped {/api/v1/research/note/:id, PUT} route[39m[38;5;3m +1ms[39m
[32m[Nest] 1152  - [39m09/06/2026, 10:35:55 pm [32m    LOG[39m [38;5;3m[RouterExplorer] [39m[32mMapped {/api/v1/research/note/:id, DELETE} route[39m[38;5;3m +1ms[39m
[32m[Nest] 1152  - [39m09/06/2026, 10:35:55 pm [32m    LOG[39m [38;5;3m[RouterExplorer] [39m[32mMapped {/api/v1/research/source, POST} route[39m[38;5;3m +0ms[39m
[32m[Nest] 1152  - [39m09/06/2026, 10:35:55 pm [32m    LOG[39m [38;5;3m[RouterExplorer] [39m[32mMapped {/api/v1/research/source/:id, GET} route[39m[38;5;3m +0ms[39m
[32m[Nest] 1152  - [39m09/06/2026, 10:35:55 pm [32m    LOG[39m [38;5;3m[RouterExplorer] [39m[32mMapped {/api/v1/research/source/:id, DELETE} route[39m[38;5;3m +1ms[39m
[32m[Nest] 1152  - [39m09/06/2026, 10:35:55 pm [32m    LOG[39m [38;5;3m[RouterExplorer] [39m[32mMapped {/api/v1/research/save, POST} route[39m[38;5;3m +0ms[39m
[32m[Nest] 1152  - [39m09/06/2026, 10:35:55 pm [32m    LOG[39m [38;5;3m[RouterExplorer] [39m[32mMapped {/api/v1/research/save/all, GET} route[39m[38;5;3m +0ms[39m
[32m[Nest] 1152  - [39m09/06/2026, 10:35:55 pm [32m    LOG[39m [38;5;3m[RouterExplorer] [39m[32mMapped {/api/v1/research/save/:id, DELETE} route[39m[38;5;3m +0ms[39m
[32m[Nest] 1152  - [39m09/06/2026, 10:35:55 pm [32m    LOG[39m [38;5;3m[RouterExplorer] [39m[32mMapped {/api/v1/research/asset, POST} route[39m[38;5;3m +1ms[39m
[32m[Nest] 1152  - [39m09/06/2026, 10:35:55 pm [32m    LOG[39m [38;5;3m[RouterExplorer] [39m[32mMapped {/api/v1/research/upload, POST} route[39m[38;5;3m +0ms[39m
[32m[Nest] 1152  - [39m09/06/2026, 10:35:55 pm [32m    LOG[39m [38;5;3m[RouterExplorer] [39m[32mMapped {/api/v1/research/documents/:queryId, GET} route[39m[38;5;3m +0ms[39m
[32m[Nest] 1152  - [39m09/06/2026, 10:35:55 pm [32m    LOG[39m [38;5;3m[RouterExplorer] [39m[32mMapped {/api/v1/research/generate, POST} route[39m[38;5;3m +0ms[39m
[32m[Nest] 1152  - [39m09/06/2026, 10:35:55 pm [32m    LOG[39m [38;5;3m[RouterExplorer] [39m[32mMapped {/api/v1/research/challenge, POST} route[39m[38;5;3m +1ms[39m
[32m[Nest] 1152  - [39m09/06/2026, 10:35:55 pm [32m    LOG[39m [38;5;3m[RoutesResolver] [39m[32mIngestionController {/api/v1/ingestion}:[39m[38;5;3m +0ms[39m
[32m[Nest] 1152  - [39m09/06/2026, 10:35:55 pm [32m    LOG[39m [38;5;3m[RouterExplorer] [39m[32mMapped {/api/v1/ingestion/status, GET} route[39m[38;5;3m +0ms[39m
[32m[Nest] 1152  - [39m09/06/2026, 10:35:55 pm [32m    LOG[39m [38;5;3m[RouterExplorer] [39m[32mMapped {/api/v1/ingestion/init-collections, POST} route[39m[38;5;3m +0ms[39m
[32m[Nest] 1152  - [39m09/06/2026, 10:35:55 pm [32m    LOG[39m [38;5;3m[RouterExplorer] [39m[32mMapped {/api/v1/ingestion/ingest, POST} route[39m[38;5;3m +1ms[39m
[32m[Nest] 1152  - [39m09/06/2026, 10:35:55 pm [32m    LOG[39m [38;5;3m[RouterExplorer] [39m[32mMapped {/api/v1/ingestion/ingest-text, POST} route[39m[38;5;3m +0ms[39m
[32m[Nest] 1152  - [39m09/06/2026, 10:35:55 pm [32m    LOG[39m [38;5;3m[RouterExplorer] [39m[32mMapped {/api/v1/ingestion/ingest-batch, POST} route[39m[38;5;3m +0ms[39m
[32m[Nest] 1152  - [39m09/06/2026, 10:35:55 pm [32m    LOG[39m [38;5;3m[RoutesResolver] [39m[32mExamController {/api/v1/exam}:[39m[38;5;3m +0ms[39m
[32m[Nest] 1152  - [39m09/06/2026, 10:35:55 pm [32m    LOG[39m [38;5;3m[RouterExplorer] [39m[32mMapped {/api/v1/exam, POST} route[39m[38;5;3m +1ms[39m
[32m[Nest] 1152  - [39m09/06/2026, 10:35:55 pm [32m    LOG[39m [38;5;3m[RouterExplorer] [39m[32mMapped {/api/v1/exam, GET} route[39m[38;5;3m +0ms[39m
[32m[Nest] 1152  - [39m09/06/2026, 10:35:55 pm [32m    LOG[39m [38;5;3m[RouterExplorer] [39m[32mMapped {/api/v1/exam/:id, GET} route[39m[38;5;3m +0ms[39m
[32m[Nest] 1152  - [39m09/06/2026, 10:35:55 pm [32m    LOG[39m [38;5;3m[RouterExplorer] [39m[32mMapped {/api/v1/exam/:id/mock, POST} route[39m[38;5;3m +0ms[39m
[32m[Nest] 1152  - [39m09/06/2026, 10:35:55 pm [32m    LOG[39m [38;5;3m[RouterExplorer] [39m[32mMapped {/api/v1/exam/assistant, POST} route[39m[38;5;3m +0ms[39m
[32m[Nest] 1152  - [39m09/06/2026, 10:35:55 pm [32m    LOG[39m [38;5;3m[RouterExplorer] [39m[32mMapped {/api/v1/exam/dashboard/recommendations, GET} route[39m[38;5;3m +0ms[39m
[32m[Nest] 1152  - [39m09/06/2026, 10:35:55 pm [32m    LOG[39m [38;5;3m[RouterExplorer] [39m[32mMapped {/api/v1/exam/doubt-solve, POST} route[39m[38;5;3m +0ms[39m
[32m[Nest] 1152  - [39m09/06/2026, 10:35:55 pm [32m    LOG[39m [38;5;3m[RouterExplorer] [39m[32mMapped {/api/v1/exam/oauth-tokens, POST} route[39m[38;5;3m +0ms[39m
[32m[Nest] 1152  - [39m09/06/2026, 10:35:55 pm [32m    LOG[39m [38;5;3m[RouterExplorer] [39m[32mMapped {/api/v1/exam/dashboard/notifications, GET} route[39m[38;5;3m +0ms[39m
[32m[Nest] 1152  - [39m09/06/2026, 10:35:55 pm [32m    LOG[39m [38;5;3m[RouterExplorer] [39m[32mMapped {/api/v1/exam/dashboard/notifications/read, POST} route[39m[38;5;3m +1ms[39m
[32m[Nest] 1152  - [39m09/06/2026, 10:35:55 pm [32m    LOG[39m [38;5;3m[RouterExplorer] [39m[32mMapped {/api/v1/exam/calendar/events, GET} route[39m[38;5;3m +0ms[39m
[32m[Nest] 1152  - [39m09/06/2026, 10:35:55 pm [32m    LOG[39m [38;5;3m[RouterExplorer] [39m[32mMapped {/api/v1/exam/calendar/events, POST} route[39m[38;5;3m +1ms[39m
[32m[Nest] 1152  - [39m09/06/2026, 10:35:55 pm [32m    LOG[39m [38;5;3m[RoutesResolver] [39m[32mFounderSecurityController {/api/v1/founder-security}:[39m[38;5;3m +0ms[39m
[32m[Nest] 1152  - [39m09/06/2026, 10:35:55 pm [32m    LOG[39m [38;5;3m[RouterExplorer] [39m[32mMapped {/api/v1/founder-security/settings, GET} route[39m[38;5;3m +0ms[39m
[32m[Nest] 1152  - [39m09/06/2026, 10:35:55 pm [32m    LOG[39m [38;5;3m[RouterExplorer] [39m[32mMapped {/api/v1/founder-security/settings, PUT} route[39m[38;5;3m +1ms[39m
[32m[Nest] 1152  - [39m09/06/2026, 10:35:55 pm [32m    LOG[39m [38;5;3m[RouterExplorer] [39m[32mMapped {/api/v1/founder-security/events, GET} route[39m[38;5;3m +0ms[39m
[32m[Nest] 1152  - [39m09/06/2026, 10:35:55 pm [32m    LOG[39m [38;5;3m[RouterExplorer] [39m[32mMapped {/api/v1/founder-security/events, POST} route[39m[38;5;3m +0ms[39m
[32m[Nest] 1152  - [39m09/06/2026, 10:35:55 pm [32m    LOG[39m [38;5;3m[RouterExplorer] [39m[32mMapped {/api/v1/founder-security/clear-locks, GET} route[39m[38;5;3m +1ms[39m
[32m[Nest] 1152  - [39m09/06/2026, 10:35:55 pm [32m    LOG[39m [38;5;3m[RouterExplorer] [39m[32mMapped {/api/v1/founder-security/admin-login, POST} route[39m[38;5;3m +0ms[39m
[32m[Nest] 1152  - [39m09/06/2026, 10:35:55 pm [32m    LOG[39m [38;5;3m[RouterExplorer] [39m[32mMapped {/api/v1/founder-security/verify-question, POST} route[39m[38;5;3m +0ms[39m
[32m[Nest] 1152  - [39m09/06/2026, 10:35:55 pm [32m    LOG[39m [38;5;3m[RouterExplorer] [39m[32mMapped {/api/v1/founder-security/login-approve, GET} route[39m[38;5;3m +0ms[39m
[32m[Nest] 1152  - [39m09/06/2026, 10:35:55 pm [32m    LOG[39m [38;5;3m[RouterExplorer] [39m[32mMapped {/api/v1/founder-security/login-reject, GET} route[39m[38;5;3m +1ms[39m
[32m[Nest] 1152  - [39m09/06/2026, 10:35:55 pm [32m    LOG[39m [38;5;3m[RouterExplorer] [39m[32mMapped {/api/v1/founder-security/login-status, GET} route[39m[38;5;3m +0ms[39m
[32m[Nest] 1152  - [39m09/06/2026, 10:35:55 pm [32m    LOG[39m [38;5;3m[RoutesResolver] [39m[32mSecurityTestController {/api/v1/api/security}:[39m[38;5;3m +0ms[39m
[32m[Nest] 1152  - [39m09/06/2026, 10:35:55 pm [32m    LOG[39m [38;5;3m[RouterExplorer] [39m[32mMapped {/api/security/test-email, GET} route[39m[38;5;3m +1ms[39m
[32m[Nest] 1152  - [39m09/06/2026, 10:35:55 pm [32m    LOG[39m [38;5;3m[RouterExplorer] [39m[32mMapped {/api/security/test-email, POST} route[39m[38;5;3m +0ms[39m
[32m[Nest] 1152  - [39m09/06/2026, 10:35:55 pm [32m    LOG[39m [38;5;3m[QdrantService] [39m[32mInitializing Qdrant client with URL: https://dd284eb5-9c7e-4f0e-92fd-815f87684ce0.us-west-1-0.aws.cloud.qdrant.io[39m
[32m[Nest] 1152  - [39m09/06/2026, 10:35:55 pm [32m    LOG[39m [38;5;3m[QdrantService] [39m[32mTesting Qdrant connection...[39m
[32m[Nest] 1152  - [39m09/06/2026, 10:35:55 pm [32m    LOG[39m [38;5;3m[BgeM3Provider] [39m[32mInitializing BGE-M3 provider → http://localhost:8100[39m
[32m[Nest] 1152  - [39m09/06/2026, 10:35:55 pm [32m    LOG[39m [38;5;3m[NestApplication] [39m[32mNest application successfully started[39m[38;5;3m +13ms[39m
[LEGATRIXON SERVER] NestJS Engine running on: http://localhost:4000/api/v1
[33m[Nest] 1152  - [39m09/06/2026, 10:35:56 pm [33m   WARN[39m [38;5;3m[BgeM3Provider] [39m[33mBGE-M3 sidecar unreachable at http://localhost:8100: . Embeddings will fail until the sidecar is started.[39m
[33m[Nest] 1152  - [39m09/06/2026, 10:36:06 pm [33m   WARN[39m [38;5;3m[QdrantService] [39m[33mCould not connect to Qdrant at https://dd284eb5-9c7e-4f0e-92fd-815f87684ce0.us-west-1-0.aws.cloud.qdrant.io. Vector search features will be unavailable until Qdrant is running. Error: fetch failed[39m
[33m[Nest] 1152  - [39m09/06/2026, 10:36:25 pm [33m   WARN[39m [38;5;3m[LexMentorAiService] [39m[33mDeepSeek failed for LexMentor. Trying Gemini fallback. Reason: Request failed with status code 402[39m
[32m[Nest] 1152  - [39m09/06/2026, 10:36:33 pm [32m    LOG[39m [38;5;3m[LexMentorAiService] [39m[32mLexMentor response generated by gemini:gemini-2.5-flash[39m
[2J[3J[H[[90m10:39:57 pm[0m] File change detected. Starting incremental compilation...

[[90m10:39:58 pm[0m] Found 0 errors. Watching for file changes.

[32m[Nest] 31220  - [39m09/06/2026, 10:39:59 pm [32m    LOG[39m [38;5;3m[NestFactory] [39m[32mStarting Nest application...[39m
[32m[Nest] 31220  - [39m09/06/2026, 10:39:59 pm [32m    LOG[39m [38;5;3m[InstanceLoader] [39m[32mAppModule dependencies initialized[39m[38;5;3m +35ms[39m
[32m[Nest] 31220  - [39m09/06/2026, 10:39:59 pm [32m    LOG[39m [38;5;3m[InstanceLoader] [39m[32mTypeOrmModule dependencies initialized[39m[38;5;3m +1ms[39m
[32m[Nest] 31220  - [39m09/06/2026, 10:39:59 pm [32m    LOG[39m [38;5;3m[InstanceLoader] [39m[32mLegalDomainModule dependencies initialized[39m[38;5;3m +1ms[39m
[32m[Nest] 31220  - [39m09/06/2026, 10:39:59 pm [32m    LOG[39m [38;5;3m[InstanceLoader] [39m[32mRetrievalModule dependencies initialized[39m[38;5;3m +1ms[39m
[32m[Nest] 31220  - [39m09/06/2026, 10:39:59 pm [32m    LOG[39m [38;5;3m[InstanceLoader] [39m[32mJudgmentModule dependencies initialized[39m[38;5;3m +0ms[39m
[32m[Nest] 31220  - [39m09/06/2026, 10:39:59 pm [32m    LOG[39m [38;5;3m[InstanceLoader] [39m[32mContractModule dependencies initialized[39m[38;5;3m +0ms[39m
[32m[Nest] 31220  - [39m09/06/2026, 10:39:59 pm [32m    LOG[39m [38;5;3m[InstanceLoader] [39m[32mChatModule dependencies initialized[39m[38;5;3m +0ms[39m
[32m[Nest] 31220  - [39m09/06/2026, 10:39:59 pm [32m    LOG[39m [38;5;3m[InstanceLoader] [39m[32mIngestionModule dependencies initialized[39m[38;5;3m +1ms[39m
[32m[Nest] 31220  - [39m09/06/2026, 10:40:00 pm [32m    LOG[39m [38;5;3m[InstanceLoader] [39m[32mTypeOrmCoreModule dependencies initialized[39m[38;5;3m +54ms[39m
[32m[Nest] 31220  - [39m09/06/2026, 10:40:00 pm [32m    LOG[39m [38;5;3m[InstanceLoader] [39m[32mTypeOrmModule dependencies initialized[39m[38;5;3m +1ms[39m
[32m[Nest] 31220  - [39m09/06/2026, 10:40:00 pm [32m    LOG[39m [38;5;3m[InstanceLoader] [39m[32mTypeOrmModule dependencies initialized[39m[38;5;3m +1ms[39m
[32m[Nest] 31220  - [39m09/06/2026, 10:40:00 pm [32m    LOG[39m [38;5;3m[InstanceLoader] [39m[32mTypeOrmModule dependencies initialized[39m[38;5;3m +0ms[39m
[32m[Nest] 31220  - [39m09/06/2026, 10:40:00 pm [32m    LOG[39m [38;5;3m[InstanceLoader] [39m[32mTypeOrmModule dependencies initialized[39m[38;5;3m +0ms[39m
[32m[Nest] 31220  - [39m09/06/2026, 10:40:00 pm [32m    LOG[39m [38;5;3m[InstanceLoader] [39m[32mFounderSecurityModule dependencies initialized[39m[38;5;3m +2ms[39m
[32m[Nest] 31220  - [39m09/06/2026, 10:40:00 pm [32m    LOG[39m [38;5;3m[InstanceLoader] [39m[32mResearchModule dependencies initialized[39m[38;5;3m +0ms[39m
[32m[Nest] 31220  - [39m09/06/2026, 10:40:00 pm [32m    LOG[39m [38;5;3m[InstanceLoader] [39m[32mNotebookModule dependencies initialized[39m[38;5;3m +1ms[39m
[32m[Nest] 31220  - [39m09/06/2026, 10:40:00 pm [32m    LOG[39m [38;5;3m[InstanceLoader] [39m[32mExamModule dependencies initialized[39m[38;5;3m +0ms[39m
[32m[Nest] 31220  - [39m09/06/2026, 10:40:00 pm [32m    LOG[39m [38;5;3m[RoutesResolver] [39m[32mJudgmentController {/api/v1/judgments}:[39m[38;5;3m +41ms[39m
[32m[Nest] 31220  - [39m09/06/2026, 10:40:00 pm [32m    LOG[39m [38;5;3m[RouterExplorer] [39m[32mMapped {/api/v1/judgments/upload, POST} route[39m[38;5;3m +5ms[39m
[32m[Nest] 31220  - [39m09/06/2026, 10:40:00 pm [32m    LOG[39m [38;5;3m[RouterExplorer] [39m[32mMapped {/api/v1/judgments/:id/structure, GET} route[39m[38;5;3m +1ms[39m
[32m[Nest] 31220  - [39m09/06/2026, 10:40:00 pm [32m    LOG[39m [38;5;3m[RouterExplorer] [39m[32mMapped {/api/v1/judgments/:id/explain, POST} route[39m[38;5;3m +1ms[39m
[32m[Nest] 31220  - [39m09/06/2026, 10:40:00 pm [32m    LOG[39m [38;5;3m[RoutesResolver] [39m[32mChatController {/api/v1/chat}:[39m[38;5;3m +0ms[39m
[32m[Nest] 31220  - [39m09/06/2026, 10:40:00 pm [32m    LOG[39m [38;5;3m[RouterExplorer] [39m[32mMapped {/api/v1/chat/message, POST} route[39m[38;5;3m +1ms[39m
[32m[Nest] 31220  - [39m09/06/2026, 10:40:00 pm [32m    LOG[39m [38;5;3m[RouterExplorer] [39m[32mMapped {/api/v1/chat/history/:sessionId, GET} route[39m[38;5;3m +1ms[39m
[32m[Nest] 31220  - [39m09/06/2026, 10:40:00 pm [32m    LOG[39m [38;5;3m[RouterExplorer] [39m[32mMapped {/api/v1/chat/history/:sessionId, DELETE} route[39m[38;5;3m +0ms[39m
[32m[Nest] 31220  - [39m09/06/2026, 10:40:00 pm [32m    LOG[39m [38;5;3m[RouterExplorer] [39m[32mMapped {/api/v1/chat/search, POST} route[39m[38;5;3m +1ms[39m
[32m[Nest] 31220  - [39m09/06/2026, 10:40:00 pm [32m    LOG[39m [38;5;3m[RouterExplorer] [39m[32mMapped {/api/v1/chat/citations/:messageId, GET} route[39m[38;5;3m +0ms[39m
[32m[Nest] 31220  - [39m09/06/2026, 10:40:00 pm [32m    LOG[39m [38;5;3m[RoutesResolver] [39m[32mContractController {/api/v1/contracts}:[39m[38;5;3m +1ms[39m
[32m[Nest] 31220  - [39m09/06/2026, 10:40:00 pm [32m    LOG[39m [38;5;3m[RouterExplorer] [39m[32mMapped {/api/v1/contracts/review, POST} route[39m[38;5;3m +0ms[39m
[32m[Nest] 31220  - [39m09/06/2026, 10:40:00 pm [32m    LOG[39m [38;5;3m[RouterExplorer] [39m[32mMapped {/api/v1/contracts/:id/risks, GET} route[39m[38;5;3m +1ms[39m
[32m[Nest] 31220  - [39m09/06/2026, 10:40:00 pm [32m    LOG[39m [38;5;3m[RouterExplorer] [39m[32mMapped {/api/v1/contracts/:id/clauses, POST} route[39m[38;5;3m +0ms[39m
[32m[Nest] 31220  - [39m09/06/2026, 10:40:00 pm [32m    LOG[39m [38;5;3m[RoutesResolver] [39m[32mNotebookController {/api/v1/notebook}:[39m[38;5;3m +1ms[39m
[32m[Nest] 31220  - [39m09/06/2026, 10:40:00 pm [32m    LOG[39m [38;5;3m[RouterExplorer] [39m[32mMapped {/api/v1/notebook/documents, GET} route[39m[38;5;3m +0ms[39m
[32m[Nest] 31220  - [39m09/06/2026, 10:40:00 pm [32m    LOG[39m [38;5;3m[RouterExplorer] [39m[32mMapped {/api/v1/notebook/documents/:id, GET} route[39m[38;5;3m +0ms[39m
[32m[Nest] 31220  - [39m09/06/2026, 10:40:00 pm [32m    LOG[39m [38;5;3m[RouterExplorer] [39m[32mMapped {/api/v1/notebook/documents/:id/preview, GET} route[39m[38;5;3m +1ms[39m
[32m[Nest] 31220  - [39m09/06/2026, 10:40:00 pm [32m    LOG[39m [38;5;3m[RouterExplorer] [39m[32mMapped {/api/v1/notebook/documents/:id/file, GET} route[39m[38;5;3m +0ms[39m
[32m[Nest] 31220  - [39m09/06/2026, 10:40:00 pm [32m    LOG[39m [38;5;3m[RouterExplorer] [39m[32mMapped {/api/v1/notebook/documents/:id/chunks, GET} route[39m[38;5;3m +1ms[39m
[32m[Nest] 31220  - [39m09/06/2026, 10:40:00 pm [32m    LOG[39m [38;5;3m[RouterExplorer] [39m[32mMapped {/api/v1/notebook/documents/:id/chat-history, GET} route[39m[38;5;3m +0ms[39m
[32m[Nest] 31220  - [39m09/06/2026, 10:40:00 pm [32m    LOG[39m [38;5;3m[RouterExplorer] [39m[32mMapped {/api/v1/notebook/documents/:id/reprocess, POST} route[39m[38;5;3m +1ms[39m
[32m[Nest] 31220  - [39m09/06/2026, 10:40:00 pm [32m    LOG[39m [38;5;3m[RouterExplorer] [39m[32mMapped {/api/v1/notebook/documents/:id/extraction, GET} route[39m[38;5;3m +0ms[39m
[32m[Nest] 31220  - [39m09/06/2026, 10:40:00 pm [32m    LOG[39m [38;5;3m[RouterExplorer] [39m[32mMapped {/api/v1/notebook/documents/:id/extraction, POST} route[39m[38;5;3m +0ms[39m
[32m[Nest] 31220  - [39m09/06/2026, 10:40:00 pm [32m    LOG[39m [38;5;3m[RouterExplorer] [39m[32mMapped {/api/v1/notebook/documents/:id/study-forge/generate, POST} route[39m[38;5;3m +0ms[39m
[32m[Nest] 31220  - [39m09/06/2026, 10:40:00 pm [32m    LOG[39m [38;5;3m[RouterExplorer] [39m[32mMapped {/api/v1/notebook/documents/:id/study-forge/flashcards/:cardId/rate, POST} route[39m[38;5;3m +1ms[39m
[32m[Nest] 31220  - [39m09/06/2026, 10:40:00 pm [32m    LOG[39m [38;5;3m[RouterExplorer] [39m[32mMapped {/api/v1/notebook/documents/:id/study-forge/quiz-attempt, POST} route[39m[38;5;3m +0ms[39m
[32m[Nest] 31220  - [39m09/06/2026, 10:40:00 pm [32m    LOG[39m [38;5;3m[RouterExplorer] [39m[32mMapped {/api/v1/notebook/graph, GET} route[39m[38;5;3m +1ms[39m
[32m[Nest] 31220  - [39m09/06/2026, 10:40:00 pm [32m    LOG[39m [38;5;3m[RouterExplorer] [39m[32mMapped {/api/v1/notebook/search, GET} route[39m[38;5;3m +0ms[39m
[32m[Nest] 31220  - [39m09/06/2026, 10:40:00 pm [32m    LOG[39m [38;5;3m[RouterExplorer] [39m[32mMapped {/api/v1/notebook/documents/:id, DELETE} route[39m[38;5;3m +0ms[39m
[32m[Nest] 31220  - [39m09/06/2026, 10:40:00 pm [32m    LOG[39m [38;5;3m[RouterExplorer] [39m[32mMapped {/api/v1/notebook/upload, POST} route[39m[38;5;3m +1ms[39m
[32m[Nest] 31220  - [39m09/06/2026, 10:40:00 pm [32m    LOG[39m [38;5;3m[RouterExplorer] [39m[32mMapped {/api/v1/notebook/chat, POST} route[39m[38;5;3m +0ms[39m
[32m[Nest] 31220  - [39m09/06/2026, 10:40:00 pm [32m    LOG[39m [38;5;3m[RoutesResolver] [39m[32mResearchController {/api/v1/research}:[39m[38;5;3m +0ms[39m
[32m[Nest] 31220  - [39m09/06/2026, 10:40:00 pm [32m    LOG[39m [38;5;3m[RouterExplorer] [39m[32mMapped {/api/v1/research/query, POST} route[39m[38;5;3m +1ms[39m
[32m[Nest] 31220  - [39m09/06/2026, 10:40:00 pm [32m    LOG[39m [38;5;3m[RouterExplorer] [39m[32mMapped {/api/v1/research/query/all, GET} route[39m[38;5;3m +0ms[39m
[32m[Nest] 31220  - [39m09/06/2026, 10:40:00 pm [32m    LOG[39m [38;5;3m[RouterExplorer] [39m[32mMapped {/api/v1/research/query/:id, GET} route[39m[38;5;3m +0ms[39m
[32m[Nest] 31220  - [39m09/06/2026, 10:40:00 pm [32m    LOG[39m [38;5;3m[RouterExplorer] [39m[32mMapped {/api/v1/research/report, POST} route[39m[38;5;3m +1ms[39m
[32m[Nest] 31220  - [39m09/06/2026, 10:40:00 pm [32m    LOG[39m [38;5;3m[RouterExplorer] [39m[32mMapped {/api/v1/research/report/:id, GET} route[39m[38;5;3m +0ms[39m
[32m[Nest] 31220  - [39m09/06/2026, 10:40:00 pm [32m    LOG[39m [38;5;3m[RouterExplorer] [39m[32mMapped {/api/v1/research/report/:id, PUT} route[39m[38;5;3m +0ms[39m
[32m[Nest] 31220  - [39m09/06/2026, 10:40:00 pm [32m    LOG[39m [38;5;3m[RouterExplorer] [39m[32mMapped {/api/v1/research/report/:id, DELETE} route[39m[38;5;3m +1ms[39m
[32m[Nest] 31220  - [39m09/06/2026, 10:40:00 pm [32m    LOG[39m [38;5;3m[RouterExplorer] [39m[32mMapped {/api/v1/research/note, POST} route[39m[38;5;3m +0ms[39m
[32m[Nest] 31220  - [39m09/06/2026, 10:40:00 pm [32m    LOG[39m [38;5;3m[RouterExplorer] [39m[32mMapped {/api/v1/research/note/:id, GET} route[39m[38;5;3m +0ms[39m
[32m[Nest] 31220  - [39m09/06/2026, 10:40:00 pm [32m    LOG[39m [38;5;3m[RouterExplorer] [39m[32mMapped {/api/v1/research/note/:id, PUT} route[39m[38;5;3m +0ms[39m
[32m[Nest] 31220  - [39m09/06/2026, 10:40:00 pm [32m    LOG[39m [38;5;3m[RouterExplorer] [39m[32mMapped {/api/v1/research/note/:id, DELETE} route[39m[38;5;3m +1ms[39m
[32m[Nest] 31220  - [39m09/06/2026, 10:40:00 pm [32m    LOG[39m [38;5;3m[RouterExplorer] [39m[32mMapped {/api/v1/research/source, POST} route[39m[38;5;3m +0ms[39m
[32m[Nest] 31220  - [39m09/06/2026, 10:40:00 pm [32m    LOG[39m [38;5;3m[RouterExplorer] [39m[32mMapped {/api/v1/research/source/:id, GET} route[39m[38;5;3m +0ms[39m
[32m[Nest] 31220  - [39m09/06/2026, 10:40:00 pm [32m    LOG[39m [38;5;3m[RouterExplorer] [39m[32mMapped {/api/v1/research/source/:id, DELETE} route[39m[38;5;3m +1ms[39m
[32m[Nest] 31220  - [39m09/06/2026, 10:40:00 pm [32m    LOG[39m [38;5;3m[RouterExplorer] [39m[32mMapped {/api/v1/research/save, POST} route[39m[38;5;3m +0ms[39m
[32m[Nest] 31220  - [39m09/06/2026, 10:40:00 pm [32m    LOG[39m [38;5;3m[RouterExplorer] [39m[32mMapped {/api/v1/research/save/all, GET} route[39m[38;5;3m +0ms[39m
[32m[Nest] 31220  - [39m09/06/2026, 10:40:00 pm [32m    LOG[39m [38;5;3m[RouterExplorer] [39m[32mMapped {/api/v1/research/save/:id, DELETE} route[39m[38;5;3m +0ms[39m
[32m[Nest] 31220  - [39m09/06/2026, 10:40:00 pm [32m    LOG[39m [38;5;3m[RouterExplorer] [39m[32mMapped {/api/v1/research/asset, POST} route[39m[38;5;3m +1ms[39m
[32m[Nest] 31220  - [39m09/06/2026, 10:40:00 pm [32m    LOG[39m [38;5;3m[RouterExplorer] [39m[32mMapped {/api/v1/research/upload, POST} route[39m[38;5;3m +0ms[39m
[32m[Nest] 31220  - [39m09/06/2026, 10:40:00 pm [32m    LOG[39m [38;5;3m[RouterExplorer] [39m[32mMapped {/api/v1/research/documents/:queryId, GET} route[39m[38;5;3m +0ms[39m
[32m[Nest] 31220  - [39m09/06/2026, 10:40:00 pm [32m    LOG[39m [38;5;3m[RouterExplorer] [39m[32mMapped {/api/v1/research/generate, POST} route[39m[38;5;3m +0ms[39m
[32m[Nest] 31220  - [39m09/06/2026, 10:40:00 pm [32m    LOG[39m [38;5;3m[RouterExplorer] [39m[32mMapped {/api/v1/research/challenge, POST} route[39m[38;5;3m +1ms[39m
[32m[Nest] 31220  - [39m09/06/2026, 10:40:00 pm [32m    LOG[39m [38;5;3m[RoutesResolver] [39m[32mIngestionController {/api/v1/ingestion}:[39m[38;5;3m +0ms[39m
[32m[Nest] 31220  - [39m09/06/2026, 10:40:00 pm [32m    LOG[39m [38;5;3m[RouterExplorer] [39m[32mMapped {/api/v1/ingestion/status, GET} route[39m[38;5;3m +0ms[39m
[32m[Nest] 31220  - [39m09/06/2026, 10:40:00 pm [32m    LOG[39m [38;5;3m[RouterExplorer] [39m[32mMapped {/api/v1/ingestion/init-collections, POST} route[39m[38;5;3m +1ms[39m
[32m[Nest] 31220  - [39m09/06/2026, 10:40:00 pm [32m    LOG[39m [38;5;3m[RouterExplorer] [39m[32mMapped {/api/v1/ingestion/ingest, POST} route[39m[38;5;3m +0ms[39m
[32m[Nest] 31220  - [39m09/06/2026, 10:40:00 pm [32m    LOG[39m [38;5;3m[RouterExplorer] [39m[32mMapped {/api/v1/ingestion/ingest-text, POST} route[39m[38;5;3m +0ms[39m
[32m[Nest] 31220  - [39m09/06/2026, 10:40:00 pm [32m    LOG[39m [38;5;3m[RouterExplorer] [39m[32mMapped {/api/v1/ingestion/ingest-batch, POST} route[39m[38;5;3m +0ms[39m
[32m[Nest] 31220  - [39m09/06/2026, 10:40:00 pm [32m    LOG[39m [38;5;3m[RoutesResolver] [39m[32mExamController {/api/v1/exam}:[39m[38;5;3m +1ms[39m
[32m[Nest] 31220  - [39m09/06/2026, 10:40:00 pm [32m    LOG[39m [38;5;3m[RouterExplorer] [39m[32mMapped {/api/v1/exam, POST} route[39m[38;5;3m +0ms[39m
[32m[Nest] 31220  - [39m09/06/2026, 10:40:00 pm [32m    LOG[39m [38;5;3m[RouterExplorer] [39m[32mMapped {/api/v1/exam, GET} route[39m[38;5;3m +0ms[39m
[32m[Nest] 31220  - [39m09/06/2026, 10:40:00 pm [32m    LOG[39m [38;5;3m[RouterExplorer] [39m[32mMapped {/api/v1/exam/:id, GET} route[39m[38;5;3m +1ms[39m
[32m[Nest] 31220  - [39m09/06/2026, 10:40:00 pm [32m    LOG[39m [38;5;3m[RouterExplorer] [39m[32mMapped {/api/v1/exam/:id/mock, POST} route[39m[38;5;3m +0ms[39m
[32m[Nest] 31220  - [39m09/06/2026, 10:40:00 pm [32m    LOG[39m [38;5;3m[RouterExplorer] [39m[32mMapped {/api/v1/exam/assistant, POST} route[39m[38;5;3m +0ms[39m
[32m[Nest] 31220  - [39m09/06/2026, 10:40:00 pm [32m    LOG[39m [38;5;3m[RouterExplorer] [39m[32mMapped {/api/v1/exam/dashboard/recommendations, GET} route[39m[38;5;3m +1ms[39m
[32m[Nest] 31220  - [39m09/06/2026, 10:40:00 pm [32m    LOG[39m [38;5;3m[RouterExplorer] [39m[32mMapped {/api/v1/exam/doubt-solve, POST} route[39m[38;5;3m +0ms[39m
[32m[Nest] 31220  - [39m09/06/2026, 10:40:00 pm [32m    LOG[39m [38;5;3m[RouterExplorer] [39m[32mMapped {/api/v1/exam/oauth-tokens, POST} route[39m[38;5;3m +0ms[39m
[32m[Nest] 31220  - [39m09/06/2026, 10:40:00 pm [32m    LOG[39m [38;5;3m[RouterExplorer] [39m[32mMapped {/api/v1/exam/dashboard/notifications, GET} route[39m[38;5;3m +1ms[39m
[32m[Nest] 31220  - [39m09/06/2026, 10:40:00 pm [32m    LOG[39m [38;5;3m[RouterExplorer] [39m[32mMapped {/api/v1/exam/dashboard/notifications/read, POST} route[39m[38;5;3m +0ms[39m
[32m[Nest] 31220  - [39m09/06/2026, 10:40:00 pm [32m    LOG[39m [38;5;3m[RouterExplorer] [39m[32mMapped {/api/v1/exam/calendar/events, GET} route[39m[38;5;3m +0ms[39m
[32m[Nest] 31220  - [39m09/06/2026, 10:40:00 pm [32m    LOG[39m [38;5;3m[RouterExplorer] [39m[32mMapped {/api/v1/exam/calendar/events, POST} route[39m[38;5;3m +0ms[39m
[32m[Nest] 31220  - [39m09/06/2026, 10:40:00 pm [32m    LOG[39m [38;5;3m[RoutesResolver] [39m[32mFounderSecurityController {/api/v1/founder-security}:[39m[38;5;3m +1ms[39m
[32m[Nest] 31220  - [39m09/06/2026, 10:40:00 pm [32m    LOG[39m [38;5;3m[RouterExplorer] [39m[32mMapped {/api/v1/founder-security/settings, GET} route[39m[38;5;3m +0ms[39m
[32m[Nest] 31220  - [39m09/06/2026, 10:40:00 pm [32m    LOG[39m [38;5;3m[RouterExplorer] [39m[32mMapped {/api/v1/founder-security/settings, PUT} route[39m[38;5;3m +0ms[39m
[32m[Nest] 31220  - [39m09/06/2026, 10:40:00 pm [32m    LOG[39m [38;5;3m[RouterExplorer] [39m[32mMapped {/api/v1/founder-security/events, GET} route[39m[38;5;3m +1ms[39m
[32m[Nest] 31220  - [39m09/06/2026, 10:40:00 pm [32m    LOG[39m [38;5;3m[RouterExplorer] [39m[32mMapped {/api/v1/founder-security/events, POST} route[39m[38;5;3m +0ms[39m
[32m[Nest] 31220  - [39m09/06/2026, 10:40:00 pm [32m    LOG[39m [38;5;3m[RouterExplorer] [39m[32mMapped {/api/v1/founder-security/clear-locks, GET} route[39m[38;5;3m +0ms[39m
[32m[Nest] 31220  - [39m09/06/2026, 10:40:00 pm [32m    LOG[39m [38;5;3m[RouterExplorer] [39m[32mMapped {/api/v1/founder-security/admin-login, POST} route[39m[38;5;3m +0ms[39m
[32m[Nest] 31220  - [39m09/06/2026, 10:40:00 pm [32m    LOG[39m [38;5;3m[RouterExplorer] [39m[32mMapped {/api/v1/founder-security/verify-question, POST} route[39m[38;5;3m +0ms[39m
[32m[Nest] 31220  - [39m09/06/2026, 10:40:00 pm [32m    LOG[39m [38;5;3m[RouterExplorer] [39m[32mMapped {/api/v1/founder-security/login-approve, GET} route[39m[38;5;3m +1ms[39m
[32m[Nest] 31220  - [39m09/06/2026, 10:40:00 pm [32m    LOG[39m [38;5;3m[RouterExplorer] [39m[32mMapped {/api/v1/founder-security/login-reject, GET} route[39m[38;5;3m +0ms[39m
[32m[Nest] 31220  - [39m09/06/2026, 10:40:00 pm [32m    LOG[39m [38;5;3m[RouterExplorer] [39m[32mMapped {/api/v1/founder-security/login-status, GET} route[39m[38;5;3m +0ms[39m
[32m[Nest] 31220  - [39m09/06/2026, 10:40:00 pm [32m    LOG[39m [38;5;3m[RoutesResolver] [39m[32mSecurityTestController {/api/v1/api/security}:[39m[38;5;3m +0ms[39m
[32m[Nest] 31220  - [39m09/06/2026, 10:40:00 pm [32m    LOG[39m [38;5;3m[RouterExplorer] [39m[32mMapped {/api/security/test-email, GET} route[39m[38;5;3m +1ms[39m
[32m[Nest] 31220  - [39m09/06/2026, 10:40:00 pm [32m    LOG[39m [38;5;3m[RouterExplorer] [39m[32mMapped {/api/security/test-email, POST} route[39m[38;5;3m +0ms[39m
[32m[Nest] 31220  - [39m09/06/2026, 10:40:00 pm [32m    LOG[39m [38;5;3m[QdrantService] [39m[32mInitializing Qdrant client with URL: https://dd284eb5-9c7e-4f0e-92fd-815f87684ce0.us-west-1-0.aws.cloud.qdrant.io[39m
[32m[Nest] 31220  - [39m09/06/2026, 10:40:00 pm [32m    LOG[39m [38;5;3m[QdrantService] [39m[32mTesting Qdrant connection...[39m
[32m[Nest] 31220  - [39m09/06/2026, 10:40:00 pm [32m    LOG[39m [38;5;3m[BgeM3Provider] [39m[32mInitializing BGE-M3 provider → http://localhost:8100[39m
[32m[Nest] 31220  - [39m09/06/2026, 10:40:00 pm [32m    LOG[39m [38;5;3m[NestApplication] [39m[32mNest application successfully started[39m[38;5;3m +10ms[39m
[LEGATRIXON SERVER] NestJS Engine running on: http://localhost:4000/api/v1
[33m[Nest] 31220  - [39m09/06/2026, 10:40:00 pm [33m   WARN[39m [38;5;3m[BgeM3Provider] [39m[33mBGE-M3 sidecar unreachable at http://localhost:8100: . Embeddings will fail until the sidecar is started.[39m
[32m[Nest] 31220  - [39m09/06/2026, 10:40:00 pm [32m    LOG[39m [38;5;3m[QdrantService] [39m[32mSuccessfully connected to Qdrant.[39m
[32m[Nest] 31220  - [39m09/06/2026, 10:40:01 pm [32m    LOG[39m [38;5;3m[QdrantService] [39m[32mCollection judgments already exists.[39m
[32m[Nest] 31220  - [39m09/06/2026, 10:40:01 pm [32m    LOG[39m [38;5;3m[QdrantService] [39m[32mCollection acts already exists.[39m
[32m[Nest] 31220  - [39m09/06/2026, 10:40:01 pm [32m    LOG[39m [38;5;3m[QdrantService] [39m[32mCollection research_papers already exists.[39m
[32m[Nest] 31220  - [39m09/06/2026, 10:40:02 pm [32m    LOG[39m [38;5;3m[QdrantService] [39m[32mCollection law_commission_reports already exists.[39m
[32m[Nest] 31220  - [39m09/06/2026, 10:40:02 pm [32m    LOG[39m [38;5;3m[QdrantService] [39m[32mCollection user_documents already exists.[39m
[33m[Nest] 31220  - [39m09/06/2026, 10:40:37 pm [33m   WARN[39m [38;5;3m[LexMentorAiService] [39m[33mDeepSeek failed for LexMentor. Trying Gemini fallback. Reason: Request failed with status code 402[39m
[32m[Nest] 31220  - [39m09/06/2026, 10:40:49 pm [32m    LOG[39m [38;5;3m[LexMentorAiService] [39m[32mModel Used: Gemini (gemini-2.5-flash)[39m
[2J[3J[H[[90m10:46:45 pm[0m] File change detected. Starting incremental compilation...

[96msrc/modules/chat/chat.service.ts[0m:[93m2[0m:[93m43[0m - [91merror[0m[90m TS2307: [0mCannot find module '../legal-domain/legal-domain-classifier.service' or its corresponding type declarations.

[7m2[0m import { LEXMENTOR_WELCOME_MESSAGE } from '../legal-domain/legal-domain-classifier.service';
[7m [0m [91m                                          ~~~~~~~~~~~~~~~~~~~~~~~~~~~~~~~~~~~~~~~~~~~~~~~~~[0m

[96msrc/modules/exam/exam.service.ts[0m:[93m20[0m:[93m8[0m - [91merror[0m[90m TS2307: [0mCannot find module '../legal-domain/legal-domain-classifier.service' or its corresponding type declarations.

[7m20[0m } from '../legal-domain/legal-domain-classifier.service';
[7m  [0m [91m       ~~~~~~~~~~~~~~~~~~~~~~~~~~~~~~~~~~~~~~~~~~~~~~~~~[0m

[96msrc/modules/legal-domain/legal-domain.module.ts[0m:[93m2[0m:[93m46[0m - [91merror[0m[90m TS2307: [0mCannot find module './legal-domain-classifier.service' or its corresponding type declarations.

[7m2[0m import { LegalDomainClassifierService } from './legal-domain-classifier.service';
[7m [0m [91m                                             ~~~~~~~~~~~~~~~~~~~~~~~~~~~~~~~~~~~[0m

[96msrc/modules/notebook/notebook.service.ts[0m:[93m13[0m:[93m8[0m - [91merror[0m[90m TS2307: [0mCannot find module '../legal-domain/legal-domain-classifier.service' or its corresponding type declarations.

[7m13[0m } from '../legal-domain/legal-domain-classifier.service';
[7m  [0m [91m       ~~~~~~~~~~~~~~~~~~~~~~~~~~~~~~~~~~~~~~~~~~~~~~~~~[0m

[[90m10:46:46 pm[0m] Found 4 errors. Watching for file changes.

[2J[3J[H[[90m10:47:26 pm[0m] File change detected. Starting incremental compilation...

[[90m10:47:28 pm[0m] Found 0 errors. Watching for file changes.

[32m[Nest] 19444  - [39m09/06/2026, 10:47:30 pm [32m    LOG[39m [38;5;3m[NestFactory] [39m[32mStarting Nest application...[39m
[32m[Nest] 19444  - [39m09/06/2026, 10:47:30 pm [32m    LOG[39m [38;5;3m[InstanceLoader] [39m[32mAppModule dependencies initialized[39m[38;5;3m +40ms[39m
[32m[Nest] 19444  - [39m09/06/2026, 10:47:30 pm [32m    LOG[39m [38;5;3m[InstanceLoader] [39m[32mTypeOrmModule dependencies initialized[39m[38;5;3m +0ms[39m
[32m[Nest] 19444  - [39m09/06/2026, 10:47:30 pm [32m    LOG[39m [38;5;3m[InstanceLoader] [39m[32mLegalDomainModule dependencies initialized[39m[38;5;3m +1ms[39m
[32m[Nest] 19444  - [39m09/06/2026, 10:47:30 pm [32m    LOG[39m [38;5;3m[InstanceLoader] [39m[32mRetrievalModule dependencies initialized[39m[38;5;3m +1ms[39m
[32m[Nest] 19444  - [39m09/06/2026, 10:47:30 pm [32m    LOG[39m [38;5;3m[InstanceLoader] [39m[32mJudgmentModule dependencies initialized[39m[38;5;3m +0ms[39m
[32m[Nest] 19444  - [39m09/06/2026, 10:47:30 pm [32m    LOG[39m [38;5;3m[InstanceLoader] [39m[32mContractModule dependencies initialized[39m[38;5;3m +1ms[39m
[32m[Nest] 19444  - [39m09/06/2026, 10:47:30 pm [32m    LOG[39m [38;5;3m[InstanceLoader] [39m[32mChatModule dependencies initialized[39m[38;5;3m +0ms[39m
[32m[Nest] 19444  - [39m09/06/2026, 10:47:30 pm [32m    LOG[39m [38;5;3m[InstanceLoader] [39m[32mIngestionModule dependencies initialized[39m[38;5;3m +0ms[39m
[32m[Nest] 19444  - [39m09/06/2026, 10:47:30 pm [32m    LOG[39m [38;5;3m[InstanceLoader] [39m[32mTypeOrmCoreModule dependencies initialized[39m[38;5;3m +53ms[39m
[32m[Nest] 19444  - [39m09/06/2026, 10:47:30 pm [32m    LOG[39m [38;5;3m[InstanceLoader] [39m[32mTypeOrmModule dependencies initialized[39m[38;5;3m +1ms[39m
[32m[Nest] 19444  - [39m09/06/2026, 10:47:30 pm [32m    LOG[39m [38;5;3m[InstanceLoader] [39m[32mTypeOrmModule dependencies initialized[39m[38;5;3m +1ms[39m
[32m[Nest] 19444  - [39m09/06/2026, 10:47:30 pm [32m    LOG[39m [38;5;3m[InstanceLoader] [39m[32mTypeOrmModule dependencies initialized[39m[38;5;3m +0ms[39m
[32m[Nest] 19444  - [39m09/06/2026, 10:47:30 pm [32m    LOG[39m [38;5;3m[InstanceLoader] [39m[32mTypeOrmModule dependencies initialized[39m[38;5;3m +0ms[39m
[32m[Nest] 19444  - [39m09/06/2026, 10:47:30 pm [32m    LOG[39m [38;5;3m[InstanceLoader] [39m[32mFounderSecurityModule dependencies initialized[39m[38;5;3m +2ms[39m
[32m[Nest] 19444  - [39m09/06/2026, 10:47:30 pm [32m    LOG[39m [38;5;3m[InstanceLoader] [39m[32mResearchModule dependencies initialized[39m[38;5;3m +0ms[39m
[32m[Nest] 19444  - [39m09/06/2026, 10:47:30 pm [32m    LOG[39m [38;5;3m[InstanceLoader] [39m[32mNotebookModule dependencies initialized[39m[38;5;3m +0ms[39m
[32m[Nest] 19444  - [39m09/06/2026, 10:47:30 pm [32m    LOG[39m [38;5;3m[InstanceLoader] [39m[32mExamModule dependencies initialized[39m[38;5;3m +0ms[39m
[32m[Nest] 19444  - [39m09/06/2026, 10:47:30 pm [32m    LOG[39m [38;5;3m[RoutesResolver] [39m[32mJudgmentController {/api/v1/judgments}:[39m[38;5;3m +30ms[39m
[32m[Nest] 19444  - [39m09/06/2026, 10:47:30 pm [32m    LOG[39m [38;5;3m[RouterExplorer] [39m[32mMapped {/api/v1/judgments/upload, POST} route[39m[38;5;3m +4ms[39m
[32m[Nest] 19444  - [39m09/06/2026, 10:47:30 pm [32m    LOG[39m [38;5;3m[RouterExplorer] [39m[32mMapped {/api/v1/judgments/:id/structure, GET} route[39m[38;5;3m +1ms[39m
[32m[Nest] 19444  - [39m09/06/2026, 10:47:30 pm [32m    LOG[39m [38;5;3m[RouterExplorer] [39m[32mMapped {/api/v1/judgments/:id/explain, POST} route[39m[38;5;3m +0ms[39m
[32m[Nest] 19444  - [39m09/06/2026, 10:47:30 pm [32m    LOG[39m [38;5;3m[RoutesResolver] [39m[32mChatController {/api/v1/chat}:[39m[38;5;3m +1ms[39m
[32m[Nest] 19444  - [39m09/06/2026, 10:47:30 pm [32m    LOG[39m [38;5;3m[RouterExplorer] [39m[32mMapped {/api/v1/chat/message, POST} route[39m[38;5;3m +0ms[39m
[32m[Nest] 19444  - [39m09/06/2026, 10:47:30 pm [32m    LOG[39m [38;5;3m[RouterExplorer] [39m[32mMapped {/api/v1/chat/history/:sessionId, GET} route[39m[38;5;3m +1ms[39m
[32m[Nest] 19444  - [39m09/06/2026, 10:47:30 pm [32m    LOG[39m [38;5;3m[RouterExplorer] [39m[32mMapped {/api/v1/chat/history/:sessionId, DELETE} route[39m[38;5;3m +0ms[39m
[32m[Nest] 19444  - [39m09/06/2026, 10:47:30 pm [32m    LOG[39m [38;5;3m[RouterExplorer] [39m[32mMapped {/api/v1/chat/search, POST} route[39m[38;5;3m +1ms[39m
[32m[Nest] 19444  - [39m09/06/2026, 10:47:30 pm [32m    LOG[39m [38;5;3m[RouterExplorer] [39m[32mMapped {/api/v1/chat/citations/:messageId, GET} route[39m[38;5;3m +0ms[39m
[32m[Nest] 19444  - [39m09/06/2026, 10:47:30 pm [32m    LOG[39m [38;5;3m[RoutesResolver] [39m[32mContractController {/api/v1/contracts}:[39m[38;5;3m +0ms[39m
[32m[Nest] 19444  - [39m09/06/2026, 10:47:30 pm [32m    LOG[39m [38;5;3m[RouterExplorer] [39m[32mMapped {/api/v1/contracts/review, POST} route[39m[38;5;3m +1ms[39m
[32m[Nest] 19444  - [39m09/06/2026, 10:47:30 pm [32m    LOG[39m [38;5;3m[RouterExplorer] [39m[32mMapped {/api/v1/contracts/:id/risks, GET} route[39m[38;5;3m +1ms[39m
[32m[Nest] 19444  - [39m09/06/2026, 10:47:30 pm [32m    LOG[39m [38;5;3m[RouterExplorer] [39m[32mMapped {/api/v1/contracts/:id/clauses, POST} route[39m[38;5;3m +0ms[39m
[32m[Nest] 19444  - [39m09/06/2026, 10:47:30 pm [32m    LOG[39m [38;5;3m[RoutesResolver] [39m[32mNotebookController {/api/v1/notebook}:[39m[38;5;3m +0ms[39m
[32m[Nest] 19444  - [39m09/06/2026, 10:47:30 pm [32m    LOG[39m [38;5;3m[RouterExplorer] [39m[32mMapped {/api/v1/notebook/documents, GET} route[39m[38;5;3m +0ms[39m
[32m[Nest] 19444  - [39m09/06/2026, 10:47:30 pm [32m    LOG[39m [38;5;3m[RouterExplorer] [39m[32mMapped {/api/v1/notebook/documents/:id, GET} route[39m[38;5;3m +1ms[39m
[32m[Nest] 19444  - [39m09/06/2026, 10:47:30 pm [32m    LOG[39m [38;5;3m[RouterExplorer] [39m[32mMapped {/api/v1/notebook/documents/:id/preview, GET} route[39m[38;5;3m +0ms[39m
[32m[Nest] 19444  - [39m09/06/2026, 10:47:30 pm [32m    LOG[39m [38;5;3m[RouterExplorer] [39m[32mMapped {/api/v1/notebook/documents/:id/file, GET} route[39m[38;5;3m +1ms[39m
[32m[Nest] 19444  - [39m09/06/2026, 10:47:30 pm [32m    LOG[39m [38;5;3m[RouterExplorer] [39m[32mMapped {/api/v1/notebook/documents/:id/chunks, GET} route[39m[38;5;3m +0ms[39m
[32m[Nest] 19444  - [39m09/06/2026, 10:47:30 pm [32m    LOG[39m [38;5;3m[RouterExplorer] [39m[32mMapped {/api/v1/notebook/documents/:id/chat-history, GET} route[39m[38;5;3m +0ms[39m
[32m[Nest] 19444  - [39m09/06/2026, 10:47:30 pm [32m    LOG[39m [38;5;3m[RouterExplorer] [39m[32mMapped {/api/v1/notebook/documents/:id/reprocess, POST} route[39m[38;5;3m +0ms[39m
[32m[Nest] 19444  - [39m09/06/2026, 10:47:30 pm [32m    LOG[39m [38;5;3m[RouterExplorer] [39m[32mMapped {/api/v1/notebook/documents/:id/extraction, GET} route[39m[38;5;3m +1ms[39m
[32m[Nest] 19444  - [39m09/06/2026, 10:47:30 pm [32m    LOG[39m [38;5;3m[RouterExplorer] [39m[32mMapped {/api/v1/notebook/documents/:id/extraction, POST} route[39m[38;5;3m +1ms[39m
[32m[Nest] 19444  - [39m09/06/2026, 10:47:30 pm [32m    LOG[39m [38;5;3m[RouterExplorer] [39m[32mMapped {/api/v1/notebook/documents/:id/study-forge/generate, POST} route[39m[38;5;3m +1ms[39m
[32m[Nest] 19444  - [39m09/06/2026, 10:47:30 pm [32m    LOG[39m [38;5;3m[RouterExplorer] [39m[32mMapped {/api/v1/notebook/documents/:id/study-forge/flashcards/:cardId/rate, POST} route[39m[38;5;3m +0ms[39m
[32m[Nest] 19444  - [39m09/06/2026, 10:47:30 pm [32m    LOG[39m [38;5;3m[RouterExplorer] [39m[32mMapped {/api/v1/notebook/documents/:id/study-forge/quiz-attempt, POST} route[39m[38;5;3m +1ms[39m
[32m[Nest] 19444  - [39m09/06/2026, 10:47:30 pm [32m    LOG[39m [38;5;3m[RouterExplorer] [39m[32mMapped {/api/v1/notebook/graph, GET} route[39m[38;5;3m +0ms[39m
[32m[Nest] 19444  - [39m09/06/2026, 10:47:30 pm [32m    LOG[39m [38;5;3m[RouterExplorer] [39m[32mMapped {/api/v1/notebook/search, GET} route[39m[38;5;3m +0ms[39m
[32m[Nest] 19444  - [39m09/06/2026, 10:47:30 pm [32m    LOG[39m [38;5;3m[RouterExplorer] [39m[32mMapped {/api/v1/notebook/documents/:id, DELETE} route[39m[38;5;3m +0ms[39m
[32m[Nest] 19444  - [39m09/06/2026, 10:47:30 pm [32m    LOG[39m [38;5;3m[RouterExplorer] [39m[32mMapped {/api/v1/notebook/upload, POST} route[39m[38;5;3m +1ms[39m
[32m[Nest] 19444  - [39m09/06/2026, 10:47:30 pm [32m    LOG[39m [38;5;3m[RouterExplorer] [39m[32mMapped {/api/v1/notebook/chat, POST} route[39m[38;5;3m +0ms[39m
[32m[Nest] 19444  - [39m09/06/2026, 10:47:30 pm [32m    LOG[39m [38;5;3m[RoutesResolver] [39m[32mResearchController {/api/v1/research}:[39m[38;5;3m +0ms[39m
[32m[Nest] 19444  - [39m09/06/2026, 10:47:30 pm [32m    LOG[39m [38;5;3m[RouterExplorer] [39m[32mMapped {/api/v1/research/query, POST} route[39m[38;5;3m +1ms[39m
[32m[Nest] 19444  - [39m09/06/2026, 10:47:30 pm [32m    LOG[39m [38;5;3m[RouterExplorer] [39m[32mMapped {/api/v1/research/query/all, GET} route[39m[38;5;3m +0ms[39m
[32m[Nest] 19444  - [39m09/06/2026, 10:47:30 pm [32m    LOG[39m [38;5;3m[RouterExplorer] [39m[32mMapped {/api/v1/research/query/:id, GET} route[39m[38;5;3m +0ms[39m
[32m[Nest] 19444  - [39m09/06/2026, 10:47:30 pm [32m    LOG[39m [38;5;3m[RouterExplorer] [39m[32mMapped {/api/v1/research/report, POST} route[39m[38;5;3m +1ms[39m
[32m[Nest] 19444  - [39m09/06/2026, 10:47:30 pm [32m    LOG[39m [38;5;3m[RouterExplorer] [39m[32mMapped {/api/v1/research/report/:id, GET} route[39m[38;5;3m +0ms[39m
[32m[Nest] 19444  - [39m09/06/2026, 10:47:30 pm [32m    LOG[39m [38;5;3m[RouterExplorer] [39m[32mMapped {/api/v1/research/report/:id, PUT} route[39m[38;5;3m +0ms[39m
[32m[Nest] 19444  - [39m09/06/2026, 10:47:30 pm [32m    LOG[39m [38;5;3m[RouterExplorer] [39m[32mMapped {/api/v1/research/report/:id, DELETE} route[39m[38;5;3m +0ms[39m
[32m[Nest] 19444  - [39m09/06/2026, 10:47:30 pm [32m    LOG[39m [38;5;3m[RouterExplorer] [39m[32mMapped {/api/v1/research/note, POST} route[39m[38;5;3m +1ms[39m
[32m[Nest] 19444  - [39m09/06/2026, 10:47:30 pm [32m    LOG[39m [38;5;3m[RouterExplorer] [39m[32mMapped {/api/v1/research/note/:id, GET} route[39m[38;5;3m +0ms[39m
[32m[Nest] 19444  - [39m09/06/2026, 10:47:30 pm [32m    LOG[39m [38;5;3m[RouterExplorer] [39m[32mMapped {/api/v1/research/note/:id, PUT} route[39m[38;5;3m +0ms[39m
[32m[Nest] 19444  - [39m09/06/2026, 10:47:30 pm [32m    LOG[39m [38;5;3m[RouterExplorer] [39m[32mMapped {/api/v1/research/note/:id, DELETE} route[39m[38;5;3m +1ms[39m
[32m[Nest] 19444  - [39m09/06/2026, 10:47:30 pm [32m    LOG[39m [38;5;3m[RouterExplorer] [39m[32mMapped {/api/v1/research/source, POST} route[39m[38;5;3m +0ms[39m
[32m[Nest] 19444  - [39m09/06/2026, 10:47:30 pm [32m    LOG[39m [38;5;3m[RouterExplorer] [39m[32mMapped {/api/v1/research/source/:id, GET} route[39m[38;5;3m +0ms[39m
[32m[Nest] 19444  - [39m09/06/2026, 10:47:30 pm [32m    LOG[39m [38;5;3m[RouterExplorer] [39m[32mMapped {/api/v1/research/source/:id, DELETE} route[39m[38;5;3m +1ms[39m
[32m[Nest] 19444  - [39m09/06/2026, 10:47:30 pm [32m    LOG[39m [38;5;3m[RouterExplorer] [39m[32mMapped {/api/v1/research/save, POST} route[39m[38;5;3m +0ms[39m
[32m[Nest] 19444  - [39m09/06/2026, 10:47:30 pm [32m    LOG[39m [38;5;3m[RouterExplorer] [39m[32mMapped {/api/v1/research/save/all, GET} route[39m[38;5;3m +0ms[39m
[32m[Nest] 19444  - [39m09/06/2026, 10:47:30 pm [32m    LOG[39m [38;5;3m[RouterExplorer] [39m[32mMapped {/api/v1/research/save/:id, DELETE} route[39m[38;5;3m +1ms[39m
[32m[Nest] 19444  - [39m09/06/2026, 10:47:30 pm [32m    LOG[39m [38;5;3m[RouterExplorer] [39m[32mMapped {/api/v1/research/asset, POST} route[39m[38;5;3m +0ms[39m
[32m[Nest] 19444  - [39m09/06/2026, 10:47:30 pm [32m    LOG[39m [38;5;3m[RouterExplorer] [39m[32mMapped {/api/v1/research/upload, POST} route[39m[38;5;3m +0ms[39m
[32m[Nest] 19444  - [39m09/06/2026, 10:47:30 pm [32m    LOG[39m [38;5;3m[RouterExplorer] [39m[32mMapped {/api/v1/research/documents/:queryId, GET} route[39m[38;5;3m +0ms[39m
[32m[Nest] 19444  - [39m09/06/2026, 10:47:30 pm [32m    LOG[39m [38;5;3m[RouterExplorer] [39m[32mMapped {/api/v1/research/generate, POST} route[39m[38;5;3m +1ms[39m
[32m[Nest] 19444  - [39m09/06/2026, 10:47:30 pm [32m    LOG[39m [38;5;3m[RouterExplorer] [39m[32mMapped {/api/v1/research/challenge, POST} route[39m[38;5;3m +0ms[39m
[32m[Nest] 19444  - [39m09/06/2026, 10:47:30 pm [32m    LOG[39m [38;5;3m[RoutesResolver] [39m[32mIngestionController {/api/v1/ingestion}:[39m[38;5;3m +0ms[39m
[32m[Nest] 19444  - [39m09/06/2026, 10:47:30 pm [32m    LOG[39m [38;5;3m[RouterExplorer] [39m[32mMapped {/api/v1/ingestion/status, GET} route[39m[38;5;3m +0ms[39m
[32m[Nest] 19444  - [39m09/06/2026, 10:47:30 pm [32m    LOG[39m [38;5;3m[RouterExplorer] [39m[32mMapped {/api/v1/ingestion/init-collections, POST} route[39m[38;5;3m +1ms[39m
[32m[Nest] 19444  - [39m09/06/2026, 10:47:30 pm [32m    LOG[39m [38;5;3m[RouterExplorer] [39m[32mMapped {/api/v1/ingestion/ingest, POST} route[39m[38;5;3m +0ms[39m
[32m[Nest] 19444  - [39m09/06/2026, 10:47:30 pm [32m    LOG[39m [38;5;3m[RouterExplorer] [39m[32mMapped {/api/v1/ingestion/ingest-text, POST} route[39m[38;5;3m +0ms[39m
[32m[Nest] 19444  - [39m09/06/2026, 10:47:30 pm [32m    LOG[39m [38;5;3m[RouterExplorer] [39m[32mMapped {/api/v1/ingestion/ingest-batch, POST} route[39m[38;5;3m +0ms[39m
[32m[Nest] 19444  - [39m09/06/2026, 10:47:30 pm [32m    LOG[39m [38;5;3m[RoutesResolver] [39m[32mExamController {/api/v1/exam}:[39m[38;5;3m +0ms[39m
[32m[Nest] 19444  - [39m09/06/2026, 10:47:30 pm [32m    LOG[39m [38;5;3m[RouterExplorer] [39m[32mMapped {/api/v1/exam, POST} route[39m[38;5;3m +1ms[39m
[32m[Nest] 19444  - [39m09/06/2026, 10:47:30 pm [32m    LOG[39m [38;5;3m[RouterExplorer] [39m[32mMapped {/api/v1/exam, GET} route[39m[38;5;3m +0ms[39m
[32m[Nest] 19444  - [39m09/06/2026, 10:47:30 pm [32m    LOG[39m [38;5;3m[RouterExplorer] [39m[32mMapped {/api/v1/exam/:id, GET} route[39m[38;5;3m +0ms[39m
[32m[Nest] 19444  - [39m09/06/2026, 10:47:30 pm [32m    LOG[39m [38;5;3m[RouterExplorer] [39m[32mMapped {/api/v1/exam/:id/mock, POST} route[39m[38;5;3m +1ms[39m
[32m[Nest] 19444  - [39m09/06/2026, 10:47:30 pm [32m    LOG[39m [38;5;3m[RouterExplorer] [39m[32mMapped {/api/v1/exam/assistant, POST} route[39m[38;5;3m +0ms[39m
[32m[Nest] 19444  - [39m09/06/2026, 10:47:30 pm [32m    LOG[39m [38;5;3m[RouterExplorer] [39m[32mMapped {/api/v1/exam/dashboard/recommendations, GET} route[39m[38;5;3m +0ms[39m
[32m[Nest] 19444  - [39m09/06/2026, 10:47:30 pm [32m    LOG[39m [38;5;3m[RouterExplorer] [39m[32mMapped {/api/v1/exam/doubt-solve, POST} route[39m[38;5;3m +0ms[39m
[32m[Nest] 19444  - [39m09/06/2026, 10:47:30 pm [32m    LOG[39m [38;5;3m[RouterExplorer] [39m[32mMapped {/api/v1/exam/oauth-tokens, POST} route[39m[38;5;3m +1ms[39m
[32m[Nest] 19444  - [39m09/06/2026, 10:47:30 pm [32m    LOG[39m [38;5;3m[RouterExplorer] [39m[32mMapped {/api/v1/exam/dashboard/notifications, GET} route[39m[38;5;3m +0ms[39m
[32m[Nest] 19444  - [39m09/06/2026, 10:47:30 pm [32m    LOG[39m [38;5;3m[RouterExplorer] [39m[32mMapped {/api/v1/exam/dashboard/notifications/read, POST} route[39m[38;5;3m +1ms[39m
[32m[Nest] 19444  - [39m09/06/2026, 10:47:30 pm [32m    LOG[39m [38;5;3m[RouterExplorer] [39m[32mMapped {/api/v1/exam/calendar/events, GET} route[39m[38;5;3m +0ms[39m
[32m[Nest] 19444  - [39m09/06/2026, 10:47:30 pm [32m    LOG[39m [38;5;3m[RouterExplorer] [39m[32mMapped {/api/v1/exam/calendar/events, POST} route[39m[38;5;3m +0ms[39m
[32m[Nest] 19444  - [39m09/06/2026, 10:47:30 pm [32m    LOG[39m [38;5;3m[RoutesResolver] [39m[32mFounderSecurityController {/api/v1/founder-security}:[39m[38;5;3m +1ms[39m
[32m[Nest] 19444  - [39m09/06/2026, 10:47:30 pm [32m    LOG[39m [38;5;3m[RouterExplorer] [39m[32mMapped {/api/v1/founder-security/settings, GET} route[39m[38;5;3m +0ms[39m
[32m[Nest] 19444  - [39m09/06/2026, 10:47:30 pm [32m    LOG[39m [38;5;3m[RouterExplorer] [39m[32mMapped {/api/v1/founder-security/settings, PUT} route[39m[38;5;3m +0ms[39m
[32m[Nest] 19444  - [39m09/06/2026, 10:47:30 pm [32m    LOG[39m [38;5;3m[RouterExplorer] [39m[32mMapped {/api/v1/founder-security/events, GET} route[39m[38;5;3m +0ms[39m
[32m[Nest] 19444  - [39m09/06/2026, 10:47:30 pm [32m    LOG[39m [38;5;3m[RouterExplorer] [39m[32mMapped {/api/v1/founder-security/events, POST} route[39m[38;5;3m +1ms[39m
[32m[Nest] 19444  - [39m09/06/2026, 10:47:30 pm [32m    LOG[39m [38;5;3m[RouterExplorer] [39m[32mMapped {/api/v1/founder-security/clear-locks, GET} route[39m[38;5;3m +0ms[39m
[32m[Nest] 19444  - [39m09/06/2026, 10:47:30 pm [32m    LOG[39m [38;5;3m[RouterExplorer] [39m[32mMapped {/api/v1/founder-security/admin-login, POST} route[39m[38;5;3m +0ms[39m
[32m[Nest] 19444  - [39m09/06/2026, 10:47:30 pm [32m    LOG[39m [38;5;3m[RouterExplorer] [39m[32mMapped {/api/v1/founder-security/verify-question, POST} route[39m[38;5;3m +1ms[39m
[32m[Nest] 19444  - [39m09/06/2026, 10:47:30 pm [32m    LOG[39m [38;5;3m[RouterExplorer] [39m[32mMapped {/api/v1/founder-security/login-approve, GET} route[39m[38;5;3m +0ms[39m
[32m[Nest] 19444  - [39m09/06/2026, 10:47:30 pm [32m    LOG[39m [38;5;3m[RouterExplorer] [39m[32mMapped {/api/v1/founder-security/login-reject, GET} route[39m[38;5;3m +0ms[39m
[32m[Nest] 19444  - [39m09/06/2026, 10:47:30 pm [32m    LOG[39m [38;5;3m[RouterExplorer] [39m[32mMapped {/api/v1/founder-security/login-status, GET} route[39m[38;5;3m +0ms[39m
[32m[Nest] 19444  - [39m09/06/2026, 10:47:30 pm [32m    LOG[39m [38;5;3m[RoutesResolver] [39m[32mSecurityTestController {/api/v1/api/security}:[39m[38;5;3m +0ms[39m
[32m[Nest] 19444  - [39m09/06/2026, 10:47:30 pm [32m    LOG[39m [38;5;3m[RouterExplorer] [39m[32mMapped {/api/security/test-email, GET} route[39m[38;5;3m +1ms[39m
[32m[Nest] 19444  - [39m09/06/2026, 10:47:30 pm [32m    LOG[39m [38;5;3m[RouterExplorer] [39m[32mMapped {/api/security/test-email, POST} route[39m[38;5;3m +0ms[39m
[32m[Nest] 19444  - [39m09/06/2026, 10:47:30 pm [32m    LOG[39m [38;5;3m[QdrantService] [39m[32mInitializing Qdrant client with URL: https://dd284eb5-9c7e-4f0e-92fd-815f87684ce0.us-west-1-0.aws.cloud.qdrant.io[39m
[32m[Nest] 19444  - [39m09/06/2026, 10:47:30 pm [32m    LOG[39m [38;5;3m[QdrantService] [39m[32mTesting Qdrant connection...[39m
[32m[Nest] 19444  - [39m09/06/2026, 10:47:30 pm [32m    LOG[39m [38;5;3m[BgeM3Provider] [39m[32mInitializing BGE-M3 provider → http://localhost:8100[39m
[32m[Nest] 19444  - [39m09/06/2026, 10:47:30 pm [32m    LOG[39m [38;5;3m[NestApplication] [39m[32mNest application successfully started[39m[38;5;3m +11ms[39m
[LEGATRIXON SERVER] NestJS Engine running on: http://localhost:4000/api/v1
[33m[Nest] 19444  - [39m09/06/2026, 10:47:30 pm [33m   WARN[39m [38;5;3m[BgeM3Provider] [39m[33mBGE-M3 sidecar unreachable at http://localhost:8100: . Embeddings will fail until the sidecar is started.[39m
[32m[Nest] 19444  - [39m09/06/2026, 10:47:31 pm [32m    LOG[39m [38;5;3m[QdrantService] [39m[32mSuccessfully connected to Qdrant.[39m
[32m[Nest] 19444  - [39m09/06/2026, 10:47:31 pm [32m    LOG[39m [38;5;3m[QdrantService] [39m[32mCollection judgments already exists.[39m
[32m[Nest] 19444  - [39m09/06/2026, 10:47:31 pm [32m    LOG[39m [38;5;3m[QdrantService] [39m[32mCollection acts already exists.[39m
[32m[Nest] 19444  - [39m09/06/2026, 10:47:32 pm [32m    LOG[39m [38;5;3m[QdrantService] [39m[32mCollection research_papers already exists.[39m
[32m[Nest] 19444  - [39m09/06/2026, 10:47:32 pm [32m    LOG[39m [38;5;3m[QdrantService] [39m[32mCollection law_commission_reports already exists.[39m
[32m[Nest] 19444  - [39m09/06/2026, 10:47:32 pm [32m    LOG[39m [38;5;3m[QdrantService] [39m[32mCollection user_documents already exists.[39m
[2J[3J[H[[90m10:47:43 pm[0m] File change detected. Starting incremental compilation...

[[90m10:47:43 pm[0m] Found 0 errors. Watching for file changes.

[32m[Nest] 1056  - [39m09/06/2026, 10:47:45 pm [32m    LOG[39m [38;5;3m[NestFactory] [39m[32mStarting Nest application...[39m
[32m[Nest] 1056  - [39m09/06/2026, 10:47:45 pm [32m    LOG[39m [38;5;3m[InstanceLoader] [39m[32mAppModule dependencies initialized[39m[38;5;3m +27ms[39m
[32m[Nest] 1056  - [39m09/06/2026, 10:47:45 pm [32m    LOG[39m [38;5;3m[InstanceLoader] [39m[32mTypeOrmModule dependencies initialized[39m[38;5;3m +1ms[39m
[32m[Nest] 1056  - [39m09/06/2026, 10:47:45 pm [32m    LOG[39m [38;5;3m[InstanceLoader] [39m[32mLegalDomainModule dependencies initialized[39m[38;5;3m +0ms[39m
[32m[Nest] 1056  - [39m09/06/2026, 10:47:45 pm [32m    LOG[39m [38;5;3m[InstanceLoader] [39m[32mRetrievalModule dependencies initialized[39m[38;5;3m +1ms[39m
[32m[Nest] 1056  - [39m09/06/2026, 10:47:45 pm [32m    LOG[39m [38;5;3m[InstanceLoader] [39m[32mJudgmentModule dependencies initialized[39m[38;5;3m +1ms[39m
[32m[Nest] 1056  - [39m09/06/2026, 10:47:45 pm [32m    LOG[39m [38;5;3m[InstanceLoader] [39m[32mContractModule dependencies initialized[39m[38;5;3m +0ms[39m
[32m[Nest] 1056  - [39m09/06/2026, 10:47:45 pm [32m    LOG[39m [38;5;3m[InstanceLoader] [39m[32mChatModule dependencies initialized[39m[38;5;3m +0ms[39m
[32m[Nest] 1056  - [39m09/06/2026, 10:47:45 pm [32m    LOG[39m [38;5;3m[InstanceLoader] [39m[32mIngestionModule dependencies initialized[39m[38;5;3m +0ms[39m
[32m[Nest] 1056  - [39m09/06/2026, 10:47:45 pm [32m    LOG[39m [38;5;3m[InstanceLoader] [39m[32mTypeOrmCoreModule dependencies initialized[39m[38;5;3m +43ms[39m
[32m[Nest] 1056  - [39m09/06/2026, 10:47:45 pm [32m    LOG[39m [38;5;3m[InstanceLoader] [39m[32mTypeOrmModule dependencies initialized[39m[38;5;3m +1ms[39m
[32m[Nest] 1056  - [39m09/06/2026, 10:47:45 pm [32m    LOG[39m [38;5;3m[InstanceLoader] [39m[32mTypeOrmModule dependencies initialized[39m[38;5;3m +0ms[39m
[32m[Nest] 1056  - [39m09/06/2026, 10:47:45 pm [32m    LOG[39m [38;5;3m[InstanceLoader] [39m[32mTypeOrmModule dependencies initialized[39m[38;5;3m +0ms[39m
[32m[Nest] 1056  - [39m09/06/2026, 10:47:45 pm [32m    LOG[39m [38;5;3m[InstanceLoader] [39m[32mTypeOrmModule dependencies initialized[39m[38;5;3m +0ms[39m
[32m[Nest] 1056  - [39m09/06/2026, 10:47:45 pm [32m    LOG[39m [38;5;3m[InstanceLoader] [39m[32mFounderSecurityModule dependencies initialized[39m[38;5;3m +1ms[39m
[32m[Nest] 1056  - [39m09/06/2026, 10:47:45 pm [32m    LOG[39m [38;5;3m[InstanceLoader] [39m[32mResearchModule dependencies initialized[39m[38;5;3m +1ms[39m
[32m[Nest] 1056  - [39m09/06/2026, 10:47:45 pm [32m    LOG[39m [38;5;3m[InstanceLoader] [39m[32mNotebookModule dependencies initialized[39m[38;5;3m +0ms[39m
[32m[Nest] 1056  - [39m09/06/2026, 10:47:45 pm [32m    LOG[39m [38;5;3m[InstanceLoader] [39m[32mExamModule dependencies initialized[39m[38;5;3m +0ms[39m
[32m[Nest] 1056  - [39m09/06/2026, 10:47:45 pm [32m    LOG[39m [38;5;3m[RoutesResolver] [39m[32mJudgmentController {/api/v1/judgments}:[39m[38;5;3m +41ms[39m
[32m[Nest] 1056  - [39m09/06/2026, 10:47:45 pm [32m    LOG[39m [38;5;3m[RouterExplorer] [39m[32mMapped {/api/v1/judgments/upload, POST} route[39m[38;5;3m +3ms[39m
[32m[Nest] 1056  - [39m09/06/2026, 10:47:45 pm [32m    LOG[39m [38;5;3m[RouterExplorer] [39m[32mMapped {/api/v1/judgments/:id/structure, GET} route[39m[38;5;3m +0ms[39m
[32m[Nest] 1056  - [39m09/06/2026, 10:47:45 pm [32m    LOG[39m [38;5;3m[RouterExplorer] [39m[32mMapped {/api/v1/judgments/:id/explain, POST} route[39m[38;5;3m +1ms[39m
[32m[Nest] 1056  - [39m09/06/2026, 10:47:45 pm [32m    LOG[39m [38;5;3m[RoutesResolver] [39m[32mChatController {/api/v1/chat}:[39m[38;5;3m +0ms[39m
[32m[Nest] 1056  - [39m09/06/2026, 10:47:45 pm [32m    LOG[39m [38;5;3m[RouterExplorer] [39m[32mMapped {/api/v1/chat/message, POST} route[39m[38;5;3m +1ms[39m
[32m[Nest] 1056  - [39m09/06/2026, 10:47:45 pm [32m    LOG[39m [38;5;3m[RouterExplorer] [39m[32mMapped {/api/v1/chat/history/:sessionId, GET} route[39m[38;5;3m +0ms[39m
[32m[Nest] 1056  - [39m09/06/2026, 10:47:45 pm [32m    LOG[39m [38;5;3m[RouterExplorer] [39m[32mMapped {/api/v1/chat/history/:sessionId, DELETE} route[39m[38;5;3m +0ms[39m
[32m[Nest] 1056  - [39m09/06/2026, 10:47:45 pm [32m    LOG[39m [38;5;3m[RouterExplorer] [39m[32mMapped {/api/v1/chat/search, POST} route[39m[38;5;3m +1ms[39m
[32m[Nest] 1056  - [39m09/06/2026, 10:47:45 pm [32m    LOG[39m [38;5;3m[RouterExplorer] [39m[32mMapped {/api/v1/chat/citations/:messageId, GET} route[39m[38;5;3m +0ms[39m
[32m[Nest] 1056  - [39m09/06/2026, 10:47:45 pm [32m    LOG[39m [38;5;3m[RoutesResolver] [39m[32mContractController {/api/v1/contracts}:[39m[38;5;3m +0ms[39m
[32m[Nest] 1056  - [39m09/06/2026, 10:47:45 pm [32m    LOG[39m [38;5;3m[RouterExplorer] [39m[32mMapped {/api/v1/contracts/review, POST} route[39m[38;5;3m +1ms[39m
[32m[Nest] 1056  - [39m09/06/2026, 10:47:45 pm [32m    LOG[39m [38;5;3m[RouterExplorer] [39m[32mMapped {/api/v1/contracts/:id/risks, GET} route[39m[38;5;3m +0ms[39m
[32m[Nest] 1056  - [39m09/06/2026, 10:47:45 pm [32m    LOG[39m [38;5;3m[RouterExplorer] [39m[32mMapped {/api/v1/contracts/:id/clauses, POST} route[39m[38;5;3m +1ms[39m
[32m[Nest] 1056  - [39m09/06/2026, 10:47:45 pm [32m    LOG[39m [38;5;3m[RoutesResolver] [39m[32mNotebookController {/api/v1/notebook}:[39m[38;5;3m +0ms[39m
[32m[Nest] 1056  - [39m09/06/2026, 10:47:45 pm [32m    LOG[39m [38;5;3m[RouterExplorer] [39m[32mMapped {/api/v1/notebook/documents, GET} route[39m[38;5;3m +0ms[39m
[32m[Nest] 1056  - [39m09/06/2026, 10:47:45 pm [32m    LOG[39m [38;5;3m[RouterExplorer] [39m[32mMapped {/api/v1/notebook/documents/:id, GET} route[39m[38;5;3m +1ms[39m
[32m[Nest] 1056  - [39m09/06/2026, 10:47:45 pm [32m    LOG[39m [38;5;3m[RouterExplorer] [39m[32mMapped {/api/v1/notebook/documents/:id/preview, GET} route[39m[38;5;3m +0ms[39m
[32m[Nest] 1056  - [39m09/06/2026, 10:47:45 pm [32m    LOG[39m [38;5;3m[RouterExplorer] [39m[32mMapped {/api/v1/notebook/documents/:id/file, GET} route[39m[38;5;3m +0ms[39m
[32m[Nest] 1056  - [39m09/06/2026, 10:47:45 pm [32m    LOG[39m [38;5;3m[RouterExplorer] [39m[32mMapped {/api/v1/notebook/documents/:id/chunks, GET} route[39m[38;5;3m +1ms[39m
[32m[Nest] 1056  - [39m09/06/2026, 10:47:45 pm [32m    LOG[39m [38;5;3m[RouterExplorer] [39m[32mMapped {/api/v1/notebook/documents/:id/chat-history, GET} route[39m[38;5;3m +0ms[39m
[32m[Nest] 1056  - [39m09/06/2026, 10:47:45 pm [32m    LOG[39m [38;5;3m[RouterExplorer] [39m[32mMapped {/api/v1/notebook/documents/:id/reprocess, POST} route[39m[38;5;3m +0ms[39m
[32m[Nest] 1056  - [39m09/06/2026, 10:47:45 pm [32m    LOG[39m [38;5;3m[RouterExplorer] [39m[32mMapped {/api/v1/notebook/documents/:id/extraction, GET} route[39m[38;5;3m +0ms[39m
[32m[Nest] 1056  - [39m09/06/2026, 10:47:45 pm [32m    LOG[39m [38;5;3m[RouterExplorer] [39m[32mMapped {/api/v1/notebook/documents/:id/extraction, POST} route[39m[38;5;3m +1ms[39m
[32m[Nest] 1056  - [39m09/06/2026, 10:47:45 pm [32m    LOG[39m [38;5;3m[RouterExplorer] [39m[32mMapped {/api/v1/notebook/documents/:id/study-forge/generate, POST} route[39m[38;5;3m +0ms[39m
[32m[Nest] 1056  - [39m09/06/2026, 10:47:45 pm [32m    LOG[39m [38;5;3m[RouterExplorer] [39m[32mMapped {/api/v1/notebook/documents/:id/study-forge/flashcards/:cardId/rate, POST} route[39m[38;5;3m +0ms[39m
[32m[Nest] 1056  - [39m09/06/2026, 10:47:45 pm [32m    LOG[39m [38;5;3m[RouterExplorer] [39m[32mMapped {/api/v1/notebook/documents/:id/study-forge/quiz-attempt, POST} route[39m[38;5;3m +0ms[39m
[32m[Nest] 1056  - [39m09/06/2026, 10:47:45 pm [32m    LOG[39m [38;5;3m[RouterExplorer] [39m[32mMapped {/api/v1/notebook/graph, GET} route[39m[38;5;3m +1ms[39m
[32m[Nest] 1056  - [39m09/06/2026, 10:47:45 pm [32m    LOG[39m [38;5;3m[RouterExplorer] [39m[32mMapped {/api/v1/notebook/search, GET} route[39m[38;5;3m +0ms[39m
[32m[Nest] 1056  - [39m09/06/2026, 10:47:45 pm [32m    LOG[39m [38;5;3m[RouterExplorer] [39m[32mMapped {/api/v1/notebook/documents/:id, DELETE} route[39m[38;5;3m +0ms[39m
[32m[Nest] 1056  - [39m09/06/2026, 10:47:45 pm [32m    LOG[39m [38;5;3m[RouterExplorer] [39m[32mMapped {/api/v1/notebook/upload, POST} route[39m[38;5;3m +1ms[39m
[32m[Nest] 1056  - [39m09/06/2026, 10:47:45 pm [32m    LOG[39m [38;5;3m[RouterExplorer] [39m[32mMapped {/api/v1/notebook/chat, POST} route[39m[38;5;3m +1ms[39m
[32m[Nest] 1056  - [39m09/06/2026, 10:47:45 pm [32m    LOG[39m [38;5;3m[RoutesResolver] [39m[32mResearchController {/api/v1/research}:[39m[38;5;3m +0ms[39m
[32m[Nest] 1056  - [39m09/06/2026, 10:47:45 pm [32m    LOG[39m [38;5;3m[RouterExplorer] [39m[32mMapped {/api/v1/research/query, POST} route[39m[38;5;3m +1ms[39m
[32m[Nest] 1056  - [39m09/06/2026, 10:47:45 pm [32m    LOG[39m [38;5;3m[RouterExplorer] [39m[32mMapped {/api/v1/research/query/all, GET} route[39m[38;5;3m +0ms[39m
[32m[Nest] 1056  - [39m09/06/2026, 10:47:45 pm [32m    LOG[39m [38;5;3m[RouterExplorer] [39m[32mMapped {/api/v1/research/query/:id, GET} route[39m[38;5;3m +1ms[39m
[32m[Nest] 1056  - [39m09/06/2026, 10:47:45 pm [32m    LOG[39m [38;5;3m[RouterExplorer] [39m[32mMapped {/api/v1/research/report, POST} route[39m[38;5;3m +0ms[39m
[32m[Nest] 1056  - [39m09/06/2026, 10:47:45 pm [32m    LOG[39m [38;5;3m[RouterExplorer] [39m[32mMapped {/api/v1/research/report/:id, GET} route[39m[38;5;3m +1ms[39m
[32m[Nest] 1056  - [39m09/06/2026, 10:47:45 pm [32m    LOG[39m [38;5;3m[RouterExplorer] [39m[32mMapped {/api/v1/research/report/:id, PUT} route[39m[38;5;3m +1ms[39m
[32m[Nest] 1056  - [39m09/06/2026, 10:47:45 pm [32m    LOG[39m [38;5;3m[RouterExplorer] [39m[32mMapped {/api/v1/research/report/:id, DELETE} route[39m[38;5;3m +0ms[39m
[32m[Nest] 1056  - [39m09/06/2026, 10:47:45 pm [32m    LOG[39m [38;5;3m[RouterExplorer] [39m[32mMapped {/api/v1/research/note, POST} route[39m[38;5;3m +1ms[39m
[32m[Nest] 1056  - [39m09/06/2026, 10:47:45 pm [32m    LOG[39m [38;5;3m[RouterExplorer] [39m[32mMapped {/api/v1/research/note/:id, GET} route[39m[38;5;3m +0ms[39m
[32m[Nest] 1056  - [39m09/06/2026, 10:47:45 pm [32m    LOG[39m [38;5;3m[RouterExplorer] [39m[32mMapped {/api/v1/research/note/:id, PUT} route[39m[38;5;3m +1ms[39m
[32m[Nest] 1056  - [39m09/06/2026, 10:47:45 pm [32m    LOG[39m [38;5;3m[RouterExplorer] [39m[32mMapped {/api/v1/research/note/:id, DELETE} route[39m[38;5;3m +0ms[39m
[32m[Nest] 1056  - [39m09/06/2026, 10:47:45 pm [32m    LOG[39m [38;5;3m[RouterExplorer] [39m[32mMapped {/api/v1/research/source, POST} route[39m[38;5;3m +1ms[39m
[32m[Nest] 1056  - [39m09/06/2026, 10:47:45 pm [32m    LOG[39m [38;5;3m[RouterExplorer] [39m[32mMapped {/api/v1/research/source/:id, GET} route[39m[38;5;3m +0ms[39m
[32m[Nest] 1056  - [39m09/06/2026, 10:47:45 pm [32m    LOG[39m [38;5;3m[RouterExplorer] [39m[32mMapped {/api/v1/research/source/:id, DELETE} route[39m[38;5;3m +1ms[39m
[32m[Nest] 1056  - [39m09/06/2026, 10:47:45 pm [32m    LOG[39m [38;5;3m[RouterExplorer] [39m[32mMapped {/api/v1/research/save, POST} route[39m[38;5;3m +0ms[39m
[32m[Nest] 1056  - [39m09/06/2026, 10:47:45 pm [32m    LOG[39m [38;5;3m[RouterExplorer] [39m[32mMapped {/api/v1/research/save/all, GET} route[39m[38;5;3m +0ms[39m
[32m[Nest] 1056  - [39m09/06/2026, 10:47:45 pm [32m    LOG[39m [38;5;3m[RouterExplorer] [39m[32mMapped {/api/v1/research/save/:id, DELETE} route[39m[38;5;3m +0ms[39m
[32m[Nest] 1056  - [39m09/06/2026, 10:47:45 pm [32m    LOG[39m [38;5;3m[RouterExplorer] [39m[32mMapped {/api/v1/research/asset, POST} route[39m[38;5;3m +1ms[39m
[32m[Nest] 1056  - [39m09/06/2026, 10:47:45 pm [32m    LOG[39m [38;5;3m[RouterExplorer] [39m[32mMapped {/api/v1/research/upload, POST} route[39m[38;5;3m +0ms[39m
[32m[Nest] 1056  - [39m09/06/2026, 10:47:45 pm [32m    LOG[39m [38;5;3m[RouterExplorer] [39m[32mMapped {/api/v1/research/documents/:queryId, GET} route[39m[38;5;3m +0ms[39m
[32m[Nest] 1056  - [39m09/06/2026, 10:47:45 pm [32m    LOG[39m [38;5;3m[RouterExplorer] [39m[32mMapped {/api/v1/research/generate, POST} route[39m[38;5;3m +0ms[39m
[32m[Nest] 1056  - [39m09/06/2026, 10:47:45 pm [32m    LOG[39m [38;5;3m[RouterExplorer] [39m[32mMapped {/api/v1/research/challenge, POST} route[39m[38;5;3m +1ms[39m
[32m[Nest] 1056  - [39m09/06/2026, 10:47:45 pm [32m    LOG[39m [38;5;3m[RoutesResolver] [39m[32mIngestionController {/api/v1/ingestion}:[39m[38;5;3m +0ms[39m
[32m[Nest] 1056  - [39m09/06/2026, 10:47:45 pm [32m    LOG[39m [38;5;3m[RouterExplorer] [39m[32mMapped {/api/v1/ingestion/status, GET} route[39m[38;5;3m +0ms[39m
[32m[Nest] 1056  - [39m09/06/2026, 10:47:45 pm [32m    LOG[39m [38;5;3m[RouterExplorer] [39m[32mMapped {/api/v1/ingestion/init-collections, POST} route[39m[38;5;3m +1ms[39m
[32m[Nest] 1056  - [39m09/06/2026, 10:47:45 pm [32m    LOG[39m [38;5;3m[RouterExplorer] [39m[32mMapped {/api/v1/ingestion/ingest, POST} route[39m[38;5;3m +0ms[39m
[32m[Nest] 1056  - [39m09/06/2026, 10:47:45 pm [32m    LOG[39m [38;5;3m[RouterExplorer] [39m[32mMapped {/api/v1/ingestion/ingest-text, POST} route[39m[38;5;3m +0ms[39m
[32m[Nest] 1056  - [39m09/06/2026, 10:47:45 pm [32m    LOG[39m [38;5;3m[RouterExplorer] [39m[32mMapped {/api/v1/ingestion/ingest-batch, POST} route[39m[38;5;3m +1ms[39m
[32m[Nest] 1056  - [39m09/06/2026, 10:47:45 pm [32m    LOG[39m [38;5;3m[RoutesResolver] [39m[32mExamController {/api/v1/exam}:[39m[38;5;3m +0ms[39m
[32m[Nest] 1056  - [39m09/06/2026, 10:47:45 pm [32m    LOG[39m [38;5;3m[RouterExplorer] [39m[32mMapped {/api/v1/exam, POST} route[39m[38;5;3m +1ms[39m
[32m[Nest] 1056  - [39m09/06/2026, 10:47:45 pm [32m    LOG[39m [38;5;3m[RouterExplorer] [39m[32mMapped {/api/v1/exam, GET} route[39m[38;5;3m +0ms[39m
[32m[Nest] 1056  - [39m09/06/2026, 10:47:45 pm [32m    LOG[39m [38;5;3m[RouterExplorer] [39m[32mMapped {/api/v1/exam/:id, GET} route[39m[38;5;3m +0ms[39m
[32m[Nest] 1056  - [39m09/06/2026, 10:47:45 pm [32m    LOG[39m [38;5;3m[RouterExplorer] [39m[32mMapped {/api/v1/exam/:id/mock, POST} route[39m[38;5;3m +0ms[39m
[32m[Nest] 1056  - [39m09/06/2026, 10:47:45 pm [32m    LOG[39m [38;5;3m[RouterExplorer] [39m[32mMapped {/api/v1/exam/assistant, POST} route[39m[38;5;3m +1ms[39m
[32m[Nest] 1056  - [39m09/06/2026, 10:47:45 pm [32m    LOG[39m [38;5;3m[RouterExplorer] [39m[32mMapped {/api/v1/exam/dashboard/recommendations, GET} route[39m[38;5;3m +0ms[39m
[32m[Nest] 1056  - [39m09/06/2026, 10:47:45 pm [32m    LOG[39m [38;5;3m[RouterExplorer] [39m[32mMapped {/api/v1/exam/doubt-solve, POST} route[39m[38;5;3m +0ms[39m
[32m[Nest] 1056  - [39m09/06/2026, 10:47:45 pm [32m    LOG[39m [38;5;3m[RouterExplorer] [39m[32mMapped {/api/v1/exam/oauth-tokens, POST} route[39m[38;5;3m +0ms[39m
[32m[Nest] 1056  - [39m09/06/2026, 10:47:45 pm [32m    LOG[39m [38;5;3m[RouterExplorer] [39m[32mMapped {/api/v1/exam/dashboard/notifications, GET} route[39m[38;5;3m +1ms[39m
[32m[Nest] 1056  - [39m09/06/2026, 10:47:45 pm [32m    LOG[39m [38;5;3m[RouterExplorer] [39m[32mMapped {/api/v1/exam/dashboard/notifications/read, POST} route[39m[38;5;3m +0ms[39m
[32m[Nest] 1056  - [39m09/06/2026, 10:47:45 pm [32m    LOG[39m [38;5;3m[RouterExplorer] [39m[32mMapped {/api/v1/exam/calendar/events, GET} route[39m[38;5;3m +0ms[39m
[32m[Nest] 1056  - [39m09/06/2026, 10:47:45 pm [32m    LOG[39m [38;5;3m[RouterExplorer] [39m[32mMapped {/api/v1/exam/calendar/events, POST} route[39m[38;5;3m +1ms[39m
[32m[Nest] 1056  - [39m09/06/2026, 10:47:45 pm [32m    LOG[39m [38;5;3m[RoutesResolver] [39m[32mFounderSecurityController {/api/v1/founder-security}:[39m[38;5;3m +0ms[39m
[32m[Nest] 1056  - [39m09/06/2026, 10:47:45 pm [32m    LOG[39m [38;5;3m[RouterExplorer] [39m[32mMapped {/api/v1/founder-security/settings, GET} route[39m[38;5;3m +1ms[39m
[32m[Nest] 1056  - [39m09/06/2026, 10:47:45 pm [32m    LOG[39m [38;5;3m[RouterExplorer] [39m[32mMapped {/api/v1/founder-security/settings, PUT} route[39m[38;5;3m +0ms[39m
[32m[Nest] 1056  - [39m09/06/2026, 10:47:45 pm [32m    LOG[39m [38;5;3m[RouterExplorer] [39m[32mMapped {/api/v1/founder-security/events, GET} route[39m[38;5;3m +1ms[39m
[32m[Nest] 1056  - [39m09/06/2026, 10:47:45 pm [32m    LOG[39m [38;5;3m[RouterExplorer] [39m[32mMapped {/api/v1/founder-security/events, POST} route[39m[38;5;3m +0ms[39m
[32m[Nest] 1056  - [39m09/06/2026, 10:47:45 pm [32m    LOG[39m [38;5;3m[RouterExplorer] [39m[32mMapped {/api/v1/founder-security/clear-locks, GET} route[39m[38;5;3m +0ms[39m
[32m[Nest] 1056  - [39m09/06/2026, 10:47:45 pm [32m    LOG[39m [38;5;3m[RouterExplorer] [39m[32mMapped {/api/v1/founder-security/admin-login, POST} route[39m[38;5;3m +0ms[39m
[32m[Nest] 1056  - [39m09/06/2026, 10:47:45 pm [32m    LOG[39m [38;5;3m[RouterExplorer] [39m[32mMapped {/api/v1/founder-security/verify-question, POST} route[39m[38;5;3m +1ms[39m
[32m[Nest] 1056  - [39m09/06/2026, 10:47:45 pm [32m    LOG[39m [38;5;3m[RouterExplorer] [39m[32mMapped {/api/v1/founder-security/login-approve, GET} route[39m[38;5;3m +0ms[39m
[32m[Nest] 1056  - [39m09/06/2026, 10:47:45 pm [32m    LOG[39m [38;5;3m[RouterExplorer] [39m[32mMapped {/api/v1/founder-security/login-reject, GET} route[39m[38;5;3m +0ms[39m
[32m[Nest] 1056  - [39m09/06/2026, 10:47:45 pm [32m    LOG[39m [38;5;3m[RouterExplorer] [39m[32mMapped {/api/v1/founder-security/login-status, GET} route[39m[38;5;3m +0ms[39m
[32m[Nest] 1056  - [39m09/06/2026, 10:47:45 pm [32m    LOG[39m [38;5;3m[RoutesResolver] [39m[32mSecurityTestController {/api/v1/api/security}:[39m[38;5;3m +1ms[39m
[32m[Nest] 1056  - [39m09/06/2026, 10:47:45 pm [32m    LOG[39m [38;5;3m[RouterExplorer] [39m[32mMapped {/api/security/test-email, GET} route[39m[38;5;3m +0ms[39m
[32m[Nest] 1056  - [39m09/06/2026, 10:47:45 pm [32m    LOG[39m [38;5;3m[RouterExplorer] [39m[32mMapped {/api/security/test-email, POST} route[39m[38;5;3m +0ms[39m
[32m[Nest] 1056  - [39m09/06/2026, 10:47:45 pm [32m    LOG[39m [38;5;3m[QdrantService] [39m[32mInitializing Qdrant client with URL: https://dd284eb5-9c7e-4f0e-92fd-815f87684ce0.us-west-1-0.aws.cloud.qdrant.io[39m
[32m[Nest] 1056  - [39m09/06/2026, 10:47:45 pm [32m    LOG[39m [38;5;3m[QdrantService] [39m[32mTesting Qdrant connection...[39m
[32m[Nest] 1056  - [39m09/06/2026, 10:47:45 pm [32m    LOG[39m [38;5;3m[BgeM3Provider] [39m[32mInitializing BGE-M3 provider → http://localhost:8100[39m
[32m[Nest] 1056  - [39m09/06/2026, 10:47:45 pm [32m    LOG[39m [38;5;3m[NestApplication] [39m[32mNest application successfully started[39m[38;5;3m +10ms[39m
[LEGATRIXON SERVER] NestJS Engine running on: http://localhost:4000/api/v1
[33m[Nest] 1056  - [39m09/06/2026, 10:47:45 pm [33m   WARN[39m [38;5;3m[BgeM3Provider] [39m[33mBGE-M3 sidecar unreachable at http://localhost:8100: . Embeddings will fail until the sidecar is started.[39m
[32m[Nest] 1056  - [39m09/06/2026, 10:47:46 pm [32m    LOG[39m [38;5;3m[QdrantService] [39m[32mSuccessfully connected to Qdrant.[39m
[32m[Nest] 1056  - [39m09/06/2026, 10:47:46 pm [32m    LOG[39m [38;5;3m[QdrantService] [39m[32mCollection judgments already exists.[39m
[32m[Nest] 1056  - [39m09/06/2026, 10:47:47 pm [32m    LOG[39m [38;5;3m[QdrantService] [39m[32mCollection acts already exists.[39m
[32m[Nest] 1056  - [39m09/06/2026, 10:47:47 pm [32m    LOG[39m [38;5;3m[QdrantService] [39m[32mCollection research_papers already exists.[39m
[32m[Nest] 1056  - [39m09/06/2026, 10:47:47 pm [32m    LOG[39m [38;5;3m[QdrantService] [39m[32mCollection law_commission_reports already exists.[39m
[32m[Nest] 1056  - [39m09/06/2026, 10:47:47 pm [32m    LOG[39m [38;5;3m[QdrantService] [39m[32mCollection user_documents already exists.[39m
[2J[3J[H[[90m10:48:03 pm[0m] File change detected. Starting incremental compilation...

[[90m10:48:04 pm[0m] Found 0 errors. Watching for file changes.

[32m[Nest] 3256  - [39m09/06/2026, 10:48:05 pm [32m    LOG[39m [38;5;3m[NestFactory] [39m[32mStarting Nest application...[39m
[32m[Nest] 3256  - [39m09/06/2026, 10:48:05 pm [32m    LOG[39m [38;5;3m[InstanceLoader] [39m[32mAppModule dependencies initialized[39m[38;5;3m +26ms[39m
[32m[Nest] 3256  - [39m09/06/2026, 10:48:05 pm [32m    LOG[39m [38;5;3m[InstanceLoader] [39m[32mTypeOrmModule dependencies initialized[39m[38;5;3m +1ms[39m
[32m[Nest] 3256  - [39m09/06/2026, 10:48:05 pm [32m    LOG[39m [38;5;3m[InstanceLoader] [39m[32mLegalDomainModule dependencies initialized[39m[38;5;3m +0ms[39m
[32m[Nest] 3256  - [39m09/06/2026, 10:48:05 pm [32m    LOG[39m [38;5;3m[InstanceLoader] [39m[32mRetrievalModule dependencies initialized[39m[38;5;3m +1ms[39m
[32m[Nest] 3256  - [39m09/06/2026, 10:48:05 pm [32m    LOG[39m [38;5;3m[InstanceLoader] [39m[32mJudgmentModule dependencies initialized[39m[38;5;3m +0ms[39m
[32m[Nest] 3256  - [39m09/06/2026, 10:48:05 pm [32m    LOG[39m [38;5;3m[InstanceLoader] [39m[32mContractModule dependencies initialized[39m[38;5;3m +0ms[39m
[32m[Nest] 3256  - [39m09/06/2026, 10:48:05 pm [32m    LOG[39m [38;5;3m[InstanceLoader] [39m[32mChatModule dependencies initialized[39m[38;5;3m +1ms[39m
[32m[Nest] 3256  - [39m09/06/2026, 10:48:05 pm [32m    LOG[39m [38;5;3m[InstanceLoader] [39m[32mIngestionModule dependencies initialized[39m[38;5;3m +0ms[39m
[32m[Nest] 3256  - [39m09/06/2026, 10:48:05 pm [32m    LOG[39m [38;5;3m[InstanceLoader] [39m[32mTypeOrmCoreModule dependencies initialized[39m[38;5;3m +42ms[39m
[32m[Nest] 3256  - [39m09/06/2026, 10:48:05 pm [32m    LOG[39m [38;5;3m[InstanceLoader] [39m[32mTypeOrmModule dependencies initialized[39m[38;5;3m +1ms[39m
[32m[Nest] 3256  - [39m09/06/2026, 10:48:05 pm [32m    LOG[39m [38;5;3m[InstanceLoader] [39m[32mTypeOrmModule dependencies initialized[39m[38;5;3m +0ms[39m
[32m[Nest] 3256  - [39m09/06/2026, 10:48:05 pm [32m    LOG[39m [38;5;3m[InstanceLoader] [39m[32mTypeOrmModule dependencies initialized[39m[38;5;3m +1ms[39m
[32m[Nest] 3256  - [39m09/06/2026, 10:48:05 pm [32m    LOG[39m [38;5;3m[InstanceLoader] [39m[32mTypeOrmModule dependencies initialized[39m[38;5;3m +0ms[39m
[32m[Nest] 3256  - [39m09/06/2026, 10:48:05 pm [32m    LOG[39m [38;5;3m[InstanceLoader] [39m[32mFounderSecurityModule dependencies initialized[39m[38;5;3m +1ms[39m
[32m[Nest] 3256  - [39m09/06/2026, 10:48:05 pm [32m    LOG[39m [38;5;3m[InstanceLoader] [39m[32mResearchModule dependencies initialized[39m[38;5;3m +1ms[39m
[32m[Nest] 3256  - [39m09/06/2026, 10:48:05 pm [32m    LOG[39m [38;5;3m[InstanceLoader] [39m[32mNotebookModule dependencies initialized[39m[38;5;3m +0ms[39m
[32m[Nest] 3256  - [39m09/06/2026, 10:48:05 pm [32m    LOG[39m [38;5;3m[InstanceLoader] [39m[32mExamModule dependencies initialized[39m[38;5;3m +0ms[39m
[32m[Nest] 3256  - [39m09/06/2026, 10:48:05 pm [32m    LOG[39m [38;5;3m[RoutesResolver] [39m[32mJudgmentController {/api/v1/judgments}:[39m[38;5;3m +27ms[39m
[32m[Nest] 3256  - [39m09/06/2026, 10:48:05 pm [32m    LOG[39m [38;5;3m[RouterExplorer] [39m[32mMapped {/api/v1/judgments/upload, POST} route[39m[38;5;3m +2ms[39m
[32m[Nest] 3256  - [39m09/06/2026, 10:48:05 pm [32m    LOG[39m [38;5;3m[RouterExplorer] [39m[32mMapped {/api/v1/judgments/:id/structure, GET} route[39m[38;5;3m +1ms[39m
[32m[Nest] 3256  - [39m09/06/2026, 10:48:05 pm [32m    LOG[39m [38;5;3m[RouterExplorer] [39m[32mMapped {/api/v1/judgments/:id/explain, POST} route[39m[38;5;3m +1ms[39m
[32m[Nest] 3256  - [39m09/06/2026, 10:48:05 pm [32m    LOG[39m [38;5;3m[RoutesResolver] [39m[32mChatController {/api/v1/chat}:[39m[38;5;3m +0ms[39m
[32m[Nest] 3256  - [39m09/06/2026, 10:48:05 pm [32m    LOG[39m [38;5;3m[RouterExplorer] [39m[32mMapped {/api/v1/chat/message, POST} route[39m[38;5;3m +1ms[39m
[32m[Nest] 3256  - [39m09/06/2026, 10:48:05 pm [32m    LOG[39m [38;5;3m[RouterExplorer] [39m[32mMapped {/api/v1/chat/history/:sessionId, GET} route[39m[38;5;3m +0ms[39m
[32m[Nest] 3256  - [39m09/06/2026, 10:48:05 pm [32m    LOG[39m [38;5;3m[RouterExplorer] [39m[32mMapped {/api/v1/chat/history/:sessionId, DELETE} route[39m[38;5;3m +1ms[39m
[32m[Nest] 3256  - [39m09/06/2026, 10:48:05 pm [32m    LOG[39m [38;5;3m[RouterExplorer] [39m[32mMapped {/api/v1/chat/search, POST} route[39m[38;5;3m +0ms[39m
[32m[Nest] 3256  - [39m09/06/2026, 10:48:05 pm [32m    LOG[39m [38;5;3m[RouterExplorer] [39m[32mMapped {/api/v1/chat/citations/:messageId, GET} route[39m[38;5;3m +0ms[39m
[32m[Nest] 3256  - [39m09/06/2026, 10:48:05 pm [32m    LOG[39m [38;5;3m[RoutesResolver] [39m[32mContractController {/api/v1/contracts}:[39m[38;5;3m +1ms[39m
[32m[Nest] 3256  - [39m09/06/2026, 10:48:05 pm [32m    LOG[39m [38;5;3m[RouterExplorer] [39m[32mMapped {/api/v1/contracts/review, POST} route[39m[38;5;3m +0ms[39m
[32m[Nest] 3256  - [39m09/06/2026, 10:48:05 pm [32m    LOG[39m [38;5;3m[RouterExplorer] [39m[32mMapped {/api/v1/contracts/:id/risks, GET} route[39m[38;5;3m +1ms[39m
[32m[Nest] 3256  - [39m09/06/2026, 10:48:05 pm [32m    LOG[39m [38;5;3m[RouterExplorer] [39m[32mMapped {/api/v1/contracts/:id/clauses, POST} route[39m[38;5;3m +0ms[39m
[32m[Nest] 3256  - [39m09/06/2026, 10:48:05 pm [32m    LOG[39m [38;5;3m[RoutesResolver] [39m[32mNotebookController {/api/v1/notebook}:[39m[38;5;3m +1ms[39m
[32m[Nest] 3256  - [39m09/06/2026, 10:48:05 pm [32m    LOG[39m [38;5;3m[RouterExplorer] [39m[32mMapped {/api/v1/notebook/documents, GET} route[39m[38;5;3m +0ms[39m
[32m[Nest] 3256  - [39m09/06/2026, 10:48:05 pm [32m    LOG[39m [38;5;3m[RouterExplorer] [39m[32mMapped {/api/v1/notebook/documents/:id, GET} route[39m[38;5;3m +1ms[39m
[32m[Nest] 3256  - [39m09/06/2026, 10:48:05 pm [32m    LOG[39m [38;5;3m[RouterExplorer] [39m[32mMapped {/api/v1/notebook/documents/:id/preview, GET} route[39m[38;5;3m +0ms[39m
[32m[Nest] 3256  - [39m09/06/2026, 10:48:05 pm [32m    LOG[39m [38;5;3m[RouterExplorer] [39m[32mMapped {/api/v1/notebook/documents/:id/file, GET} route[39m[38;5;3m +0ms[39m
[32m[Nest] 3256  - [39m09/06/2026, 10:48:05 pm [32m    LOG[39m [38;5;3m[RouterExplorer] [39m[32mMapped {/api/v1/notebook/documents/:id/chunks, GET} route[39m[38;5;3m +1ms[39m
[32m[Nest] 3256  - [39m09/06/2026, 10:48:05 pm [32m    LOG[39m [38;5;3m[RouterExplorer] [39m[32mMapped {/api/v1/notebook/documents/:id/chat-history, GET} route[39m[38;5;3m +0ms[39m
[32m[Nest] 3256  - [39m09/06/2026, 10:48:05 pm [32m    LOG[39m [38;5;3m[RouterExplorer] [39m[32mMapped {/api/v1/notebook/documents/:id/reprocess, POST} route[39m[38;5;3m +0ms[39m
[32m[Nest] 3256  - [39m09/06/2026, 10:48:05 pm [32m    LOG[39m [38;5;3m[RouterExplorer] [39m[32mMapped {/api/v1/notebook/documents/:id/extraction, GET} route[39m[38;5;3m +0ms[39m
[32m[Nest] 3256  - [39m09/06/2026, 10:48:05 pm [32m    LOG[39m [38;5;3m[RouterExplorer] [39m[32mMapped {/api/v1/notebook/documents/:id/extraction, POST} route[39m[38;5;3m +1ms[39m
[32m[Nest] 3256  - [39m09/06/2026, 10:48:05 pm [32m    LOG[39m [38;5;3m[RouterExplorer] [39m[32mMapped {/api/v1/notebook/documents/:id/study-forge/generate, POST} route[39m[38;5;3m +0ms[39m
[32m[Nest] 3256  - [39m09/06/2026, 10:48:05 pm [32m    LOG[39m [38;5;3m[RouterExplorer] [39m[32mMapped {/api/v1/notebook/documents/:id/study-forge/flashcards/:cardId/rate, POST} route[39m[38;5;3m +0ms[39m
[32m[Nest] 3256  - [39m09/06/2026, 10:48:05 pm [32m    LOG[39m [38;5;3m[RouterExplorer] [39m[32mMapped {/api/v1/notebook/documents/:id/study-forge/quiz-attempt, POST} route[39m[38;5;3m +1ms[39m
[32m[Nest] 3256  - [39m09/06/2026, 10:48:05 pm [32m    LOG[39m [38;5;3m[RouterExplorer] [39m[32mMapped {/api/v1/notebook/graph, GET} route[39m[38;5;3m +0ms[39m
[32m[Nest] 3256  - [39m09/06/2026, 10:48:05 pm [32m    LOG[39m [38;5;3m[RouterExplorer] [39m[32mMapped {/api/v1/notebook/search, GET} route[39m[38;5;3m +0ms[39m
[32m[Nest] 3256  - [39m09/06/2026, 10:48:05 pm [32m    LOG[39m [38;5;3m[RouterExplorer] [39m[32mMapped {/api/v1/notebook/documents/:id, DELETE} route[39m[38;5;3m +0ms[39m
[32m[Nest] 3256  - [39m09/06/2026, 10:48:05 pm [32m    LOG[39m [38;5;3m[RouterExplorer] [39m[32mMapped {/api/v1/notebook/upload, POST} route[39m[38;5;3m +1ms[39m
[32m[Nest] 3256  - [39m09/06/2026, 10:48:05 pm [32m    LOG[39m [38;5;3m[RouterExplorer] [39m[32mMapped {/api/v1/notebook/chat, POST} route[39m[38;5;3m +0ms[39m
[32m[Nest] 3256  - [39m09/06/2026, 10:48:05 pm [32m    LOG[39m [38;5;3m[RoutesResolver] [39m[32mResearchController {/api/v1/research}:[39m[38;5;3m +0ms[39m
[32m[Nest] 3256  - [39m09/06/2026, 10:48:05 pm [32m    LOG[39m [38;5;3m[RouterExplorer] [39m[32mMapped {/api/v1/research/query, POST} route[39m[38;5;3m +1ms[39m
[32m[Nest] 3256  - [39m09/06/2026, 10:48:05 pm [32m    LOG[39m [38;5;3m[RouterExplorer] [39m[32mMapped {/api/v1/research/query/all, GET} route[39m[38;5;3m +0ms[39m
[32m[Nest] 3256  - [39m09/06/2026, 10:48:05 pm [32m    LOG[39m [38;5;3m[RouterExplorer] [39m[32mMapped {/api/v1/research/query/:id, GET} route[39m[38;5;3m +0ms[39m
[32m[Nest] 3256  - [39m09/06/2026, 10:48:05 pm [32m    LOG[39m [38;5;3m[RouterExplorer] [39m[32mMapped {/api/v1/research/report, POST} route[39m[38;5;3m +1ms[39m
[32m[Nest] 3256  - [39m09/06/2026, 10:48:05 pm [32m    LOG[39m [38;5;3m[RouterExplorer] [39m[32mMapped {/api/v1/research/report/:id, GET} route[39m[38;5;3m +0ms[39m
[32m[Nest] 3256  - [39m09/06/2026, 10:48:05 pm [32m    LOG[39m [38;5;3m[RouterExplorer] [39m[32mMapped {/api/v1/research/report/:id, PUT} route[39m[38;5;3m +0ms[39m
[32m[Nest] 3256  - [39m09/06/2026, 10:48:05 pm [32m    LOG[39m [38;5;3m[RouterExplorer] [39m[32mMapped {/api/v1/research/report/:id, DELETE} route[39m[38;5;3m +0ms[39m
[32m[Nest] 3256  - [39m09/06/2026, 10:48:05 pm [32m    LOG[39m [38;5;3m[RouterExplorer] [39m[32mMapped {/api/v1/research/note, POST} route[39m[38;5;3m +1ms[39m
[32m[Nest] 3256  - [39m09/06/2026, 10:48:05 pm [32m    LOG[39m [38;5;3m[RouterExplorer] [39m[32mMapped {/api/v1/research/note/:id, GET} route[39m[38;5;3m +0ms[39m
[32m[Nest] 3256  - [39m09/06/2026, 10:48:05 pm [32m    LOG[39m [38;5;3m[RouterExplorer] [39m[32mMapped {/api/v1/research/note/:id, PUT} route[39m[38;5;3m +0ms[39m
[32m[Nest] 3256  - [39m09/06/2026, 10:48:05 pm [32m    LOG[39m [38;5;3m[RouterExplorer] [39m[32mMapped {/api/v1/research/note/:id, DELETE} route[39m[38;5;3m +0ms[39m
[32m[Nest] 3256  - [39m09/06/2026, 10:48:05 pm [32m    LOG[39m [38;5;3m[RouterExplorer] [39m[32mMapped {/api/v1/research/source, POST} route[39m[38;5;3m +1ms[39m
[32m[Nest] 3256  - [39m09/06/2026, 10:48:05 pm [32m    LOG[39m [38;5;3m[RouterExplorer] [39m[32mMapped {/api/v1/research/source/:id, GET} route[39m[38;5;3m +0ms[39m
[32m[Nest] 3256  - [39m09/06/2026, 10:48:05 pm [32m    LOG[39m [38;5;3m[RouterExplorer] [39m[32mMapped {/api/v1/research/source/:id, DELETE} route[39m[38;5;3m +0ms[39m
[32m[Nest] 3256  - [39m09/06/2026, 10:48:05 pm [32m    LOG[39m [38;5;3m[RouterExplorer] [39m[32mMapped {/api/v1/research/save, POST} route[39m[38;5;3m +1ms[39m
[32m[Nest] 3256  - [39m09/06/2026, 10:48:05 pm [32m    LOG[39m [38;5;3m[RouterExplorer] [39m[32mMapped {/api/v1/research/save/all, GET} route[39m[38;5;3m +0ms[39m
[32m[Nest] 3256  - [39m09/06/2026, 10:48:05 pm [32m    LOG[39m [38;5;3m[RouterExplorer] [39m[32mMapped {/api/v1/research/save/:id, DELETE} route[39m[38;5;3m +0ms[39m
[32m[Nest] 3256  - [39m09/06/2026, 10:48:05 pm [32m    LOG[39m [38;5;3m[RouterExplorer] [39m[32mMapped {/api/v1/research/asset, POST} route[39m[38;5;3m +1ms[39m
[32m[Nest] 3256  - [39m09/06/2026, 10:48:05 pm [32m    LOG[39m [38;5;3m[RouterExplorer] [39m[32mMapped {/api/v1/research/upload, POST} route[39m[38;5;3m +0ms[39m
[32m[Nest] 3256  - [39m09/06/2026, 10:48:05 pm [32m    LOG[39m [38;5;3m[RouterExplorer] [39m[32mMapped {/api/v1/research/documents/:queryId, GET} route[39m[38;5;3m +0ms[39m
[32m[Nest] 3256  - [39m09/06/2026, 10:48:05 pm [32m    LOG[39m [38;5;3m[RouterExplorer] [39m[32mMapped {/api/v1/research/generate, POST} route[39m[38;5;3m +0ms[39m
[32m[Nest] 3256  - [39m09/06/2026, 10:48:05 pm [32m    LOG[39m [38;5;3m[RouterExplorer] [39m[32mMapped {/api/v1/research/challenge, POST} route[39m[38;5;3m +1ms[39m
[32m[Nest] 3256  - [39m09/06/2026, 10:48:05 pm [32m    LOG[39m [38;5;3m[RoutesResolver] [39m[32mIngestionController {/api/v1/ingestion}:[39m[38;5;3m +0ms[39m
[32m[Nest] 3256  - [39m09/06/2026, 10:48:05 pm [32m    LOG[39m [38;5;3m[RouterExplorer] [39m[32mMapped {/api/v1/ingestion/status, GET} route[39m[38;5;3m +0ms[39m
[32m[Nest] 3256  - [39m09/06/2026, 10:48:05 pm [32m    LOG[39m [38;5;3m[RouterExplorer] [39m[32mMapped {/api/v1/ingestion/init-collections, POST} route[39m[38;5;3m +0ms[39m
[32m[Nest] 3256  - [39m09/06/2026, 10:48:05 pm [32m    LOG[39m [38;5;3m[RouterExplorer] [39m[32mMapped {/api/v1/ingestion/ingest, POST} route[39m[38;5;3m +0ms[39m
[32m[Nest] 3256  - [39m09/06/2026, 10:48:05 pm [32m    LOG[39m [38;5;3m[RouterExplorer] [39m[32mMapped {/api/v1/ingestion/ingest-text, POST} route[39m[38;5;3m +1ms[39m
[32m[Nest] 3256  - [39m09/06/2026, 10:48:05 pm [32m    LOG[39m [38;5;3m[RouterExplorer] [39m[32mMapped {/api/v1/ingestion/ingest-batch, POST} route[39m[38;5;3m +0ms[39m
[32m[Nest] 3256  - [39m09/06/2026, 10:48:05 pm [32m    LOG[39m [38;5;3m[RoutesResolver] [39m[32mExamController {/api/v1/exam}:[39m[38;5;3m +0ms[39m
[32m[Nest] 3256  - [39m09/06/2026, 10:48:05 pm [32m    LOG[39m [38;5;3m[RouterExplorer] [39m[32mMapped {/api/v1/exam, POST} route[39m[38;5;3m +0ms[39m
[32m[Nest] 3256  - [39m09/06/2026, 10:48:05 pm [32m    LOG[39m [38;5;3m[RouterExplorer] [39m[32mMapped {/api/v1/exam, GET} route[39m[38;5;3m +1ms[39m
[32m[Nest] 3256  - [39m09/06/2026, 10:48:05 pm [32m    LOG[39m [38;5;3m[RouterExplorer] [39m[32mMapped {/api/v1/exam/:id, GET} route[39m[38;5;3m +0ms[39m
[32m[Nest] 3256  - [39m09/06/2026, 10:48:05 pm [32m    LOG[39m [38;5;3m[RouterExplorer] [39m[32mMapped {/api/v1/exam/:id/mock, POST} route[39m[38;5;3m +0ms[39m
[32m[Nest] 3256  - [39m09/06/2026, 10:48:05 pm [32m    LOG[39m [38;5;3m[RouterExplorer] [39m[32mMapped {/api/v1/exam/assistant, POST} route[39m[38;5;3m +0ms[39m
[32m[Nest] 3256  - [39m09/06/2026, 10:48:05 pm [32m    LOG[39m [38;5;3m[RouterExplorer] [39m[32mMapped {/api/v1/exam/dashboard/recommendations, GET} route[39m[38;5;3m +1ms[39m
[32m[Nest] 3256  - [39m09/06/2026, 10:48:05 pm [32m    LOG[39m [38;5;3m[RouterExplorer] [39m[32mMapped {/api/v1/exam/doubt-solve, POST} route[39m[38;5;3m +0ms[39m
[32m[Nest] 3256  - [39m09/06/2026, 10:48:05 pm [32m    LOG[39m [38;5;3m[RouterExplorer] [39m[32mMapped {/api/v1/exam/oauth-tokens, POST} route[39m[38;5;3m +0ms[39m
[32m[Nest] 3256  - [39m09/06/2026, 10:48:05 pm [32m    LOG[39m [38;5;3m[RouterExplorer] [39m[32mMapped {/api/v1/exam/dashboard/notifications, GET} route[39m[38;5;3m +0ms[39m
[32m[Nest] 3256  - [39m09/06/2026, 10:48:05 pm [32m    LOG[39m [38;5;3m[RouterExplorer] [39m[32mMapped {/api/v1/exam/dashboard/notifications/read, POST} route[39m[38;5;3m +1ms[39m
[32m[Nest] 3256  - [39m09/06/2026, 10:48:05 pm [32m    LOG[39m [38;5;3m[RouterExplorer] [39m[32mMapped {/api/v1/exam/calendar/events, GET} route[39m[38;5;3m +0ms[39m
[32m[Nest] 3256  - [39m09/06/2026, 10:48:05 pm [32m    LOG[39m [38;5;3m[RouterExplorer] [39m[32mMapped {/api/v1/exam/calendar/events, POST} route[39m[38;5;3m +0ms[39m
[32m[Nest] 3256  - [39m09/06/2026, 10:48:05 pm [32m    LOG[39m [38;5;3m[RoutesResolver] [39m[32mFounderSecurityController {/api/v1/founder-security}:[39m[38;5;3m +0ms[39m
[32m[Nest] 3256  - [39m09/06/2026, 10:48:05 pm [32m    LOG[39m [38;5;3m[RouterExplorer] [39m[32mMapped {/api/v1/founder-security/settings, GET} route[39m[38;5;3m +1ms[39m
[32m[Nest] 3256  - [39m09/06/2026, 10:48:05 pm [32m    LOG[39m [38;5;3m[RouterExplorer] [39m[32mMapped {/api/v1/founder-security/settings, PUT} route[39m[38;5;3m +0ms[39m
[32m[Nest] 3256  - [39m09/06/2026, 10:48:05 pm [32m    LOG[39m [38;5;3m[RouterExplorer] [39m[32mMapped {/api/v1/founder-security/events, GET} route[39m[38;5;3m +0ms[39m
[32m[Nest] 3256  - [39m09/06/2026, 10:48:05 pm [32m    LOG[39m [38;5;3m[RouterExplorer] [39m[32mMapped {/api/v1/founder-security/events, POST} route[39m[38;5;3m +0ms[39m
[32m[Nest] 3256  - [39m09/06/2026, 10:48:05 pm [32m    LOG[39m [38;5;3m[RouterExplorer] [39m[32mMapped {/api/v1/founder-security/clear-locks, GET} route[39m[38;5;3m +1ms[39m
[32m[Nest] 3256  - [39m09/06/2026, 10:48:05 pm [32m    LOG[39m [38;5;3m[RouterExplorer] [39m[32mMapped {/api/v1/founder-security/admin-login, POST} route[39m[38;5;3m +0ms[39m
[32m[Nest] 3256  - [39m09/06/2026, 10:48:05 pm [32m    LOG[39m [38;5;3m[RouterExplorer] [39m[32mMapped {/api/v1/founder-security/verify-question, POST} route[39m[38;5;3m +0ms[39m
[32m[Nest] 3256  - [39m09/06/2026, 10:48:05 pm [32m    LOG[39m [38;5;3m[RouterExplorer] [39m[32mMapped {/api/v1/founder-security/login-approve, GET} route[39m[38;5;3m +1ms[39m
[32m[Nest] 3256  - [39m09/06/2026, 10:48:05 pm [32m    LOG[39m [38;5;3m[RouterExplorer] [39m[32mMapped {/api/v1/founder-security/login-reject, GET} route[39m[38;5;3m +0ms[39m
[32m[Nest] 3256  - [39m09/06/2026, 10:48:05 pm [32m    LOG[39m [38;5;3m[RouterExplorer] [39m[32mMapped {/api/v1/founder-security/login-status, GET} route[39m[38;5;3m +0ms[39m
[32m[Nest] 3256  - [39m09/06/2026, 10:48:05 pm [32m    LOG[39m [38;5;3m[RoutesResolver] [39m[32mSecurityTestController {/api/v1/api/security}:[39m[38;5;3m +0ms[39m
[32m[Nest] 3256  - [39m09/06/2026, 10:48:05 pm [32m    LOG[39m [38;5;3m[RouterExplorer] [39m[32mMapped {/api/security/test-email, GET} route[39m[38;5;3m +1ms[39m
[32m[Nest] 3256  - [39m09/06/2026, 10:48:05 pm [32m    LOG[39m [38;5;3m[RouterExplorer] [39m[32mMapped {/api/security/test-email, POST} route[39m[38;5;3m +0ms[39m
[32m[Nest] 3256  - [39m09/06/2026, 10:48:05 pm [32m    LOG[39m [38;5;3m[QdrantService] [39m[32mInitializing Qdrant client with URL: https://dd284eb5-9c7e-4f0e-92fd-815f87684ce0.us-west-1-0.aws.cloud.qdrant.io[39m
[32m[Nest] 3256  - [39m09/06/2026, 10:48:05 pm [32m    LOG[39m [38;5;3m[QdrantService] [39m[32mTesting Qdrant connection...[39m
[32m[Nest] 3256  - [39m09/06/2026, 10:48:05 pm [32m    LOG[39m [38;5;3m[BgeM3Provider] [39m[32mInitializing BGE-M3 provider → http://localhost:8100[39m
[32m[Nest] 3256  - [39m09/06/2026, 10:48:05 pm [32m    LOG[39m [38;5;3m[NestApplication] [39m[32mNest application successfully started[39m[38;5;3m +9ms[39m
[LEGATRIXON SERVER] NestJS Engine running on: http://localhost:4000/api/v1
[33m[Nest] 3256  - [39m09/06/2026, 10:48:05 pm [33m   WARN[39m [38;5;3m[BgeM3Provider] [39m[33mBGE-M3 sidecar unreachable at http://localhost:8100: . Embeddings will fail until the sidecar is started.[39m
[32m[Nest] 3256  - [39m09/06/2026, 10:48:06 pm [32m    LOG[39m [38;5;3m[QdrantService] [39m[32mSuccessfully connected to Qdrant.[39m
[32m[Nest] 3256  - [39m09/06/2026, 10:48:07 pm [32m    LOG[39m [38;5;3m[QdrantService] [39m[32mCollection judgments already exists.[39m
[32m[Nest] 3256  - [39m09/06/2026, 10:48:07 pm [32m    LOG[39m [38;5;3m[QdrantService] [39m[32mCollection acts already exists.[39m
[32m[Nest] 3256  - [39m09/06/2026, 10:48:07 pm [32m    LOG[39m [38;5;3m[QdrantService] [39m[32mCollection research_papers already exists.[39m
[32m[Nest] 3256  - [39m09/06/2026, 10:48:07 pm [32m    LOG[39m [38;5;3m[QdrantService] [39m[32mCollection law_commission_reports already exists.[39m
[32m[Nest] 3256  - [39m09/06/2026, 10:48:08 pm [32m    LOG[39m [38;5;3m[QdrantService] [39m[32mCollection user_documents already exists.[39m
[33m[Nest] 3256  - [39m09/06/2026, 10:48:34 pm [33m   WARN[39m [38;5;3m[LegalDomainClassifierService] [39m[33mLegal intent classifier DeepSeek failed. Trying next classifier. Reason: Request failed with status code 402[39m
[32m[Nest] 3256  - [39m09/06/2026, 10:48:35 pm [32m    LOG[39m [38;5;3m[LegalDomainClassifierService] [39m[32mLegal Intent Model Used: Gemini (gemini-2.5-flash) -> LEGAL[39m
[33m[Nest] 3256  - [39m09/06/2026, 10:48:36 pm [33m   WARN[39m [38;5;3m[LexMentorAiService] [39m[33mDeepSeek failed for LexMentor. Trying Gemini fallback. Reason: Request failed with status code 402[39m
[32m[Nest] 3256  - [39m09/06/2026, 10:48:40 pm [32m    LOG[39m [38;5;3m[LexMentorAiService] [39m[32mModel Used: Gemini (gemini-2.5-flash)[39m
[33m[Nest] 3256  - [39m09/06/2026, 10:49:00 pm [33m   WARN[39m [38;5;3m[LegalDomainClassifierService] [39m[33mLegal intent classifier DeepSeek failed. Trying next classifier. Reason: Request failed with status code 402[39m
[33m[Nest] 3256  - [39m09/06/2026, 10:49:01 pm [33m   WARN[39m [38;5;3m[LegalDomainClassifierService] [39m[33mLegal intent classifier Gemini failed. Trying next classifier. Reason: Request failed with status code 503[39m
[33m[Nest] 3256  - [39m09/06/2026, 10:49:02 pm [33m   WARN[39m [38;5;3m[LegalDomainClassifierService] [39m[33mLegal intent classifier OpenAI failed. Trying next classifier. Reason: Request failed with status code 429[39m
[33m[Nest] 3256  - [39m09/06/2026, 10:49:02 pm [33m   WARN[39m [38;5;3m[LegalDomainClassifierService] [39m[33mLegal intent classifiers unavailable. Allowing query by uncertainty rule.[39m
[33m[Nest] 3256  - [39m09/06/2026, 10:49:03 pm [33m   WARN[39m [38;5;3m[LexMentorAiService] [39m[33mDeepSeek failed for LexMentor. Trying Gemini fallback. Reason: Request failed with status code 402[39m
[33m[Nest] 3256  - [39m09/06/2026, 10:49:05 pm [33m   WARN[39m [38;5;3m[LexMentorAiService] [39m[33mGemini fallback failed for LexMentor. Trying OpenAI fallback. Reason: Request failed with status code 503[39m
[2J[3J[H[[90m10:49:44 pm[0m] File change detected. Starting incremental compilation...

[[90m10:49:45 pm[0m] Found 0 errors. Watching for file changes.

[32m[Nest] 28784  - [39m09/06/2026, 10:49:47 pm [32m    LOG[39m [38;5;3m[NestFactory] [39m[32mStarting Nest application...[39m
[32m[Nest] 28784  - [39m09/06/2026, 10:49:47 pm [32m    LOG[39m [38;5;3m[InstanceLoader] [39m[32mAppModule dependencies initialized[39m[38;5;3m +29ms[39m
[32m[Nest] 28784  - [39m09/06/2026, 10:49:47 pm [32m    LOG[39m [38;5;3m[InstanceLoader] [39m[32mTypeOrmModule dependencies initialized[39m[38;5;3m +0ms[39m
[32m[Nest] 28784  - [39m09/06/2026, 10:49:47 pm [32m    LOG[39m [38;5;3m[InstanceLoader] [39m[32mLegalDomainModule dependencies initialized[39m[38;5;3m +1ms[39m
[32m[Nest] 28784  - [39m09/06/2026, 10:49:47 pm [32m    LOG[39m [38;5;3m[InstanceLoader] [39m[32mRetrievalModule dependencies initialized[39m[38;5;3m +0ms[39m
[32m[Nest] 28784  - [39m09/06/2026, 10:49:47 pm [32m    LOG[39m [38;5;3m[InstanceLoader] [39m[32mJudgmentModule dependencies initialized[39m[38;5;3m +1ms[39m
[32m[Nest] 28784  - [39m09/06/2026, 10:49:47 pm [32m    LOG[39m [38;5;3m[InstanceLoader] [39m[32mContractModule dependencies initialized[39m[38;5;3m +0ms[39m
[32m[Nest] 28784  - [39m09/06/2026, 10:49:47 pm [32m    LOG[39m [38;5;3m[InstanceLoader] [39m[32mChatModule dependencies initialized[39m[38;5;3m +0ms[39m
[32m[Nest] 28784  - [39m09/06/2026, 10:49:47 pm [32m    LOG[39m [38;5;3m[InstanceLoader] [39m[32mIngestionModule dependencies initialized[39m[38;5;3m +0ms[39m
[32m[Nest] 28784  - [39m09/06/2026, 10:49:47 pm [32m    LOG[39m [38;5;3m[InstanceLoader] [39m[32mTypeOrmCoreModule dependencies initialized[39m[38;5;3m +46ms[39m
[32m[Nest] 28784  - [39m09/06/2026, 10:49:47 pm [32m    LOG[39m [38;5;3m[InstanceLoader] [39m[32mTypeOrmModule dependencies initialized[39m[38;5;3m +1ms[39m
[32m[Nest] 28784  - [39m09/06/2026, 10:49:47 pm [32m    LOG[39m [38;5;3m[InstanceLoader] [39m[32mTypeOrmModule dependencies initialized[39m[38;5;3m +1ms[39m
[32m[Nest] 28784  - [39m09/06/2026, 10:49:47 pm [32m    LOG[39m [38;5;3m[InstanceLoader] [39m[32mTypeOrmModule dependencies initialized[39m[38;5;3m +0ms[39m
[32m[Nest] 28784  - [39m09/06/2026, 10:49:47 pm [32m    LOG[39m [38;5;3m[InstanceLoader] [39m[32mTypeOrmModule dependencies initialized[39m[38;5;3m +0ms[39m
[32m[Nest] 28784  - [39m09/06/2026, 10:49:47 pm [32m    LOG[39m [38;5;3m[InstanceLoader] [39m[32mFounderSecurityModule dependencies initialized[39m[38;5;3m +2ms[39m
[32m[Nest] 28784  - [39m09/06/2026, 10:49:47 pm [32m    LOG[39m [38;5;3m[InstanceLoader] [39m[32mResearchModule dependencies initialized[39m[38;5;3m +0ms[39m
[32m[Nest] 28784  - [39m09/06/2026, 10:49:47 pm [32m    LOG[39m [38;5;3m[InstanceLoader] [39m[32mNotebookModule dependencies initialized[39m[38;5;3m +0ms[39m
[32m[Nest] 28784  - [39m09/06/2026, 10:49:47 pm [32m    LOG[39m [38;5;3m[InstanceLoader] [39m[32mExamModule dependencies initialized[39m[38;5;3m +0ms[39m
[32m[Nest] 28784  - [39m09/06/2026, 10:49:47 pm [32m    LOG[39m [38;5;3m[RoutesResolver] [39m[32mJudgmentController {/api/v1/judgments}:[39m[38;5;3m +29ms[39m
[32m[Nest] 28784  - [39m09/06/2026, 10:49:47 pm [32m    LOG[39m [38;5;3m[RouterExplorer] [39m[32mMapped {/api/v1/judgments/upload, POST} route[39m[38;5;3m +4ms[39m
[32m[Nest] 28784  - [39m09/06/2026, 10:49:47 pm [32m    LOG[39m [38;5;3m[RouterExplorer] [39m[32mMapped {/api/v1/judgments/:id/structure, GET} route[39m[38;5;3m +0ms[39m
[32m[Nest] 28784  - [39m09/06/2026, 10:49:47 pm [32m    LOG[39m [38;5;3m[RouterExplorer] [39m[32mMapped {/api/v1/judgments/:id/explain, POST} route[39m[38;5;3m +1ms[39m
[32m[Nest] 28784  - [39m09/06/2026, 10:49:47 pm [32m    LOG[39m [38;5;3m[RoutesResolver] [39m[32mChatController {/api/v1/chat}:[39m[38;5;3m +0ms[39m
[32m[Nest] 28784  - [39m09/06/2026, 10:49:47 pm [32m    LOG[39m [38;5;3m[RouterExplorer] [39m[32mMapped {/api/v1/chat/message, POST} route[39m[38;5;3m +1ms[39m
[32m[Nest] 28784  - [39m09/06/2026, 10:49:47 pm [32m    LOG[39m [38;5;3m[RouterExplorer] [39m[32mMapped {/api/v1/chat/history/:sessionId, GET} route[39m[38;5;3m +0ms[39m
[32m[Nest] 28784  - [39m09/06/2026, 10:49:47 pm [32m    LOG[39m [38;5;3m[RouterExplorer] [39m[32mMapped {/api/v1/chat/history/:sessionId, DELETE} route[39m[38;5;3m +1ms[39m
[32m[Nest] 28784  - [39m09/06/2026, 10:49:47 pm [32m    LOG[39m [38;5;3m[RouterExplorer] [39m[32mMapped {/api/v1/chat/search, POST} route[39m[38;5;3m +0ms[39m
[32m[Nest] 28784  - [39m09/06/2026, 10:49:47 pm [32m    LOG[39m [38;5;3m[RouterExplorer] [39m[32mMapped {/api/v1/chat/citations/:messageId, GET} route[39m[38;5;3m +0ms[39m
[32m[Nest] 28784  - [39m09/06/2026, 10:49:47 pm [32m    LOG[39m [38;5;3m[RoutesResolver] [39m[32mContractController {/api/v1/contracts}:[39m[38;5;3m +0ms[39m
[32m[Nest] 28784  - [39m09/06/2026, 10:49:47 pm [32m    LOG[39m [38;5;3m[RouterExplorer] [39m[32mMapped {/api/v1/contracts/review, POST} route[39m[38;5;3m +1ms[39m
[32m[Nest] 28784  - [39m09/06/2026, 10:49:47 pm [32m    LOG[39m [38;5;3m[RouterExplorer] [39m[32mMapped {/api/v1/contracts/:id/risks, GET} route[39m[38;5;3m +0ms[39m
[32m[Nest] 28784  - [39m09/06/2026, 10:49:47 pm [32m    LOG[39m [38;5;3m[RouterExplorer] [39m[32mMapped {/api/v1/contracts/:id/clauses, POST} route[39m[38;5;3m +1ms[39m
[32m[Nest] 28784  - [39m09/06/2026, 10:49:47 pm [32m    LOG[39m [38;5;3m[RoutesResolver] [39m[32mNotebookController {/api/v1/notebook}:[39m[38;5;3m +0ms[39m
[32m[Nest] 28784  - [39m09/06/2026, 10:49:47 pm [32m    LOG[39m [38;5;3m[RouterExplorer] [39m[32mMapped {/api/v1/notebook/documents, GET} route[39m[38;5;3m +0ms[39m
[32m[Nest] 28784  - [39m09/06/2026, 10:49:47 pm [32m    LOG[39m [38;5;3m[RouterExplorer] [39m[32mMapped {/api/v1/notebook/documents/:id, GET} route[39m[38;5;3m +1ms[39m
[32m[Nest] 28784  - [39m09/06/2026, 10:49:47 pm [32m    LOG[39m [38;5;3m[RouterExplorer] [39m[32mMapped {/api/v1/notebook/documents/:id/preview, GET} route[39m[38;5;3m +0ms[39m
[32m[Nest] 28784  - [39m09/06/2026, 10:49:47 pm [32m    LOG[39m [38;5;3m[RouterExplorer] [39m[32mMapped {/api/v1/notebook/documents/:id/file, GET} route[39m[38;5;3m +1ms[39m
[32m[Nest] 28784  - [39m09/06/2026, 10:49:47 pm [32m    LOG[39m [38;5;3m[RouterExplorer] [39m[32mMapped {/api/v1/notebook/documents/:id/chunks, GET} route[39m[38;5;3m +0ms[39m
[32m[Nest] 28784  - [39m09/06/2026, 10:49:47 pm [32m    LOG[39m [38;5;3m[RouterExplorer] [39m[32mMapped {/api/v1/notebook/documents/:id/chat-history, GET} route[39m[38;5;3m +0ms[39m
[32m[Nest] 28784  - [39m09/06/2026, 10:49:47 pm [32m    LOG[39m [38;5;3m[RouterExplorer] [39m[32mMapped {/api/v1/notebook/documents/:id/reprocess, POST} route[39m[38;5;3m +0ms[39m
[32m[Nest] 28784  - [39m09/06/2026, 10:49:47 pm [32m    LOG[39m [38;5;3m[RouterExplorer] [39m[32mMapped {/api/v1/notebook/documents/:id/extraction, GET} route[39m[38;5;3m +1ms[39m
[32m[Nest] 28784  - [39m09/06/2026, 10:49:47 pm [32m    LOG[39m [38;5;3m[RouterExplorer] [39m[32mMapped {/api/v1/notebook/documents/:id/extraction, POST} route[39m[38;5;3m +0ms[39m
[32m[Nest] 28784  - [39m09/06/2026, 10:49:47 pm [32m    LOG[39m [38;5;3m[RouterExplorer] [39m[32mMapped {/api/v1/notebook/documents/:id/study-forge/generate, POST} route[39m[38;5;3m +0ms[39m
[32m[Nest] 28784  - [39m09/06/2026, 10:49:47 pm [32m    LOG[39m [38;5;3m[RouterExplorer] [39m[32mMapped {/api/v1/notebook/documents/:id/study-forge/flashcards/:cardId/rate, POST} route[39m[38;5;3m +0ms[39m
[32m[Nest] 28784  - [39m09/06/2026, 10:49:47 pm [32m    LOG[39m [38;5;3m[RouterExplorer] [39m[32mMapped {/api/v1/notebook/documents/:id/study-forge/quiz-attempt, POST} route[39m[38;5;3m +1ms[39m
[32m[Nest] 28784  - [39m09/06/2026, 10:49:47 pm [32m    LOG[39m [38;5;3m[RouterExplorer] [39m[32mMapped {/api/v1/notebook/graph, GET} route[39m[38;5;3m +0ms[39m
[32m[Nest] 28784  - [39m09/06/2026, 10:49:47 pm [32m    LOG[39m [38;5;3m[RouterExplorer] [39m[32mMapped {/api/v1/notebook/search, GET} route[39m[38;5;3m +0ms[39m
[32m[Nest] 28784  - [39m09/06/2026, 10:49:47 pm [32m    LOG[39m [38;5;3m[RouterExplorer] [39m[32mMapped {/api/v1/notebook/documents/:id, DELETE} route[39m[38;5;3m +0ms[39m
[32m[Nest] 28784  - [39m09/06/2026, 10:49:47 pm [32m    LOG[39m [38;5;3m[RouterExplorer] [39m[32mMapped {/api/v1/notebook/upload, POST} route[39m[38;5;3m +1ms[39m
[32m[Nest] 28784  - [39m09/06/2026, 10:49:47 pm [32m    LOG[39m [38;5;3m[RouterExplorer] [39m[32mMapped {/api/v1/notebook/chat, POST} route[39m[38;5;3m +0ms[39m
[32m[Nest] 28784  - [39m09/06/2026, 10:49:47 pm [32m    LOG[39m [38;5;3m[RoutesResolver] [39m[32mResearchController {/api/v1/research}:[39m[38;5;3m +0ms[39m
[32m[Nest] 28784  - [39m09/06/2026, 10:49:47 pm [32m    LOG[39m [38;5;3m[RouterExplorer] [39m[32mMapped {/api/v1/research/query, POST} route[39m[38;5;3m +1ms[39m
[32m[Nest] 28784  - [39m09/06/2026, 10:49:47 pm [32m    LOG[39m [38;5;3m[RouterExplorer] [39m[32mMapped {/api/v1/research/query/all, GET} route[39m[38;5;3m +0ms[39m
[32m[Nest] 28784  - [39m09/06/2026, 10:49:47 pm [32m    LOG[39m [38;5;3m[RouterExplorer] [39m[32mMapped {/api/v1/research/query/:id, GET} route[39m[38;5;3m +0ms[39m
[32m[Nest] 28784  - [39m09/06/2026, 10:49:47 pm [32m    LOG[39m [38;5;3m[RouterExplorer] [39m[32mMapped {/api/v1/research/report, POST} route[39m[38;5;3m +0ms[39m
[32m[Nest] 28784  - [39m09/06/2026, 10:49:47 pm [32m    LOG[39m [38;5;3m[RouterExplorer] [39m[32mMapped {/api/v1/research/report/:id, GET} route[39m[38;5;3m +1ms[39m
[32m[Nest] 28784  - [39m09/06/2026, 10:49:47 pm [32m    LOG[39m [38;5;3m[RouterExplorer] [39m[32mMapped {/api/v1/research/report/:id, PUT} route[39m[38;5;3m +0ms[39m
[32m[Nest] 28784  - [39m09/06/2026, 10:49:47 pm [32m    LOG[39m [38;5;3m[RouterExplorer] [39m[32mMapped {/api/v1/research/report/:id, DELETE} route[39m[38;5;3m +0ms[39m
[32m[Nest] 28784  - [39m09/06/2026, 10:49:47 pm [32m    LOG[39m [38;5;3m[RouterExplorer] [39m[32mMapped {/api/v1/research/note, POST} route[39m[38;5;3m +0ms[39m
[32m[Nest] 28784  - [39m09/06/2026, 10:49:47 pm [32m    LOG[39m [38;5;3m[RouterExplorer] [39m[32mMapped {/api/v1/research/note/:id, GET} route[39m[38;5;3m +1ms[39m
[32m[Nest] 28784  - [39m09/06/2026, 10:49:47 pm [32m    LOG[39m [38;5;3m[RouterExplorer] [39m[32mMapped {/api/v1/research/note/:id, PUT} route[39m[38;5;3m +0ms[39m
[32m[Nest] 28784  - [39m09/06/2026, 10:49:47 pm [32m    LOG[39m [38;5;3m[RouterExplorer] [39m[32mMapped {/api/v1/research/note/:id, DELETE} route[39m[38;5;3m +0ms[39m
[32m[Nest] 28784  - [39m09/06/2026, 10:49:47 pm [32m    LOG[39m [38;5;3m[RouterExplorer] [39m[32mMapped {/api/v1/research/source, POST} route[39m[38;5;3m +0ms[39m
[32m[Nest] 28784  - [39m09/06/2026, 10:49:47 pm [32m    LOG[39m [38;5;3m[RouterExplorer] [39m[32mMapped {/api/v1/research/source/:id, GET} route[39m[38;5;3m +1ms[39m
[32m[Nest] 28784  - [39m09/06/2026, 10:49:47 pm [32m    LOG[39m [38;5;3m[RouterExplorer] [39m[32mMapped {/api/v1/research/source/:id, DELETE} route[39m[38;5;3m +0ms[39m
[32m[Nest] 28784  - [39m09/06/2026, 10:49:47 pm [32m    LOG[39m [38;5;3m[RouterExplorer] [39m[32mMapped {/api/v1/research/save, POST} route[39m[38;5;3m +1ms[39m
[32m[Nest] 28784  - [39m09/06/2026, 10:49:47 pm [32m    LOG[39m [38;5;3m[RouterExplorer] [39m[32mMapped {/api/v1/research/save/all, GET} route[39m[38;5;3m +0ms[39m
[32m[Nest] 28784  - [39m09/06/2026, 10:49:47 pm [32m    LOG[39m [38;5;3m[RouterExplorer] [39m[32mMapped {/api/v1/research/save/:id, DELETE} route[39m[38;5;3m +0ms[39m
[32m[Nest] 28784  - [39m09/06/2026, 10:49:47 pm [32m    LOG[39m [38;5;3m[RouterExplorer] [39m[32mMapped {/api/v1/research/asset, POST} route[39m[38;5;3m +0ms[39m
[32m[Nest] 28784  - [39m09/06/2026, 10:49:47 pm [32m    LOG[39m [38;5;3m[RouterExplorer] [39m[32mMapped {/api/v1/research/upload, POST} route[39m[38;5;3m +1ms[39m
[32m[Nest] 28784  - [39m09/06/2026, 10:49:47 pm [32m    LOG[39m [38;5;3m[RouterExplorer] [39m[32mMapped {/api/v1/research/documents/:queryId, GET} route[39m[38;5;3m +0ms[39m
[32m[Nest] 28784  - [39m09/06/2026, 10:49:47 pm [32m    LOG[39m [38;5;3m[RouterExplorer] [39m[32mMapped {/api/v1/research/generate, POST} route[39m[38;5;3m +0ms[39m
[32m[Nest] 28784  - [39m09/06/2026, 10:49:47 pm [32m    LOG[39m [38;5;3m[RouterExplorer] [39m[32mMapped {/api/v1/research/challenge, POST} route[39m[38;5;3m +0ms[39m
[32m[Nest] 28784  - [39m09/06/2026, 10:49:47 pm [32m    LOG[39m [38;5;3m[RoutesResolver] [39m[32mIngestionController {/api/v1/ingestion}:[39m[38;5;3m +1ms[39m
[32m[Nest] 28784  - [39m09/06/2026, 10:49:47 pm [32m    LOG[39m [38;5;3m[RouterExplorer] [39m[32mMapped {/api/v1/ingestion/status, GET} route[39m[38;5;3m +0ms[39m
[32m[Nest] 28784  - [39m09/06/2026, 10:49:47 pm [32m    LOG[39m [38;5;3m[RouterExplorer] [39m[32mMapped {/api/v1/ingestion/init-collections, POST} route[39m[38;5;3m +0ms[39m
[32m[Nest] 28784  - [39m09/06/2026, 10:49:47 pm [32m    LOG[39m [38;5;3m[RouterExplorer] [39m[32mMapped {/api/v1/ingestion/ingest, POST} route[39m[38;5;3m +0ms[39m
[32m[Nest] 28784  - [39m09/06/2026, 10:49:47 pm [32m    LOG[39m [38;5;3m[RouterExplorer] [39m[32mMapped {/api/v1/ingestion/ingest-text, POST} route[39m[38;5;3m +1ms[39m
[32m[Nest] 28784  - [39m09/06/2026, 10:49:47 pm [32m    LOG[39m [38;5;3m[RouterExplorer] [39m[32mMapped {/api/v1/ingestion/ingest-batch, POST} route[39m[38;5;3m +0ms[39m
[32m[Nest] 28784  - [39m09/06/2026, 10:49:47 pm [32m    LOG[39m [38;5;3m[RoutesResolver] [39m[32mExamController {/api/v1/exam}:[39m[38;5;3m +0ms[39m
[32m[Nest] 28784  - [39m09/06/2026, 10:49:47 pm [32m    LOG[39m [38;5;3m[RouterExplorer] [39m[32mMapped {/api/v1/exam, POST} route[39m[38;5;3m +1ms[39m
[32m[Nest] 28784  - [39m09/06/2026, 10:49:47 pm [32m    LOG[39m [38;5;3m[RouterExplorer] [39m[32mMapped {/api/v1/exam, GET} route[39m[38;5;3m +0ms[39m
[32m[Nest] 28784  - [39m09/06/2026, 10:49:47 pm [32m    LOG[39m [38;5;3m[RouterExplorer] [39m[32mMapped {/api/v1/exam/:id, GET} route[39m[38;5;3m +0ms[39m
[32m[Nest] 28784  - [39m09/06/2026, 10:49:47 pm [32m    LOG[39m [38;5;3m[RouterExplorer] [39m[32mMapped {/api/v1/exam/:id/mock, POST} route[39m[38;5;3m +1ms[39m
[32m[Nest] 28784  - [39m09/06/2026, 10:49:47 pm [32m    LOG[39m [38;5;3m[RouterExplorer] [39m[32mMapped {/api/v1/exam/assistant, POST} route[39m[38;5;3m +0ms[39m
[32m[Nest] 28784  - [39m09/06/2026, 10:49:47 pm [32m    LOG[39m [38;5;3m[RouterExplorer] [39m[32mMapped {/api/v1/exam/dashboard/recommendations, GET} route[39m[38;5;3m +0ms[39m
[32m[Nest] 28784  - [39m09/06/2026, 10:49:47 pm [32m    LOG[39m [38;5;3m[RouterExplorer] [39m[32mMapped {/api/v1/exam/doubt-solve, POST} route[39m[38;5;3m +1ms[39m
[32m[Nest] 28784  - [39m09/06/2026, 10:49:47 pm [32m    LOG[39m [38;5;3m[RouterExplorer] [39m[32mMapped {/api/v1/exam/oauth-tokens, POST} route[39m[38;5;3m +0ms[39m
[32m[Nest] 28784  - [39m09/06/2026, 10:49:47 pm [32m    LOG[39m [38;5;3m[RouterExplorer] [39m[32mMapped {/api/v1/exam/dashboard/notifications, GET} route[39m[38;5;3m +0ms[39m
[32m[Nest] 28784  - [39m09/06/2026, 10:49:47 pm [32m    LOG[39m [38;5;3m[RouterExplorer] [39m[32mMapped {/api/v1/exam/dashboard/notifications/read, POST} route[39m[38;5;3m +1ms[39m
[32m[Nest] 28784  - [39m09/06/2026, 10:49:47 pm [32m    LOG[39m [38;5;3m[RouterExplorer] [39m[32mMapped {/api/v1/exam/calendar/events, GET} route[39m[38;5;3m +0ms[39m
[32m[Nest] 28784  - [39m09/06/2026, 10:49:47 pm [32m    LOG[39m [38;5;3m[RouterExplorer] [39m[32mMapped {/api/v1/exam/calendar/events, POST} route[39m[38;5;3m +0ms[39m
[32m[Nest] 28784  - [39m09/06/2026, 10:49:47 pm [32m    LOG[39m [38;5;3m[RoutesResolver] [39m[32mFounderSecurityController {/api/v1/founder-security}:[39m[38;5;3m +0ms[39m
[32m[Nest] 28784  - [39m09/06/2026, 10:49:47 pm [32m    LOG[39m [38;5;3m[RouterExplorer] [39m[32mMapped {/api/v1/founder-security/settings, GET} route[39m[38;5;3m +1ms[39m
[32m[Nest] 28784  - [39m09/06/2026, 10:49:47 pm [32m    LOG[39m [38;5;3m[RouterExplorer] [39m[32mMapped {/api/v1/founder-security/settings, PUT} route[39m[38;5;3m +0ms[39m
[32m[Nest] 28784  - [39m09/06/2026, 10:49:47 pm [32m    LOG[39m [38;5;3m[RouterExplorer] [39m[32mMapped {/api/v1/founder-security/events, GET} route[39m[38;5;3m +0ms[39m
[32m[Nest] 28784  - [39m09/06/2026, 10:49:47 pm [32m    LOG[39m [38;5;3m[RouterExplorer] [39m[32mMapped {/api/v1/founder-security/events, POST} route[39m[38;5;3m +0ms[39m
[32m[Nest] 28784  - [39m09/06/2026, 10:49:47 pm [32m    LOG[39m [38;5;3m[RouterExplorer] [39m[32mMapped {/api/v1/founder-security/clear-locks, GET} route[39m[38;5;3m +1ms[39m
[32m[Nest] 28784  - [39m09/06/2026, 10:49:47 pm [32m    LOG[39m [38;5;3m[RouterExplorer] [39m[32mMapped {/api/v1/founder-security/admin-login, POST} route[39m[38;5;3m +0ms[39m
[32m[Nest] 28784  - [39m09/06/2026, 10:49:47 pm [32m    LOG[39m [38;5;3m[RouterExplorer] [39m[32mMapped {/api/v1/founder-security/verify-question, POST} route[39m[38;5;3m +0ms[39m
[32m[Nest] 28784  - [39m09/06/2026, 10:49:47 pm [32m    LOG[39m [38;5;3m[RouterExplorer] [39m[32mMapped {/api/v1/founder-security/login-approve, GET} route[39m[38;5;3m +0ms[39m
[32m[Nest] 28784  - [39m09/06/2026, 10:49:47 pm [32m    LOG[39m [38;5;3m[RouterExplorer] [39m[32mMapped {/api/v1/founder-security/login-reject, GET} route[39m[38;5;3m +1ms[39m
[32m[Nest] 28784  - [39m09/06/2026, 10:49:47 pm [32m    LOG[39m [38;5;3m[RouterExplorer] [39m[32mMapped {/api/v1/founder-security/login-status, GET} route[39m[38;5;3m +0ms[39m
[32m[Nest] 28784  - [39m09/06/2026, 10:49:47 pm [32m    LOG[39m [38;5;3m[RoutesResolver] [39m[32mSecurityTestController {/api/v1/api/security}:[39m[38;5;3m +0ms[39m
[32m[Nest] 28784  - [39m09/06/2026, 10:49:47 pm [32m    LOG[39m [38;5;3m[RouterExplorer] [39m[32mMapped {/api/security/test-email, GET} route[39m[38;5;3m +0ms[39m
[32m[Nest] 28784  - [39m09/06/2026, 10:49:47 pm [32m    LOG[39m [38;5;3m[RouterExplorer] [39m[32mMapped {/api/security/test-email, POST} route[39m[38;5;3m +1ms[39m
[32m[Nest] 28784  - [39m09/06/2026, 10:49:47 pm [32m    LOG[39m [38;5;3m[QdrantService] [39m[32mInitializing Qdrant client with URL: https://dd284eb5-9c7e-4f0e-92fd-815f87684ce0.us-west-1-0.aws.cloud.qdrant.io[39m
[32m[Nest] 28784  - [39m09/06/2026, 10:49:47 pm [32m    LOG[39m [38;5;3m[QdrantService] [39m[32mTesting Qdrant connection...[39m
[32m[Nest] 28784  - [39m09/06/2026, 10:49:47 pm [32m    LOG[39m [38;5;3m[BgeM3Provider] [39m[32mInitializing BGE-M3 provider → http://localhost:8100[39m
[32m[Nest] 28784  - [39m09/06/2026, 10:49:47 pm [32m    LOG[39m [38;5;3m[NestApplication] [39m[32mNest application successfully started[39m[38;5;3m +13ms[39m
[LEGATRIXON SERVER] NestJS Engine running on: http://localhost:4000/api/v1
[33m[Nest] 28784  - [39m09/06/2026, 10:49:47 pm [33m   WARN[39m [38;5;3m[BgeM3Provider] [39m[33mBGE-M3 sidecar unreachable at http://localhost:8100: . Embeddings will fail until the sidecar is started.[39m
[32m[Nest] 28784  - [39m09/06/2026, 10:49:48 pm [32m    LOG[39m [38;5;3m[QdrantService] [39m[32mSuccessfully connected to Qdrant.[39m
[32m[Nest] 28784  - [39m09/06/2026, 10:49:48 pm [32m    LOG[39m [38;5;3m[QdrantService] [39m[32mCollection judgments already exists.[39m
[32m[Nest] 28784  - [39m09/06/2026, 10:49:48 pm [32m    LOG[39m [38;5;3m[QdrantService] [39m[32mCollection acts already exists.[39m
[32m[Nest] 28784  - [39m09/06/2026, 10:49:48 pm [32m    LOG[39m [38;5;3m[QdrantService] [39m[32mCollection research_papers already exists.[39m
[32m[Nest] 28784  - [39m09/06/2026, 10:49:49 pm [32m    LOG[39m [38;5;3m[QdrantService] [39m[32mCollection law_commission_reports already exists.[39m
[32m[Nest] 28784  - [39m09/06/2026, 10:49:49 pm [32m    LOG[39m [38;5;3m[QdrantService] [39m[32mCollection user_documents already exists.[39m
[33m[Nest] 28784  - [39m09/06/2026, 10:50:18 pm [33m   WARN[39m [38;5;3m[LegalDomainClassifierService] [39m[33mLegal intent classifier DeepSeek failed. Trying next classifier. Reason: Request failed with status code 402[39m
[32m[Nest] 28784  - [39m09/06/2026, 10:50:19 pm [32m    LOG[39m [38;5;3m[LegalDomainClassifierService] [39m[32mLegal Intent Model Used: Gemini (gemini-2.5-flash) -> LEGAL[39m
[33m[Nest] 28784  - [39m09/06/2026, 10:50:20 pm [33m   WARN[39m [38;5;3m[LexMentorAiService] [39m[33mDeepSeek failed for LexMentor. Trying Gemini fallback. Reason: Request failed with status code 402[39m
[32m[Nest] 28784  - [39m09/06/2026, 10:50:22 pm [32m    LOG[39m [38;5;3m[LexMentorAiService] [39m[32mModel Used: Gemini (gemini-2.5-flash)[39m
[2J[3J[H[[90m10:51:07 pm[0m] File change detected. Starting incremental compilation...

[[90m10:51:08 pm[0m] Found 0 errors. Watching for file changes.

[32m[Nest] 17884  - [39m09/06/2026, 10:51:09 pm [32m    LOG[39m [38;5;3m[NestFactory] [39m[32mStarting Nest application...[39m
[32m[Nest] 17884  - [39m09/06/2026, 10:51:09 pm [32m    LOG[39m [38;5;3m[InstanceLoader] [39m[32mAppModule dependencies initialized[39m[38;5;3m +36ms[39m
[32m[Nest] 17884  - [39m09/06/2026, 10:51:09 pm [32m    LOG[39m [38;5;3m[InstanceLoader] [39m[32mTypeOrmModule dependencies initialized[39m[38;5;3m +1ms[39m
[32m[Nest] 17884  - [39m09/06/2026, 10:51:09 pm [32m    LOG[39m [38;5;3m[InstanceLoader] [39m[32mLegalDomainModule dependencies initialized[39m[38;5;3m +0ms[39m
[32m[Nest] 17884  - [39m09/06/2026, 10:51:09 pm [32m    LOG[39m [38;5;3m[InstanceLoader] [39m[32mRetrievalModule dependencies initialized[39m[38;5;3m +2ms[39m
[32m[Nest] 17884  - [39m09/06/2026, 10:51:09 pm [32m    LOG[39m [38;5;3m[InstanceLoader] [39m[32mJudgmentModule dependencies initialized[39m[38;5;3m +1ms[39m
[32m[Nest] 17884  - [39m09/06/2026, 10:51:09 pm [32m    LOG[39m [38;5;3m[InstanceLoader] [39m[32mContractModule dependencies initialized[39m[38;5;3m +0ms[39m
[32m[Nest] 17884  - [39m09/06/2026, 10:51:09 pm [32m    LOG[39m [38;5;3m[InstanceLoader] [39m[32mChatModule dependencies initialized[39m[38;5;3m +1ms[39m
[32m[Nest] 17884  - [39m09/06/2026, 10:51:09 pm [32m    LOG[39m [38;5;3m[InstanceLoader] [39m[32mIngestionModule dependencies initialized[39m[38;5;3m +0ms[39m
[32m[Nest] 17884  - [39m09/06/2026, 10:51:10 pm [32m    LOG[39m [38;5;3m[InstanceLoader] [39m[32mTypeOrmCoreModule dependencies initialized[39m[38;5;3m +58ms[39m
[32m[Nest] 17884  - [39m09/06/2026, 10:51:10 pm [32m    LOG[39m [38;5;3m[InstanceLoader] [39m[32mTypeOrmModule dependencies initialized[39m[38;5;3m +1ms[39m
[32m[Nest] 17884  - [39m09/06/2026, 10:51:10 pm [32m    LOG[39m [38;5;3m[InstanceLoader] [39m[32mTypeOrmModule dependencies initialized[39m[38;5;3m +0ms[39m
[32m[Nest] 17884  - [39m09/06/2026, 10:51:10 pm [32m    LOG[39m [38;5;3m[InstanceLoader] [39m[32mTypeOrmModule dependencies initialized[39m[38;5;3m +1ms[39m
[32m[Nest] 17884  - [39m09/06/2026, 10:51:10 pm [32m    LOG[39m [38;5;3m[InstanceLoader] [39m[32mTypeOrmModule dependencies initialized[39m[38;5;3m +0ms[39m
[32m[Nest] 17884  - [39m09/06/2026, 10:51:10 pm [32m    LOG[39m [38;5;3m[InstanceLoader] [39m[32mFounderSecurityModule dependencies initialized[39m[38;5;3m +2ms[39m
[32m[Nest] 17884  - [39m09/06/2026, 10:51:10 pm [32m    LOG[39m [38;5;3m[InstanceLoader] [39m[32mResearchModule dependencies initialized[39m[38;5;3m +1ms[39m
[32m[Nest] 17884  - [39m09/06/2026, 10:51:10 pm [32m    LOG[39m [38;5;3m[InstanceLoader] [39m[32mNotebookModule dependencies initialized[39m[38;5;3m +0ms[39m
[32m[Nest] 17884  - [39m09/06/2026, 10:51:10 pm [32m    LOG[39m [38;5;3m[InstanceLoader] [39m[32mExamModule dependencies initialized[39m[38;5;3m +1ms[39m
[32m[Nest] 17884  - [39m09/06/2026, 10:51:10 pm [32m    LOG[39m [38;5;3m[RoutesResolver] [39m[32mJudgmentController {/api/v1/judgments}:[39m[38;5;3m +44ms[39m
[32m[Nest] 17884  - [39m09/06/2026, 10:51:10 pm [32m    LOG[39m [38;5;3m[RouterExplorer] [39m[32mMapped {/api/v1/judgments/upload, POST} route[39m[38;5;3m +4ms[39m
[32m[Nest] 17884  - [39m09/06/2026, 10:51:10 pm [32m    LOG[39m [38;5;3m[RouterExplorer] [39m[32mMapped {/api/v1/judgments/:id/structure, GET} route[39m[38;5;3m +1ms[39m
[32m[Nest] 17884  - [39m09/06/2026, 10:51:10 pm [32m    LOG[39m [38;5;3m[RouterExplorer] [39m[32mMapped {/api/v1/judgments/:id/explain, POST} route[39m[38;5;3m +1ms[39m
[32m[Nest] 17884  - [39m09/06/2026, 10:51:10 pm [32m    LOG[39m [38;5;3m[RoutesResolver] [39m[32mChatController {/api/v1/chat}:[39m[38;5;3m +0ms[39m
[32m[Nest] 17884  - [39m09/06/2026, 10:51:10 pm [32m    LOG[39m [38;5;3m[RouterExplorer] [39m[32mMapped {/api/v1/chat/message, POST} route[39m[38;5;3m +1ms[39m
[32m[Nest] 17884  - [39m09/06/2026, 10:51:10 pm [32m    LOG[39m [38;5;3m[RouterExplorer] [39m[32mMapped {/api/v1/chat/history/:sessionId, GET} route[39m[38;5;3m +0ms[39m
[32m[Nest] 17884  - [39m09/06/2026, 10:51:10 pm [32m    LOG[39m [38;5;3m[RouterExplorer] [39m[32mMapped {/api/v1/chat/history/:sessionId, DELETE} route[39m[38;5;3m +1ms[39m
[32m[Nest] 17884  - [39m09/06/2026, 10:51:10 pm [32m    LOG[39m [38;5;3m[RouterExplorer] [39m[32mMapped {/api/v1/chat/search, POST} route[39m[38;5;3m +1ms[39m
[32m[Nest] 17884  - [39m09/06/2026, 10:51:10 pm [32m    LOG[39m [38;5;3m[RouterExplorer] [39m[32mMapped {/api/v1/chat/citations/:messageId, GET} route[39m[38;5;3m +0ms[39m
[32m[Nest] 17884  - [39m09/06/2026, 10:51:10 pm [32m    LOG[39m [38;5;3m[RoutesResolver] [39m[32mContractController {/api/v1/contracts}:[39m[38;5;3m +0ms[39m
[32m[Nest] 17884  - [39m09/06/2026, 10:51:10 pm [32m    LOG[39m [38;5;3m[RouterExplorer] [39m[32mMapped {/api/v1/contracts/review, POST} route[39m[38;5;3m +1ms[39m
[32m[Nest] 17884  - [39m09/06/2026, 10:51:10 pm [32m    LOG[39m [38;5;3m[RouterExplorer] [39m[32mMapped {/api/v1/contracts/:id/risks, GET} route[39m[38;5;3m +1ms[39m
[32m[Nest] 17884  - [39m09/06/2026, 10:51:10 pm [32m    LOG[39m [38;5;3m[RouterExplorer] [39m[32mMapped {/api/v1/contracts/:id/clauses, POST} route[39m[38;5;3m +0ms[39m
[32m[Nest] 17884  - [39m09/06/2026, 10:51:10 pm [32m    LOG[39m [38;5;3m[RoutesResolver] [39m[32mNotebookController {/api/v1/notebook}:[39m[38;5;3m +1ms[39m
[32m[Nest] 17884  - [39m09/06/2026, 10:51:10 pm [32m    LOG[39m [38;5;3m[RouterExplorer] [39m[32mMapped {/api/v1/notebook/documents, GET} route[39m[38;5;3m +0ms[39m
[32m[Nest] 17884  - [39m09/06/2026, 10:51:10 pm [32m    LOG[39m [38;5;3m[RouterExplorer] [39m[32mMapped {/api/v1/notebook/documents/:id, GET} route[39m[38;5;3m +0ms[39m
[32m[Nest] 17884  - [39m09/06/2026, 10:51:10 pm [32m    LOG[39m [38;5;3m[RouterExplorer] [39m[32mMapped {/api/v1/notebook/documents/:id/preview, GET} route[39m[38;5;3m +1ms[39m
[32m[Nest] 17884  - [39m09/06/2026, 10:51:10 pm [32m    LOG[39m [38;5;3m[RouterExplorer] [39m[32mMapped {/api/v1/notebook/documents/:id/file, GET} route[39m[38;5;3m +0ms[39m
[32m[Nest] 17884  - [39m09/06/2026, 10:51:10 pm [32m    LOG[39m [38;5;3m[RouterExplorer] [39m[32mMapped {/api/v1/notebook/documents/:id/chunks, GET} route[39m[38;5;3m +1ms[39m
[32m[Nest] 17884  - [39m09/06/2026, 10:51:10 pm [32m    LOG[39m [38;5;3m[RouterExplorer] [39m[32mMapped {/api/v1/notebook/documents/:id/chat-history, GET} route[39m[38;5;3m +0ms[39m
[32m[Nest] 17884  - [39m09/06/2026, 10:51:10 pm [32m    LOG[39m [38;5;3m[RouterExplorer] [39m[32mMapped {/api/v1/notebook/documents/:id/reprocess, POST} route[39m[38;5;3m +1ms[39m
[32m[Nest] 17884  - [39m09/06/2026, 10:51:10 pm [32m    LOG[39m [38;5;3m[RouterExplorer] [39m[32mMapped {/api/v1/notebook/documents/:id/extraction, GET} route[39m[38;5;3m +0ms[39m
[32m[Nest] 17884  - [39m09/06/2026, 10:51:10 pm [32m    LOG[39m [38;5;3m[RouterExplorer] [39m[32mMapped {/api/v1/notebook/documents/:id/extraction, POST} route[39m[38;5;3m +0ms[39m
[32m[Nest] 17884  - [39m09/06/2026, 10:51:10 pm [32m    LOG[39m [38;5;3m[RouterExplorer] [39m[32mMapped {/api/v1/notebook/documents/:id/study-forge/generate, POST} route[39m[38;5;3m +1ms[39m
[32m[Nest] 17884  - [39m09/06/2026, 10:51:10 pm [32m    LOG[39m [38;5;3m[RouterExplorer] [39m[32mMapped {/api/v1/notebook/documents/:id/study-forge/flashcards/:cardId/rate, POST} route[39m[38;5;3m +0ms[39m
[32m[Nest] 17884  - [39m09/06/2026, 10:51:10 pm [32m    LOG[39m [38;5;3m[RouterExplorer] [39m[32mMapped {/api/v1/notebook/documents/:id/study-forge/quiz-attempt, POST} route[39m[38;5;3m +0ms[39m
[32m[Nest] 17884  - [39m09/06/2026, 10:51:10 pm [32m    LOG[39m [38;5;3m[RouterExplorer] [39m[32mMapped {/api/v1/notebook/graph, GET} route[39m[38;5;3m +1ms[39m
[32m[Nest] 17884  - [39m09/06/2026, 10:51:10 pm [32m    LOG[39m [38;5;3m[RouterExplorer] [39m[32mMapped {/api/v1/notebook/search, GET} route[39m[38;5;3m +0ms[39m
[32m[Nest] 17884  - [39m09/06/2026, 10:51:10 pm [32m    LOG[39m [38;5;3m[RouterExplorer] [39m[32mMapped {/api/v1/notebook/documents/:id, DELETE} route[39m[38;5;3m +0ms[39m
[32m[Nest] 17884  - [39m09/06/2026, 10:51:10 pm [32m    LOG[39m [38;5;3m[RouterExplorer] [39m[32mMapped {/api/v1/notebook/upload, POST} route[39m[38;5;3m +1ms[39m
[32m[Nest] 17884  - [39m09/06/2026, 10:51:10 pm [32m    LOG[39m [38;5;3m[RouterExplorer] [39m[32mMapped {/api/v1/notebook/chat, POST} route[39m[38;5;3m +0ms[39m
[32m[Nest] 17884  - [39m09/06/2026, 10:51:10 pm [32m    LOG[39m [38;5;3m[RoutesResolver] [39m[32mResearchController {/api/v1/research}:[39m[38;5;3m +1ms[39m
[32m[Nest] 17884  - [39m09/06/2026, 10:51:10 pm [32m    LOG[39m [38;5;3m[RouterExplorer] [39m[32mMapped {/api/v1/research/query, POST} route[39m[38;5;3m +0ms[39m
[32m[Nest] 17884  - [39m09/06/2026, 10:51:10 pm [32m    LOG[39m [38;5;3m[RouterExplorer] [39m[32mMapped {/api/v1/research/query/all, GET} route[39m[38;5;3m +0ms[39m
[32m[Nest] 17884  - [39m09/06/2026, 10:51:10 pm [32m    LOG[39m [38;5;3m[RouterExplorer] [39m[32mMapped {/api/v1/research/query/:id, GET} route[39m[38;5;3m +1ms[39m
[32m[Nest] 17884  - [39m09/06/2026, 10:51:10 pm [32m    LOG[39m [38;5;3m[RouterExplorer] [39m[32mMapped {/api/v1/research/report, POST} route[39m[38;5;3m +0ms[39m
[32m[Nest] 17884  - [39m09/06/2026, 10:51:10 pm [32m    LOG[39m [38;5;3m[RouterExplorer] [39m[32mMapped {/api/v1/research/report/:id, GET} route[39m[38;5;3m +0ms[39m
[32m[Nest] 17884  - [39m09/06/2026, 10:51:10 pm [32m    LOG[39m [38;5;3m[RouterExplorer] [39m[32mMapped {/api/v1/research/report/:id, PUT} route[39m[38;5;3m +1ms[39m
[32m[Nest] 17884  - [39m09/06/2026, 10:51:10 pm [32m    LOG[39m [38;5;3m[RouterExplorer] [39m[32mMapped {/api/v1/research/report/:id, DELETE} route[39m[38;5;3m +0ms[39m
[32m[Nest] 17884  - [39m09/06/2026, 10:51:10 pm [32m    LOG[39m [38;5;3m[RouterExplorer] [39m[32mMapped {/api/v1/research/note, POST} route[39m[38;5;3m +0ms[39m
[32m[Nest] 17884  - [39m09/06/2026, 10:51:10 pm [32m    LOG[39m [38;5;3m[RouterExplorer] [39m[32mMapped {/api/v1/research/note/:id, GET} route[39m[38;5;3m +1ms[39m
[32m[Nest] 17884  - [39m09/06/2026, 10:51:10 pm [32m    LOG[39m [38;5;3m[RouterExplorer] [39m[32mMapped {/api/v1/research/note/:id, PUT} route[39m[38;5;3m +0ms[39m
[32m[Nest] 17884  - [39m09/06/2026, 10:51:10 pm [32m    LOG[39m [38;5;3m[RouterExplorer] [39m[32mMapped {/api/v1/research/note/:id, DELETE} route[39m[38;5;3m +1ms[39m
[32m[Nest] 17884  - [39m09/06/2026, 10:51:10 pm [32m    LOG[39m [38;5;3m[RouterExplorer] [39m[32mMapped {/api/v1/research/source, POST} route[39m[38;5;3m +0ms[39m
[32m[Nest] 17884  - [39m09/06/2026, 10:51:10 pm [32m    LOG[39m [38;5;3m[RouterExplorer] [39m[32mMapped {/api/v1/research/source/:id, GET} route[39m[38;5;3m +0ms[39m
[32m[Nest] 17884  - [39m09/06/2026, 10:51:10 pm [32m    LOG[39m [38;5;3m[RouterExplorer] [39m[32mMapped {/api/v1/research/source/:id, DELETE} route[39m[38;5;3m +0ms[39m
[32m[Nest] 17884  - [39m09/06/2026, 10:51:10 pm [32m    LOG[39m [38;5;3m[RouterExplorer] [39m[32mMapped {/api/v1/research/save, POST} route[39m[38;5;3m +1ms[39m
[32m[Nest] 17884  - [39m09/06/2026, 10:51:10 pm [32m    LOG[39m [38;5;3m[RouterExplorer] [39m[32mMapped {/api/v1/research/save/all, GET} route[39m[38;5;3m +0ms[39m
[32m[Nest] 17884  - [39m09/06/2026, 10:51:10 pm [32m    LOG[39m [38;5;3m[RouterExplorer] [39m[32mMapped {/api/v1/research/save/:id, DELETE} route[39m[38;5;3m +0ms[39m
[32m[Nest] 17884  - [39m09/06/2026, 10:51:10 pm [32m    LOG[39m [38;5;3m[RouterExplorer] [39m[32mMapped {/api/v1/research/asset, POST} route[39m[38;5;3m +0ms[39m
[32m[Nest] 17884  - [39m09/06/2026, 10:51:10 pm [32m    LOG[39m [38;5;3m[RouterExplorer] [39m[32mMapped {/api/v1/research/upload, POST} route[39m[38;5;3m +1ms[39m
[32m[Nest] 17884  - [39m09/06/2026, 10:51:10 pm [32m    LOG[39m [38;5;3m[RouterExplorer] [39m[32mMapped {/api/v1/research/documents/:queryId, GET} route[39m[38;5;3m +0ms[39m
[32m[Nest] 17884  - [39m09/06/2026, 10:51:10 pm [32m    LOG[39m [38;5;3m[RouterExplorer] [39m[32mMapped {/api/v1/research/generate, POST} route[39m[38;5;3m +0ms[39m
[32m[Nest] 17884  - [39m09/06/2026, 10:51:10 pm [32m    LOG[39m [38;5;3m[RouterExplorer] [39m[32mMapped {/api/v1/research/challenge, POST} route[39m[38;5;3m +0ms[39m
[32m[Nest] 17884  - [39m09/06/2026, 10:51:10 pm [32m    LOG[39m [38;5;3m[RoutesResolver] [39m[32mIngestionController {/api/v1/ingestion}:[39m[38;5;3m +1ms[39m
[32m[Nest] 17884  - [39m09/06/2026, 10:51:10 pm [32m    LOG[39m [38;5;3m[RouterExplorer] [39m[32mMapped {/api/v1/ingestion/status, GET} route[39m[38;5;3m +0ms[39m
[32m[Nest] 17884  - [39m09/06/2026, 10:51:10 pm [32m    LOG[39m [38;5;3m[RouterExplorer] [39m[32mMapped {/api/v1/ingestion/init-collections, POST} route[39m[38;5;3m +0ms[39m
[32m[Nest] 17884  - [39m09/06/2026, 10:51:10 pm [32m    LOG[39m [38;5;3m[RouterExplorer] [39m[32mMapped {/api/v1/ingestion/ingest, POST} route[39m[38;5;3m +0ms[39m
[32m[Nest] 17884  - [39m09/06/2026, 10:51:10 pm [32m    LOG[39m [38;5;3m[RouterExplorer] [39m[32mMapped {/api/v1/ingestion/ingest-text, POST} route[39m[38;5;3m +1ms[39m
[32m[Nest] 17884  - [39m09/06/2026, 10:51:10 pm [32m    LOG[39m [38;5;3m[RouterExplorer] [39m[32mMapped {/api/v1/ingestion/ingest-batch, POST} route[39m[38;5;3m +0ms[39m
[32m[Nest] 17884  - [39m09/06/2026, 10:51:10 pm [32m    LOG[39m [38;5;3m[RoutesResolver] [39m[32mExamController {/api/v1/exam}:[39m[38;5;3m +0ms[39m
[32m[Nest] 17884  - [39m09/06/2026, 10:51:10 pm [32m    LOG[39m [38;5;3m[RouterExplorer] [39m[32mMapped {/api/v1/exam, POST} route[39m[38;5;3m +1ms[39m
[32m[Nest] 17884  - [39m09/06/2026, 10:51:10 pm [32m    LOG[39m [38;5;3m[RouterExplorer] [39m[32mMapped {/api/v1/exam, GET} route[39m[38;5;3m +0ms[39m
[32m[Nest] 17884  - [39m09/06/2026, 10:51:10 pm [32m    LOG[39m [38;5;3m[RouterExplorer] [39m[32mMapped {/api/v1/exam/:id, GET} route[39m[38;5;3m +0ms[39m
[32m[Nest] 17884  - [39m09/06/2026, 10:51:10 pm [32m    LOG[39m [38;5;3m[RouterExplorer] [39m[32mMapped {/api/v1/exam/:id/mock, POST} route[39m[38;5;3m +1ms[39m
[32m[Nest] 17884  - [39m09/06/2026, 10:51:10 pm [32m    LOG[39m [38;5;3m[RouterExplorer] [39m[32mMapped {/api/v1/exam/assistant, POST} route[39m[38;5;3m +0ms[39m
[32m[Nest] 17884  - [39m09/06/2026, 10:51:10 pm [32m    LOG[39m [38;5;3m[RouterExplorer] [39m[32mMapped {/api/v1/exam/dashboard/recommendations, GET} route[39m[38;5;3m +1ms[39m
[32m[Nest] 17884  - [39m09/06/2026, 10:51:10 pm [32m    LOG[39m [38;5;3m[RouterExplorer] [39m[32mMapped {/api/v1/exam/doubt-solve, POST} route[39m[38;5;3m +0ms[39m
[32m[Nest] 17884  - [39m09/06/2026, 10:51:10 pm [32m    LOG[39m [38;5;3m[RouterExplorer] [39m[32mMapped {/api/v1/exam/oauth-tokens, POST} route[39m[38;5;3m +0ms[39m
[32m[Nest] 17884  - [39m09/06/2026, 10:51:10 pm [32m    LOG[39m [38;5;3m[RouterExplorer] [39m[32mMapped {/api/v1/exam/dashboard/notifications, GET} route[39m[38;5;3m +0ms[39m
[32m[Nest] 17884  - [39m09/06/2026, 10:51:10 pm [32m    LOG[39m [38;5;3m[RouterExplorer] [39m[32mMapped {/api/v1/exam/dashboard/notifications/read, POST} route[39m[38;5;3m +1ms[39m
[32m[Nest] 17884  - [39m09/06/2026, 10:51:10 pm [32m    LOG[39m [38;5;3m[RouterExplorer] [39m[32mMapped {/api/v1/exam/calendar/events, GET} route[39m[38;5;3m +0ms[39m
[32m[Nest] 17884  - [39m09/06/2026, 10:51:10 pm [32m    LOG[39m [38;5;3m[RouterExplorer] [39m[32mMapped {/api/v1/exam/calendar/events, POST} route[39m[38;5;3m +0ms[39m
[32m[Nest] 17884  - [39m09/06/2026, 10:51:10 pm [32m    LOG[39m [38;5;3m[RoutesResolver] [39m[32mFounderSecurityController {/api/v1/founder-security}:[39m[38;5;3m +0ms[39m
[32m[Nest] 17884  - [39m09/06/2026, 10:51:10 pm [32m    LOG[39m [38;5;3m[RouterExplorer] [39m[32mMapped {/api/v1/founder-security/settings, GET} route[39m[38;5;3m +1ms[39m
[32m[Nest] 17884  - [39m09/06/2026, 10:51:10 pm [32m    LOG[39m [38;5;3m[RouterExplorer] [39m[32mMapped {/api/v1/founder-security/settings, PUT} route[39m[38;5;3m +0ms[39m
[32m[Nest] 17884  - [39m09/06/2026, 10:51:10 pm [32m    LOG[39m [38;5;3m[RouterExplorer] [39m[32mMapped {/api/v1/founder-security/events, GET} route[39m[38;5;3m +0ms[39m
[32m[Nest] 17884  - [39m09/06/2026, 10:51:10 pm [32m    LOG[39m [38;5;3m[RouterExplorer] [39m[32mMapped {/api/v1/founder-security/events, POST} route[39m[38;5;3m +0ms[39m
[32m[Nest] 17884  - [39m09/06/2026, 10:51:10 pm [32m    LOG[39m [38;5;3m[RouterExplorer] [39m[32mMapped {/api/v1/founder-security/clear-locks, GET} route[39m[38;5;3m +1ms[39m
[32m[Nest] 17884  - [39m09/06/2026, 10:51:10 pm [32m    LOG[39m [38;5;3m[RouterExplorer] [39m[32mMapped {/api/v1/founder-security/admin-login, POST} route[39m[38;5;3m +0ms[39m
[32m[Nest] 17884  - [39m09/06/2026, 10:51:10 pm [32m    LOG[39m [38;5;3m[RouterExplorer] [39m[32mMapped {/api/v1/founder-security/verify-question, POST} route[39m[38;5;3m +0ms[39m
[32m[Nest] 17884  - [39m09/06/2026, 10:51:10 pm [32m    LOG[39m [38;5;3m[RouterExplorer] [39m[32mMapped {/api/v1/founder-security/login-approve, GET} route[39m[38;5;3m +1ms[39m
[32m[Nest] 17884  - [39m09/06/2026, 10:51:10 pm [32m    LOG[39m [38;5;3m[RouterExplorer] [39m[32mMapped {/api/v1/founder-security/login-reject, GET} route[39m[38;5;3m +0ms[39m
[32m[Nest] 17884  - [39m09/06/2026, 10:51:10 pm [32m    LOG[39m [38;5;3m[RouterExplorer] [39m[32mMapped {/api/v1/founder-security/login-status, GET} route[39m[38;5;3m +0ms[39m
[32m[Nest] 17884  - [39m09/06/2026, 10:51:10 pm [32m    LOG[39m [38;5;3m[RoutesResolver] [39m[32mSecurityTestController {/api/v1/api/security}:[39m[38;5;3m +1ms[39m
[32m[Nest] 17884  - [39m09/06/2026, 10:51:10 pm [32m    LOG[39m [38;5;3m[RouterExplorer] [39m[32mMapped {/api/security/test-email, GET} route[39m[38;5;3m +0ms[39m
[32m[Nest] 17884  - [39m09/06/2026, 10:51:10 pm [32m    LOG[39m [38;5;3m[RouterExplorer] [39m[32mMapped {/api/security/test-email, POST} route[39m[38;5;3m +0ms[39m
[32m[Nest] 17884  - [39m09/06/2026, 10:51:10 pm [32m    LOG[39m [38;5;3m[QdrantService] [39m[32mInitializing Qdrant client with URL: https://dd284eb5-9c7e-4f0e-92fd-815f87684ce0.us-west-1-0.aws.cloud.qdrant.io[39m
[32m[Nest] 17884  - [39m09/06/2026, 10:51:10 pm [32m    LOG[39m [38;5;3m[QdrantService] [39m[32mTesting Qdrant connection...[39m
[32m[Nest] 17884  - [39m09/06/2026, 10:51:10 pm [32m    LOG[39m [38;5;3m[BgeM3Provider] [39m[32mInitializing BGE-M3 provider → http://localhost:8100[39m
[32m[Nest] 17884  - [39m09/06/2026, 10:51:10 pm [32m    LOG[39m [38;5;3m[NestApplication] [39m[32mNest application successfully started[39m[38;5;3m +12ms[39m
[LEGATRIXON SERVER] NestJS Engine running on: http://localhost:4000/api/v1
[33m[Nest] 17884  - [39m09/06/2026, 10:51:10 pm [33m   WARN[39m [38;5;3m[BgeM3Provider] [39m[33mBGE-M3 sidecar unreachable at http://localhost:8100: . Embeddings will fail until the sidecar is started.[39m
[32m[Nest] 17884  - [39m09/06/2026, 10:51:10 pm [32m    LOG[39m [38;5;3m[QdrantService] [39m[32mSuccessfully connected to Qdrant.[39m
[32m[Nest] 17884  - [39m09/06/2026, 10:51:11 pm [32m    LOG[39m [38;5;3m[QdrantService] [39m[32mCollection judgments already exists.[39m
[32m[Nest] 17884  - [39m09/06/2026, 10:51:11 pm [32m    LOG[39m [38;5;3m[QdrantService] [39m[32mCollection acts already exists.[39m
[32m[Nest] 17884  - [39m09/06/2026, 10:51:11 pm [32m    LOG[39m [38;5;3m[QdrantService] [39m[32mCollection research_papers already exists.[39m
[32m[Nest] 17884  - [39m09/06/2026, 10:51:12 pm [32m    LOG[39m [38;5;3m[QdrantService] [39m[32mCollection law_commission_reports already exists.[39m
[32m[Nest] 17884  - [39m09/06/2026, 10:51:12 pm [32m    LOG[39m [38;5;3m[QdrantService] [39m[32mCollection user_documents already exists.[39m
[33m[Nest] 17884  - [39m09/06/2026, 10:51:47 pm [33m   WARN[39m [38;5;3m[LegalDomainClassifierService] [39m[33mLegal intent classifier DeepSeek failed. Trying next classifier. Reason: Request failed with status code 402[39m
[32m[Nest] 17884  - [39m09/06/2026, 10:51:48 pm [32m    LOG[39m [38;5;3m[LegalDomainClassifierService] [39m[32mLegal Intent Model Used: Gemini (gemini-2.5-flash) -> LEGAL[39m
[33m[Nest] 17884  - [39m09/06/2026, 10:51:49 pm [33m   WARN[39m [38;5;3m[LexMentorAiService] [39m[33mDeepSeek failed for LexMentor. Trying Gemini fallback. Reason: Request failed with status code 402[39m
[32m[Nest] 17884  - [39m09/06/2026, 10:51:52 pm [32m    LOG[39m [38;5;3m[LexMentorAiService] [39m[32mModel Used: Gemini (gemini-2.5-flash)[39m
[2J[3J[H[[90m10:52:32 pm[0m] File change detected. Starting incremental compilation...

[[90m10:52:32 pm[0m] Found 0 errors. Watching for file changes.

[32m[Nest] 22484  - [39m09/06/2026, 10:52:34 pm [32m    LOG[39m [38;5;3m[NestFactory] [39m[32mStarting Nest application...[39m
[32m[Nest] 22484  - [39m09/06/2026, 10:52:34 pm [32m    LOG[39m [38;5;3m[InstanceLoader] [39m[32mAppModule dependencies initialized[39m[38;5;3m +26ms[39m
[32m[Nest] 22484  - [39m09/06/2026, 10:52:34 pm [32m    LOG[39m [38;5;3m[InstanceLoader] [39m[32mTypeOrmModule dependencies initialized[39m[38;5;3m +0ms[39m
[32m[Nest] 22484  - [39m09/06/2026, 10:52:34 pm [32m    LOG[39m [38;5;3m[InstanceLoader] [39m[32mLegalDomainModule dependencies initialized[39m[38;5;3m +1ms[39m
[32m[Nest] 22484  - [39m09/06/2026, 10:52:34 pm [32m    LOG[39m [38;5;3m[InstanceLoader] [39m[32mRetrievalModule dependencies initialized[39m[38;5;3m +1ms[39m
[32m[Nest] 22484  - [39m09/06/2026, 10:52:34 pm [32m    LOG[39m [38;5;3m[InstanceLoader] [39m[32mJudgmentModule dependencies initialized[39m[38;5;3m +0ms[39m
[32m[Nest] 22484  - [39m09/06/2026, 10:52:34 pm [32m    LOG[39m [38;5;3m[InstanceLoader] [39m[32mContractModule dependencies initialized[39m[38;5;3m +0ms[39m
[32m[Nest] 22484  - [39m09/06/2026, 10:52:34 pm [32m    LOG[39m [38;5;3m[InstanceLoader] [39m[32mChatModule dependencies initialized[39m[38;5;3m +1ms[39m
[32m[Nest] 22484  - [39m09/06/2026, 10:52:34 pm [32m    LOG[39m [38;5;3m[InstanceLoader] [39m[32mIngestionModule dependencies initialized[39m[38;5;3m +0ms[39m
[32m[Nest] 22484  - [39m09/06/2026, 10:52:34 pm [32m    LOG[39m [38;5;3m[InstanceLoader] [39m[32mTypeOrmCoreModule dependencies initialized[39m[38;5;3m +41ms[39m
[32m[Nest] 22484  - [39m09/06/2026, 10:52:34 pm [32m    LOG[39m [38;5;3m[InstanceLoader] [39m[32mTypeOrmModule dependencies initialized[39m[38;5;3m +0ms[39m
[32m[Nest] 22484  - [39m09/06/2026, 10:52:34 pm [32m    LOG[39m [38;5;3m[InstanceLoader] [39m[32mTypeOrmModule dependencies initialized[39m[38;5;3m +0ms[39m
[32m[Nest] 22484  - [39m09/06/2026, 10:52:34 pm [32m    LOG[39m [38;5;3m[InstanceLoader] [39m[32mTypeOrmModule dependencies initialized[39m[38;5;3m +0ms[39m
[32m[Nest] 22484  - [39m09/06/2026, 10:52:34 pm [32m    LOG[39m [38;5;3m[InstanceLoader] [39m[32mTypeOrmModule dependencies initialized[39m[38;5;3m +1ms[39m
[32m[Nest] 22484  - [39m09/06/2026, 10:52:34 pm [32m    LOG[39m [38;5;3m[InstanceLoader] [39m[32mFounderSecurityModule dependencies initialized[39m[38;5;3m +1ms[39m
[32m[Nest] 22484  - [39m09/06/2026, 10:52:34 pm [32m    LOG[39m [38;5;3m[InstanceLoader] [39m[32mResearchModule dependencies initialized[39m[38;5;3m +1ms[39m
[32m[Nest] 22484  - [39m09/06/2026, 10:52:34 pm [32m    LOG[39m [38;5;3m[InstanceLoader] [39m[32mNotebookModule dependencies initialized[39m[38;5;3m +0ms[39m
[32m[Nest] 22484  - [39m09/06/2026, 10:52:34 pm [32m    LOG[39m [38;5;3m[InstanceLoader] [39m[32mExamModule dependencies initialized[39m[38;5;3m +0ms[39m
[32m[Nest] 22484  - [39m09/06/2026, 10:52:34 pm [32m    LOG[39m [38;5;3m[RoutesResolver] [39m[32mJudgmentController {/api/v1/judgments}:[39m[38;5;3m +28ms[39m
[32m[Nest] 22484  - [39m09/06/2026, 10:52:34 pm [32m    LOG[39m [38;5;3m[RouterExplorer] [39m[32mMapped {/api/v1/judgments/upload, POST} route[39m[38;5;3m +3ms[39m
[32m[Nest] 22484  - [39m09/06/2026, 10:52:34 pm [32m    LOG[39m [38;5;3m[RouterExplorer] [39m[32mMapped {/api/v1/judgments/:id/structure, GET} route[39m[38;5;3m +0ms[39m
[32m[Nest] 22484  - [39m09/06/2026, 10:52:34 pm [32m    LOG[39m [38;5;3m[RouterExplorer] [39m[32mMapped {/api/v1/judgments/:id/explain, POST} route[39m[38;5;3m +1ms[39m
[32m[Nest] 22484  - [39m09/06/2026, 10:52:34 pm [32m    LOG[39m [38;5;3m[RoutesResolver] [39m[32mChatController {/api/v1/chat}:[39m[38;5;3m +0ms[39m
[32m[Nest] 22484  - [39m09/06/2026, 10:52:34 pm [32m    LOG[39m [38;5;3m[RouterExplorer] [39m[32mMapped {/api/v1/chat/message, POST} route[39m[38;5;3m +0ms[39m
[32m[Nest] 22484  - [39m09/06/2026, 10:52:34 pm [32m    LOG[39m [38;5;3m[RouterExplorer] [39m[32mMapped {/api/v1/chat/history/:sessionId, GET} route[39m[38;5;3m +1ms[39m
[32m[Nest] 22484  - [39m09/06/2026, 10:52:34 pm [32m    LOG[39m [38;5;3m[RouterExplorer] [39m[32mMapped {/api/v1/chat/history/:sessionId, DELETE} route[39m[38;5;3m +0ms[39m
[32m[Nest] 22484  - [39m09/06/2026, 10:52:34 pm [32m    LOG[39m [38;5;3m[RouterExplorer] [39m[32mMapped {/api/v1/chat/search, POST} route[39m[38;5;3m +1ms[39m
[32m[Nest] 22484  - [39m09/06/2026, 10:52:34 pm [32m    LOG[39m [38;5;3m[RouterExplorer] [39m[32mMapped {/api/v1/chat/citations/:messageId, GET} route[39m[38;5;3m +0ms[39m
[32m[Nest] 22484  - [39m09/06/2026, 10:52:34 pm [32m    LOG[39m [38;5;3m[RoutesResolver] [39m[32mContractController {/api/v1/contracts}:[39m[38;5;3m +0ms[39m
[32m[Nest] 22484  - [39m09/06/2026, 10:52:34 pm [32m    LOG[39m [38;5;3m[RouterExplorer] [39m[32mMapped {/api/v1/contracts/review, POST} route[39m[38;5;3m +1ms[39m
[32m[Nest] 22484  - [39m09/06/2026, 10:52:34 pm [32m    LOG[39m [38;5;3m[RouterExplorer] [39m[32mMapped {/api/v1/contracts/:id/risks, GET} route[39m[38;5;3m +0ms[39m
[32m[Nest] 22484  - [39m09/06/2026, 10:52:34 pm [32m    LOG[39m [38;5;3m[RouterExplorer] [39m[32mMapped {/api/v1/contracts/:id/clauses, POST} route[39m[38;5;3m +0ms[39m
[32m[Nest] 22484  - [39m09/06/2026, 10:52:34 pm [32m    LOG[39m [38;5;3m[RoutesResolver] [39m[32mNotebookController {/api/v1/notebook}:[39m[38;5;3m +1ms[39m
[32m[Nest] 22484  - [39m09/06/2026, 10:52:34 pm [32m    LOG[39m [38;5;3m[RouterExplorer] [39m[32mMapped {/api/v1/notebook/documents, GET} route[39m[38;5;3m +0ms[39m
[32m[Nest] 22484  - [39m09/06/2026, 10:52:34 pm [32m    LOG[39m [38;5;3m[RouterExplorer] [39m[32mMapped {/api/v1/notebook/documents/:id, GET} route[39m[38;5;3m +1ms[39m
[32m[Nest] 22484  - [39m09/06/2026, 10:52:34 pm [32m    LOG[39m [38;5;3m[RouterExplorer] [39m[32mMapped {/api/v1/notebook/documents/:id/preview, GET} route[39m[38;5;3m +0ms[39m
[32m[Nest] 22484  - [39m09/06/2026, 10:52:34 pm [32m    LOG[39m [38;5;3m[RouterExplorer] [39m[32mMapped {/api/v1/notebook/documents/:id/file, GET} route[39m[38;5;3m +0ms[39m
[32m[Nest] 22484  - [39m09/06/2026, 10:52:34 pm [32m    LOG[39m [38;5;3m[RouterExplorer] [39m[32mMapped {/api/v1/notebook/documents/:id/chunks, GET} route[39m[38;5;3m +0ms[39m
[32m[Nest] 22484  - [39m09/06/2026, 10:52:34 pm [32m    LOG[39m [38;5;3m[RouterExplorer] [39m[32mMapped {/api/v1/notebook/documents/:id/chat-history, GET} route[39m[38;5;3m +1ms[39m
[32m[Nest] 22484  - [39m09/06/2026, 10:52:34 pm [32m    LOG[39m [38;5;3m[RouterExplorer] [39m[32mMapped {/api/v1/notebook/documents/:id/reprocess, POST} route[39m[38;5;3m +0ms[39m
[32m[Nest] 22484  - [39m09/06/2026, 10:52:34 pm [32m    LOG[39m [38;5;3m[RouterExplorer] [39m[32mMapped {/api/v1/notebook/documents/:id/extraction, GET} route[39m[38;5;3m +0ms[39m
[32m[Nest] 22484  - [39m09/06/2026, 10:52:34 pm [32m    LOG[39m [38;5;3m[RouterExplorer] [39m[32mMapped {/api/v1/notebook/documents/:id/extraction, POST} route[39m[38;5;3m +0ms[39m
[32m[Nest] 22484  - [39m09/06/2026, 10:52:34 pm [32m    LOG[39m [38;5;3m[RouterExplorer] [39m[32mMapped {/api/v1/notebook/documents/:id/study-forge/generate, POST} route[39m[38;5;3m +1ms[39m
[32m[Nest] 22484  - [39m09/06/2026, 10:52:34 pm [32m    LOG[39m [38;5;3m[RouterExplorer] [39m[32mMapped {/api/v1/notebook/documents/:id/study-forge/flashcards/:cardId/rate, POST} route[39m[38;5;3m +0ms[39m
[32m[Nest] 22484  - [39m09/06/2026, 10:52:34 pm [32m    LOG[39m [38;5;3m[RouterExplorer] [39m[32mMapped {/api/v1/notebook/documents/:id/study-forge/quiz-attempt, POST} route[39m[38;5;3m +0ms[39m
[32m[Nest] 22484  - [39m09/06/2026, 10:52:34 pm [32m    LOG[39m [38;5;3m[RouterExplorer] [39m[32mMapped {/api/v1/notebook/graph, GET} route[39m[38;5;3m +0ms[39m
[32m[Nest] 22484  - [39m09/06/2026, 10:52:34 pm [32m    LOG[39m [38;5;3m[RouterExplorer] [39m[32mMapped {/api/v1/notebook/search, GET} route[39m[38;5;3m +1ms[39m
[32m[Nest] 22484  - [39m09/06/2026, 10:52:34 pm [32m    LOG[39m [38;5;3m[RouterExplorer] [39m[32mMapped {/api/v1/notebook/documents/:id, DELETE} route[39m[38;5;3m +0ms[39m
[32m[Nest] 22484  - [39m09/06/2026, 10:52:34 pm [32m    LOG[39m [38;5;3m[RouterExplorer] [39m[32mMapped {/api/v1/notebook/upload, POST} route[39m[38;5;3m +0ms[39m
[32m[Nest] 22484  - [39m09/06/2026, 10:52:34 pm [32m    LOG[39m [38;5;3m[RouterExplorer] [39m[32mMapped {/api/v1/notebook/chat, POST} route[39m[38;5;3m +1ms[39m
[32m[Nest] 22484  - [39m09/06/2026, 10:52:34 pm [32m    LOG[39m [38;5;3m[RoutesResolver] [39m[32mResearchController {/api/v1/research}:[39m[38;5;3m +0ms[39m
[32m[Nest] 22484  - [39m09/06/2026, 10:52:34 pm [32m    LOG[39m [38;5;3m[RouterExplorer] [39m[32mMapped {/api/v1/research/query, POST} route[39m[38;5;3m +0ms[39m
[32m[Nest] 22484  - [39m09/06/2026, 10:52:34 pm [32m    LOG[39m [38;5;3m[RouterExplorer] [39m[32mMapped {/api/v1/research/query/all, GET} route[39m[38;5;3m +0ms[39m
[32m[Nest] 22484  - [39m09/06/2026, 10:52:34 pm [32m    LOG[39m [38;5;3m[RouterExplorer] [39m[32mMapped {/api/v1/research/query/:id, GET} route[39m[38;5;3m +1ms[39m
[32m[Nest] 22484  - [39m09/06/2026, 10:52:34 pm [32m    LOG[39m [38;5;3m[RouterExplorer] [39m[32mMapped {/api/v1/research/report, POST} route[39m[38;5;3m +0ms[39m
[32m[Nest] 22484  - [39m09/06/2026, 10:52:34 pm [32m    LOG[39m [38;5;3m[RouterExplorer] [39m[32mMapped {/api/v1/research/report/:id, GET} route[39m[38;5;3m +0ms[39m
[32m[Nest] 22484  - [39m09/06/2026, 10:52:34 pm [32m    LOG[39m [38;5;3m[RouterExplorer] [39m[32mMapped {/api/v1/research/report/:id, PUT} route[39m[38;5;3m +0ms[39m
[32m[Nest] 22484  - [39m09/06/2026, 10:52:34 pm [32m    LOG[39m [38;5;3m[RouterExplorer] [39m[32mMapped {/api/v1/research/report/:id, DELETE} route[39m[38;5;3m +1ms[39m
[32m[Nest] 22484  - [39m09/06/2026, 10:52:34 pm [32m    LOG[39m [38;5;3m[RouterExplorer] [39m[32mMapped {/api/v1/research/note, POST} route[39m[38;5;3m +0ms[39m
[32m[Nest] 22484  - [39m09/06/2026, 10:52:34 pm [32m    LOG[39m [38;5;3m[RouterExplorer] [39m[32mMapped {/api/v1/research/note/:id, GET} route[39m[38;5;3m +0ms[39m
[32m[Nest] 22484  - [39m09/06/2026, 10:52:34 pm [32m    LOG[39m [38;5;3m[RouterExplorer] [39m[32mMapped {/api/v1/research/note/:id, PUT} route[39m[38;5;3m +0ms[39m
[32m[Nest] 22484  - [39m09/06/2026, 10:52:34 pm [32m    LOG[39m [38;5;3m[RouterExplorer] [39m[32mMapped {/api/v1/research/note/:id, DELETE} route[39m[38;5;3m +0ms[39m
[32m[Nest] 22484  - [39m09/06/2026, 10:52:34 pm [32m    LOG[39m [38;5;3m[RouterExplorer] [39m[32mMapped {/api/v1/research/source, POST} route[39m[38;5;3m +1ms[39m
[32m[Nest] 22484  - [39m09/06/2026, 10:52:34 pm [32m    LOG[39m [38;5;3m[RouterExplorer] [39m[32mMapped {/api/v1/research/source/:id, GET} route[39m[38;5;3m +0ms[39m
[32m[Nest] 22484  - [39m09/06/2026, 10:52:34 pm [32m    LOG[39m [38;5;3m[RouterExplorer] [39m[32mMapped {/api/v1/research/source/:id, DELETE} route[39m[38;5;3m +0ms[39m
[32m[Nest] 22484  - [39m09/06/2026, 10:52:34 pm [32m    LOG[39m [38;5;3m[RouterExplorer] [39m[32mMapped {/api/v1/research/save, POST} route[39m[38;5;3m +0ms[39m
[32m[Nest] 22484  - [39m09/06/2026, 10:52:34 pm [32m    LOG[39m [38;5;3m[RouterExplorer] [39m[32mMapped {/api/v1/research/save/all, GET} route[39m[38;5;3m +1ms[39m
[32m[Nest] 22484  - [39m09/06/2026, 10:52:34 pm [32m    LOG[39m [38;5;3m[RouterExplorer] [39m[32mMapped {/api/v1/research/save/:id, DELETE} route[39m[38;5;3m +0ms[39m
[32m[Nest] 22484  - [39m09/06/2026, 10:52:34 pm [32m    LOG[39m [38;5;3m[RouterExplorer] [39m[32mMapped {/api/v1/research/asset, POST} route[39m[38;5;3m +0ms[39m
[32m[Nest] 22484  - [39m09/06/2026, 10:52:34 pm [32m    LOG[39m [38;5;3m[RouterExplorer] [39m[32mMapped {/api/v1/research/upload, POST} route[39m[38;5;3m +1ms[39m
[32m[Nest] 22484  - [39m09/06/2026, 10:52:34 pm [32m    LOG[39m [38;5;3m[RouterExplorer] [39m[32mMapped {/api/v1/research/documents/:queryId, GET} route[39m[38;5;3m +0ms[39m
[32m[Nest] 22484  - [39m09/06/2026, 10:52:34 pm [32m    LOG[39m [38;5;3m[RouterExplorer] [39m[32mMapped {/api/v1/research/generate, POST} route[39m[38;5;3m +0ms[39m
[32m[Nest] 22484  - [39m09/06/2026, 10:52:34 pm [32m    LOG[39m [38;5;3m[RouterExplorer] [39m[32mMapped {/api/v1/research/challenge, POST} route[39m[38;5;3m +0ms[39m
[32m[Nest] 22484  - [39m09/06/2026, 10:52:34 pm [32m    LOG[39m [38;5;3m[RoutesResolver] [39m[32mIngestionController {/api/v1/ingestion}:[39m[38;5;3m +1ms[39m
[32m[Nest] 22484  - [39m09/06/2026, 10:52:34 pm [32m    LOG[39m [38;5;3m[RouterExplorer] [39m[32mMapped {/api/v1/ingestion/status, GET} route[39m[38;5;3m +0ms[39m
[32m[Nest] 22484  - [39m09/06/2026, 10:52:34 pm [32m    LOG[39m [38;5;3m[RouterExplorer] [39m[32mMapped {/api/v1/ingestion/init-collections, POST} route[39m[38;5;3m +0ms[39m
[32m[Nest] 22484  - [39m09/06/2026, 10:52:34 pm [32m    LOG[39m [38;5;3m[RouterExplorer] [39m[32mMapped {/api/v1/ingestion/ingest, POST} route[39m[38;5;3m +0ms[39m
[32m[Nest] 22484  - [39m09/06/2026, 10:52:34 pm [32m    LOG[39m [38;5;3m[RouterExplorer] [39m[32mMapped {/api/v1/ingestion/ingest-text, POST} route[39m[38;5;3m +1ms[39m
[32m[Nest] 22484  - [39m09/06/2026, 10:52:34 pm [32m    LOG[39m [38;5;3m[RouterExplorer] [39m[32mMapped {/api/v1/ingestion/ingest-batch, POST} route[39m[38;5;3m +0ms[39m
[32m[Nest] 22484  - [39m09/06/2026, 10:52:34 pm [32m    LOG[39m [38;5;3m[RoutesResolver] [39m[32mExamController {/api/v1/exam}:[39m[38;5;3m +0ms[39m
[32m[Nest] 22484  - [39m09/06/2026, 10:52:34 pm [32m    LOG[39m [38;5;3m[RouterExplorer] [39m[32mMapped {/api/v1/exam, POST} route[39m[38;5;3m +0ms[39m
[32m[Nest] 22484  - [39m09/06/2026, 10:52:34 pm [32m    LOG[39m [38;5;3m[RouterExplorer] [39m[32mMapped {/api/v1/exam, GET} route[39m[38;5;3m +1ms[39m
[32m[Nest] 22484  - [39m09/06/2026, 10:52:34 pm [32m    LOG[39m [38;5;3m[RouterExplorer] [39m[32mMapped {/api/v1/exam/:id, GET} route[39m[38;5;3m +0ms[39m
[32m[Nest] 22484  - [39m09/06/2026, 10:52:34 pm [32m    LOG[39m [38;5;3m[RouterExplorer] [39m[32mMapped {/api/v1/exam/:id/mock, POST} route[39m[38;5;3m +0ms[39m
[32m[Nest] 22484  - [39m09/06/2026, 10:52:34 pm [32m    LOG[39m [38;5;3m[RouterExplorer] [39m[32mMapped {/api/v1/exam/assistant, POST} route[39m[38;5;3m +1ms[39m
[32m[Nest] 22484  - [39m09/06/2026, 10:52:34 pm [32m    LOG[39m [38;5;3m[RouterExplorer] [39m[32mMapped {/api/v1/exam/dashboard/recommendations, GET} route[39m[38;5;3m +0ms[39m
[32m[Nest] 22484  - [39m09/06/2026, 10:52:34 pm [32m    LOG[39m [38;5;3m[RouterExplorer] [39m[32mMapped {/api/v1/exam/doubt-solve, POST} route[39m[38;5;3m +0ms[39m
[32m[Nest] 22484  - [39m09/06/2026, 10:52:34 pm [32m    LOG[39m [38;5;3m[RouterExplorer] [39m[32mMapped {/api/v1/exam/oauth-tokens, POST} route[39m[38;5;3m +0ms[39m
[32m[Nest] 22484  - [39m09/06/2026, 10:52:34 pm [32m    LOG[39m [38;5;3m[RouterExplorer] [39m[32mMapped {/api/v1/exam/dashboard/notifications, GET} route[39m[38;5;3m +0ms[39m
[32m[Nest] 22484  - [39m09/06/2026, 10:52:34 pm [32m    LOG[39m [38;5;3m[RouterExplorer] [39m[32mMapped {/api/v1/exam/dashboard/notifications/read, POST} route[39m[38;5;3m +1ms[39m
[32m[Nest] 22484  - [39m09/06/2026, 10:52:34 pm [32m    LOG[39m [38;5;3m[RouterExplorer] [39m[32mMapped {/api/v1/exam/calendar/events, GET} route[39m[38;5;3m +0ms[39m
[32m[Nest] 22484  - [39m09/06/2026, 10:52:34 pm [32m    LOG[39m [38;5;3m[RouterExplorer] [39m[32mMapped {/api/v1/exam/calendar/events, POST} route[39m[38;5;3m +0ms[39m
[32m[Nest] 22484  - [39m09/06/2026, 10:52:34 pm [32m    LOG[39m [38;5;3m[RoutesResolver] [39m[32mFounderSecurityController {/api/v1/founder-security}:[39m[38;5;3m +1ms[39m
[32m[Nest] 22484  - [39m09/06/2026, 10:52:34 pm [32m    LOG[39m [38;5;3m[RouterExplorer] [39m[32mMapped {/api/v1/founder-security/settings, GET} route[39m[38;5;3m +0ms[39m
[32m[Nest] 22484  - [39m09/06/2026, 10:52:34 pm [32m    LOG[39m [38;5;3m[RouterExplorer] [39m[32mMapped {/api/v1/founder-security/settings, PUT} route[39m[38;5;3m +0ms[39m
[32m[Nest] 22484  - [39m09/06/2026, 10:52:34 pm [32m    LOG[39m [38;5;3m[RouterExplorer] [39m[32mMapped {/api/v1/founder-security/events, GET} route[39m[38;5;3m +0ms[39m
[32m[Nest] 22484  - [39m09/06/2026, 10:52:34 pm [32m    LOG[39m [38;5;3m[RouterExplorer] [39m[32mMapped {/api/v1/founder-security/events, POST} route[39m[38;5;3m +1ms[39m
[32m[Nest] 22484  - [39m09/06/2026, 10:52:34 pm [32m    LOG[39m [38;5;3m[RouterExplorer] [39m[32mMapped {/api/v1/founder-security/clear-locks, GET} route[39m[38;5;3m +0ms[39m
[32m[Nest] 22484  - [39m09/06/2026, 10:52:34 pm [32m    LOG[39m [38;5;3m[RouterExplorer] [39m[32mMapped {/api/v1/founder-security/admin-login, POST} route[39m[38;5;3m +0ms[39m
[32m[Nest] 22484  - [39m09/06/2026, 10:52:34 pm [32m    LOG[39m [38;5;3m[RouterExplorer] [39m[32mMapped {/api/v1/founder-security/verify-question, POST} route[39m[38;5;3m +0ms[39m
[32m[Nest] 22484  - [39m09/06/2026, 10:52:34 pm [32m    LOG[39m [38;5;3m[RouterExplorer] [39m[32mMapped {/api/v1/founder-security/login-approve, GET} route[39m[38;5;3m +0ms[39m
[32m[Nest] 22484  - [39m09/06/2026, 10:52:34 pm [32m    LOG[39m [38;5;3m[RouterExplorer] [39m[32mMapped {/api/v1/founder-security/login-reject, GET} route[39m[38;5;3m +1ms[39m
[32m[Nest] 22484  - [39m09/06/2026, 10:52:34 pm [32m    LOG[39m [38;5;3m[RouterExplorer] [39m[32mMapped {/api/v1/founder-security/login-status, GET} route[39m[38;5;3m +0ms[39m
[32m[Nest] 22484  - [39m09/06/2026, 10:52:34 pm [32m    LOG[39m [38;5;3m[RoutesResolver] [39m[32mSecurityTestController {/api/v1/api/security}:[39m[38;5;3m +0ms[39m
[32m[Nest] 22484  - [39m09/06/2026, 10:52:34 pm [32m    LOG[39m [38;5;3m[RouterExplorer] [39m[32mMapped {/api/security/test-email, GET} route[39m[38;5;3m +0ms[39m
[32m[Nest] 22484  - [39m09/06/2026, 10:52:34 pm [32m    LOG[39m [38;5;3m[RouterExplorer] [39m[32mMapped {/api/security/test-email, POST} route[39m[38;5;3m +1ms[39m
[32m[Nest] 22484  - [39m09/06/2026, 10:52:34 pm [32m    LOG[39m [38;5;3m[QdrantService] [39m[32mInitializing Qdrant client with URL: https://dd284eb5-9c7e-4f0e-92fd-815f87684ce0.us-west-1-0.aws.cloud.qdrant.io[39m
[32m[Nest] 22484  - [39m09/06/2026, 10:52:34 pm [32m    LOG[39m [38;5;3m[QdrantService] [39m[32mTesting Qdrant connection...[39m
[32m[Nest] 22484  - [39m09/06/2026, 10:52:34 pm [32m    LOG[39m [38;5;3m[BgeM3Provider] [39m[32mInitializing BGE-M3 provider → http://localhost:8100[39m
[32m[Nest] 22484  - [39m09/06/2026, 10:52:34 pm [32m    LOG[39m [38;5;3m[NestApplication] [39m[32mNest application successfully started[39m[38;5;3m +9ms[39m
[LEGATRIXON SERVER] NestJS Engine running on: http://localhost:4000/api/v1
[33m[Nest] 22484  - [39m09/06/2026, 10:52:34 pm [33m   WARN[39m [38;5;3m[BgeM3Provider] [39m[33mBGE-M3 sidecar unreachable at http://localhost:8100: . Embeddings will fail until the sidecar is started.[39m
[32m[Nest] 22484  - [39m09/06/2026, 10:52:35 pm [32m    LOG[39m [38;5;3m[QdrantService] [39m[32mSuccessfully connected to Qdrant.[39m
[32m[Nest] 22484  - [39m09/06/2026, 10:52:35 pm [32m    LOG[39m [38;5;3m[QdrantService] [39m[32mCollection judgments already exists.[39m
[32m[Nest] 22484  - [39m09/06/2026, 10:52:36 pm [32m    LOG[39m [38;5;3m[QdrantService] [39m[32mCollection acts already exists.[39m
[32m[Nest] 22484  - [39m09/06/2026, 10:52:36 pm [32m    LOG[39m [38;5;3m[QdrantService] [39m[32mCollection research_papers already exists.[39m
[32m[Nest] 22484  - [39m09/06/2026, 10:52:36 pm [32m    LOG[39m [38;5;3m[QdrantService] [39m[32mCollection law_commission_reports already exists.[39m
[32m[Nest] 22484  - [39m09/06/2026, 10:52:36 pm [32m    LOG[39m [38;5;3m[QdrantService] [39m[32mCollection user_documents already exists.[39m
[33m[Nest] 22484  - [39m09/06/2026, 10:53:04 pm [33m   WARN[39m [38;5;3m[LegalDomainClassifierService] [39m[33mLegal intent classifier DeepSeek failed. Trying next classifier. Reason: Request failed with status code 402[39m
[32m[Nest] 22484  - [39m09/06/2026, 10:53:06 pm [32m    LOG[39m [38;5;3m[LegalDomainClassifierService] [39m[32mLegal Intent Model Used: Gemini (gemini-2.5-flash) -> LEGAL[39m
[33m[Nest] 22484  - [39m09/06/2026, 10:53:06 pm [33m   WARN[39m [38;5;3m[LexMentorAiService] [39m[33mDeepSeek failed for LexMentor. Trying Gemini fallback. Reason: Request failed with status code 402[39m
[33m[Nest] 22484  - [39m09/06/2026, 10:53:07 pm [33m   WARN[39m [38;5;3m[LexMentorAiService] [39m[33mGemini fallback failed for LexMentor. Trying OpenAI fallback. Reason: Request failed with status code 429[39m
[2J[3J[H[[90m10:53:52 pm[0m] File change detected. Starting incremental compilation...

[[90m10:53:52 pm[0m] Found 0 errors. Watching for file changes.

[32m[Nest] 28872  - [39m09/06/2026, 10:53:54 pm [32m    LOG[39m [38;5;3m[NestFactory] [39m[32mStarting Nest application...[39m
[32m[Nest] 28872  - [39m09/06/2026, 10:53:54 pm [32m    LOG[39m [38;5;3m[InstanceLoader] [39m[32mAppModule dependencies initialized[39m[38;5;3m +26ms[39m
[32m[Nest] 28872  - [39m09/06/2026, 10:53:54 pm [32m    LOG[39m [38;5;3m[InstanceLoader] [39m[32mTypeOrmModule dependencies initialized[39m[38;5;3m +1ms[39m
[32m[Nest] 28872  - [39m09/06/2026, 10:53:54 pm [32m    LOG[39m [38;5;3m[InstanceLoader] [39m[32mLegalDomainModule dependencies initialized[39m[38;5;3m +0ms[39m
[32m[Nest] 28872  - [39m09/06/2026, 10:53:54 pm [32m    LOG[39m [38;5;3m[InstanceLoader] [39m[32mRetrievalModule dependencies initialized[39m[38;5;3m +1ms[39m
[32m[Nest] 28872  - [39m09/06/2026, 10:53:54 pm [32m    LOG[39m [38;5;3m[InstanceLoader] [39m[32mJudgmentModule dependencies initialized[39m[38;5;3m +0ms[39m
[32m[Nest] 28872  - [39m09/06/2026, 10:53:54 pm [32m    LOG[39m [38;5;3m[InstanceLoader] [39m[32mContractModule dependencies initialized[39m[38;5;3m +0ms[39m
[32m[Nest] 28872  - [39m09/06/2026, 10:53:54 pm [32m    LOG[39m [38;5;3m[InstanceLoader] [39m[32mChatModule dependencies initialized[39m[38;5;3m +0ms[39m
[32m[Nest] 28872  - [39m09/06/2026, 10:53:54 pm [32m    LOG[39m [38;5;3m[InstanceLoader] [39m[32mIngestionModule dependencies initialized[39m[38;5;3m +1ms[39m
[32m[Nest] 28872  - [39m09/06/2026, 10:53:54 pm [32m    LOG[39m [38;5;3m[InstanceLoader] [39m[32mTypeOrmCoreModule dependencies initialized[39m[38;5;3m +43ms[39m
[32m[Nest] 28872  - [39m09/06/2026, 10:53:54 pm [32m    LOG[39m [38;5;3m[InstanceLoader] [39m[32mTypeOrmModule dependencies initialized[39m[38;5;3m +0ms[39m
[32m[Nest] 28872  - [39m09/06/2026, 10:53:54 pm [32m    LOG[39m [38;5;3m[InstanceLoader] [39m[32mTypeOrmModule dependencies initialized[39m[38;5;3m +1ms[39m
[32m[Nest] 28872  - [39m09/06/2026, 10:53:54 pm [32m    LOG[39m [38;5;3m[InstanceLoader] [39m[32mTypeOrmModule dependencies initialized[39m[38;5;3m +0ms[39m
[32m[Nest] 28872  - [39m09/06/2026, 10:53:54 pm [32m    LOG[39m [38;5;3m[InstanceLoader] [39m[32mTypeOrmModule dependencies initialized[39m[38;5;3m +0ms[39m
[32m[Nest] 28872  - [39m09/06/2026, 10:53:54 pm [32m    LOG[39m [38;5;3m[InstanceLoader] [39m[32mFounderSecurityModule dependencies initialized[39m[38;5;3m +2ms[39m
[32m[Nest] 28872  - [39m09/06/2026, 10:53:54 pm [32m    LOG[39m [38;5;3m[InstanceLoader] [39m[32mResearchModule dependencies initialized[39m[38;5;3m +0ms[39m
[32m[Nest] 28872  - [39m09/06/2026, 10:53:54 pm [32m    LOG[39m [38;5;3m[InstanceLoader] [39m[32mNotebookModule dependencies initialized[39m[38;5;3m +0ms[39m
[32m[Nest] 28872  - [39m09/06/2026, 10:53:54 pm [32m    LOG[39m [38;5;3m[InstanceLoader] [39m[32mExamModule dependencies initialized[39m[38;5;3m +1ms[39m
[32m[Nest] 28872  - [39m09/06/2026, 10:53:55 pm [32m    LOG[39m [38;5;3m[RoutesResolver] [39m[32mJudgmentController {/api/v1/judgments}:[39m[38;5;3m +28ms[39m
[32m[Nest] 28872  - [39m09/06/2026, 10:53:55 pm [32m    LOG[39m [38;5;3m[RouterExplorer] [39m[32mMapped {/api/v1/judgments/upload, POST} route[39m[38;5;3m +3ms[39m
[32m[Nest] 28872  - [39m09/06/2026, 10:53:55 pm [32m    LOG[39m [38;5;3m[RouterExplorer] [39m[32mMapped {/api/v1/judgments/:id/structure, GET} route[39m[38;5;3m +1ms[39m
[32m[Nest] 28872  - [39m09/06/2026, 10:53:55 pm [32m    LOG[39m [38;5;3m[RouterExplorer] [39m[32mMapped {/api/v1/judgments/:id/explain, POST} route[39m[38;5;3m +0ms[39m
[32m[Nest] 28872  - [39m09/06/2026, 10:53:55 pm [32m    LOG[39m [38;5;3m[RoutesResolver] [39m[32mChatController {/api/v1/chat}:[39m[38;5;3m +1ms[39m
[32m[Nest] 28872  - [39m09/06/2026, 10:53:55 pm [32m    LOG[39m [38;5;3m[RouterExplorer] [39m[32mMapped {/api/v1/chat/message, POST} route[39m[38;5;3m +0ms[39m
[32m[Nest] 28872  - [39m09/06/2026, 10:53:55 pm [32m    LOG[39m [38;5;3m[RouterExplorer] [39m[32mMapped {/api/v1/chat/history/:sessionId, GET} route[39m[38;5;3m +0ms[39m
[32m[Nest] 28872  - [39m09/06/2026, 10:53:55 pm [32m    LOG[39m [38;5;3m[RouterExplorer] [39m[32mMapped {/api/v1/chat/history/:sessionId, DELETE} route[39m[38;5;3m +1ms[39m
[32m[Nest] 28872  - [39m09/06/2026, 10:53:55 pm [32m    LOG[39m [38;5;3m[RouterExplorer] [39m[32mMapped {/api/v1/chat/search, POST} route[39m[38;5;3m +0ms[39m
[32m[Nest] 28872  - [39m09/06/2026, 10:53:55 pm [32m    LOG[39m [38;5;3m[RouterExplorer] [39m[32mMapped {/api/v1/chat/citations/:messageId, GET} route[39m[38;5;3m +0ms[39m
[32m[Nest] 28872  - [39m09/06/2026, 10:53:55 pm [32m    LOG[39m [38;5;3m[RoutesResolver] [39m[32mContractController {/api/v1/contracts}:[39m[38;5;3m +0ms[39m
[32m[Nest] 28872  - [39m09/06/2026, 10:53:55 pm [32m    LOG[39m [38;5;3m[RouterExplorer] [39m[32mMapped {/api/v1/contracts/review, POST} route[39m[38;5;3m +1ms[39m
[32m[Nest] 28872  - [39m09/06/2026, 10:53:55 pm [32m    LOG[39m [38;5;3m[RouterExplorer] [39m[32mMapped {/api/v1/contracts/:id/risks, GET} route[39m[38;5;3m +1ms[39m
[32m[Nest] 28872  - [39m09/06/2026, 10:53:55 pm [32m    LOG[39m [38;5;3m[RouterExplorer] [39m[32mMapped {/api/v1/contracts/:id/clauses, POST} route[39m[38;5;3m +0ms[39m
[32m[Nest] 28872  - [39m09/06/2026, 10:53:55 pm [32m    LOG[39m [38;5;3m[RoutesResolver] [39m[32mNotebookController {/api/v1/notebook}:[39m[38;5;3m +1ms[39m
[32m[Nest] 28872  - [39m09/06/2026, 10:53:55 pm [32m    LOG[39m [38;5;3m[RouterExplorer] [39m[32mMapped {/api/v1/notebook/documents, GET} route[39m[38;5;3m +0ms[39m
[32m[Nest] 28872  - [39m09/06/2026, 10:53:55 pm [32m    LOG[39m [38;5;3m[RouterExplorer] [39m[32mMapped {/api/v1/notebook/documents/:id, GET} route[39m[38;5;3m +1ms[39m
[32m[Nest] 28872  - [39m09/06/2026, 10:53:55 pm [32m    LOG[39m [38;5;3m[RouterExplorer] [39m[32mMapped {/api/v1/notebook/documents/:id/preview, GET} route[39m[38;5;3m +0ms[39m
[32m[Nest] 28872  - [39m09/06/2026, 10:53:55 pm [32m    LOG[39m [38;5;3m[RouterExplorer] [39m[32mMapped {/api/v1/notebook/documents/:id/file, GET} route[39m[38;5;3m +1ms[39m
[32m[Nest] 28872  - [39m09/06/2026, 10:53:55 pm [32m    LOG[39m [38;5;3m[RouterExplorer] [39m[32mMapped {/api/v1/notebook/documents/:id/chunks, GET} route[39m[38;5;3m +0ms[39m
[32m[Nest] 28872  - [39m09/06/2026, 10:53:55 pm [32m    LOG[39m [38;5;3m[RouterExplorer] [39m[32mMapped {/api/v1/notebook/documents/:id/chat-history, GET} route[39m[38;5;3m +0ms[39m
[32m[Nest] 28872  - [39m09/06/2026, 10:53:55 pm [32m    LOG[39m [38;5;3m[RouterExplorer] [39m[32mMapped {/api/v1/notebook/documents/:id/reprocess, POST} route[39m[38;5;3m +1ms[39m
[32m[Nest] 28872  - [39m09/06/2026, 10:53:55 pm [32m    LOG[39m [38;5;3m[RouterExplorer] [39m[32mMapped {/api/v1/notebook/documents/:id/extraction, GET} route[39m[38;5;3m +0ms[39m
[32m[Nest] 28872  - [39m09/06/2026, 10:53:55 pm [32m    LOG[39m [38;5;3m[RouterExplorer] [39m[32mMapped {/api/v1/notebook/documents/:id/extraction, POST} route[39m[38;5;3m +0ms[39m
[32m[Nest] 28872  - [39m09/06/2026, 10:53:55 pm [32m    LOG[39m [38;5;3m[RouterExplorer] [39m[32mMapped {/api/v1/notebook/documents/:id/study-forge/generate, POST} route[39m[38;5;3m +0ms[39m
[32m[Nest] 28872  - [39m09/06/2026, 10:53:55 pm [32m    LOG[39m [38;5;3m[RouterExplorer] [39m[32mMapped {/api/v1/notebook/documents/:id/study-forge/flashcards/:cardId/rate, POST} route[39m[38;5;3m +1ms[39m
[32m[Nest] 28872  - [39m09/06/2026, 10:53:55 pm [32m    LOG[39m [38;5;3m[RouterExplorer] [39m[32mMapped {/api/v1/notebook/documents/:id/study-forge/quiz-attempt, POST} route[39m[38;5;3m +0ms[39m
[32m[Nest] 28872  - [39m09/06/2026, 10:53:55 pm [32m    LOG[39m [38;5;3m[RouterExplorer] [39m[32mMapped {/api/v1/notebook/graph, GET} route[39m[38;5;3m +0ms[39m
[32m[Nest] 28872  - [39m09/06/2026, 10:53:55 pm [32m    LOG[39m [38;5;3m[RouterExplorer] [39m[32mMapped {/api/v1/notebook/search, GET} route[39m[38;5;3m +1ms[39m
[32m[Nest] 28872  - [39m09/06/2026, 10:53:55 pm [32m    LOG[39m [38;5;3m[RouterExplorer] [39m[32mMapped {/api/v1/notebook/documents/:id, DELETE} route[39m[38;5;3m +0ms[39m
[32m[Nest] 28872  - [39m09/06/2026, 10:53:55 pm [32m    LOG[39m [38;5;3m[RouterExplorer] [39m[32mMapped {/api/v1/notebook/upload, POST} route[39m[38;5;3m +0ms[39m
[32m[Nest] 28872  - [39m09/06/2026, 10:53:55 pm [32m    LOG[39m [38;5;3m[RouterExplorer] [39m[32mMapped {/api/v1/notebook/chat, POST} route[39m[38;5;3m +1ms[39m
[32m[Nest] 28872  - [39m09/06/2026, 10:53:55 pm [32m    LOG[39m [38;5;3m[RoutesResolver] [39m[32mResearchController {/api/v1/research}:[39m[38;5;3m +0ms[39m
[32m[Nest] 28872  - [39m09/06/2026, 10:53:55 pm [32m    LOG[39m [38;5;3m[RouterExplorer] [39m[32mMapped {/api/v1/research/query, POST} route[39m[38;5;3m +0ms[39m
[32m[Nest] 28872  - [39m09/06/2026, 10:53:55 pm [32m    LOG[39m [38;5;3m[RouterExplorer] [39m[32mMapped {/api/v1/research/query/all, GET} route[39m[38;5;3m +0ms[39m
[32m[Nest] 28872  - [39m09/06/2026, 10:53:55 pm [32m    LOG[39m [38;5;3m[RouterExplorer] [39m[32mMapped {/api/v1/research/query/:id, GET} route[39m[38;5;3m +1ms[39m
[32m[Nest] 28872  - [39m09/06/2026, 10:53:55 pm [32m    LOG[39m [38;5;3m[RouterExplorer] [39m[32mMapped {/api/v1/research/report, POST} route[39m[38;5;3m +0ms[39m
[32m[Nest] 28872  - [39m09/06/2026, 10:53:55 pm [32m    LOG[39m [38;5;3m[RouterExplorer] [39m[32mMapped {/api/v1/research/report/:id, GET} route[39m[38;5;3m +0ms[39m
[32m[Nest] 28872  - [39m09/06/2026, 10:53:55 pm [32m    LOG[39m [38;5;3m[RouterExplorer] [39m[32mMapped {/api/v1/research/report/:id, PUT} route[39m[38;5;3m +0ms[39m
[32m[Nest] 28872  - [39m09/06/2026, 10:53:55 pm [32m    LOG[39m [38;5;3m[RouterExplorer] [39m[32mMapped {/api/v1/research/report/:id, DELETE} route[39m[38;5;3m +1ms[39m
[32m[Nest] 28872  - [39m09/06/2026, 10:53:55 pm [32m    LOG[39m [38;5;3m[RouterExplorer] [39m[32mMapped {/api/v1/research/note, POST} route[39m[38;5;3m +0ms[39m
[32m[Nest] 28872  - [39m09/06/2026, 10:53:55 pm [32m    LOG[39m [38;5;3m[RouterExplorer] [39m[32mMapped {/api/v1/research/note/:id, GET} route[39m[38;5;3m +0ms[39m
[32m[Nest] 28872  - [39m09/06/2026, 10:53:55 pm [32m    LOG[39m [38;5;3m[RouterExplorer] [39m[32mMapped {/api/v1/research/note/:id, PUT} route[39m[38;5;3m +0ms[39m
[32m[Nest] 28872  - [39m09/06/2026, 10:53:55 pm [32m    LOG[39m [38;5;3m[RouterExplorer] [39m[32mMapped {/api/v1/research/note/:id, DELETE} route[39m[38;5;3m +1ms[39m
[32m[Nest] 28872  - [39m09/06/2026, 10:53:55 pm [32m    LOG[39m [38;5;3m[RouterExplorer] [39m[32mMapped {/api/v1/research/source, POST} route[39m[38;5;3m +0ms[39m
[32m[Nest] 28872  - [39m09/06/2026, 10:53:55 pm [32m    LOG[39m [38;5;3m[RouterExplorer] [39m[32mMapped {/api/v1/research/source/:id, GET} route[39m[38;5;3m +0ms[39m
[32m[Nest] 28872  - [39m09/06/2026, 10:53:55 pm [32m    LOG[39m [38;5;3m[RouterExplorer] [39m[32mMapped {/api/v1/research/source/:id, DELETE} route[39m[38;5;3m +0ms[39m
[32m[Nest] 28872  - [39m09/06/2026, 10:53:55 pm [32m    LOG[39m [38;5;3m[RouterExplorer] [39m[32mMapped {/api/v1/research/save, POST} route[39m[38;5;3m +0ms[39m
[32m[Nest] 28872  - [39m09/06/2026, 10:53:55 pm [32m    LOG[39m [38;5;3m[RouterExplorer] [39m[32mMapped {/api/v1/research/save/all, GET} route[39m[38;5;3m +1ms[39m
[32m[Nest] 28872  - [39m09/06/2026, 10:53:55 pm [32m    LOG[39m [38;5;3m[RouterExplorer] [39m[32mMapped {/api/v1/research/save/:id, DELETE} route[39m[38;5;3m +0ms[39m
[32m[Nest] 28872  - [39m09/06/2026, 10:53:55 pm [32m    LOG[39m [38;5;3m[RouterExplorer] [39m[32mMapped {/api/v1/research/asset, POST} route[39m[38;5;3m +0ms[39m
[32m[Nest] 28872  - [39m09/06/2026, 10:53:55 pm [32m    LOG[39m [38;5;3m[RouterExplorer] [39m[32mMapped {/api/v1/research/upload, POST} route[39m[38;5;3m +0ms[39m
[32m[Nest] 28872  - [39m09/06/2026, 10:53:55 pm [32m    LOG[39m [38;5;3m[RouterExplorer] [39m[32mMapped {/api/v1/research/documents/:queryId, GET} route[39m[38;5;3m +1ms[39m
[32m[Nest] 28872  - [39m09/06/2026, 10:53:55 pm [32m    LOG[39m [38;5;3m[RouterExplorer] [39m[32mMapped {/api/v1/research/generate, POST} route[39m[38;5;3m +0ms[39m
[32m[Nest] 28872  - [39m09/06/2026, 10:53:55 pm [32m    LOG[39m [38;5;3m[RouterExplorer] [39m[32mMapped {/api/v1/research/challenge, POST} route[39m[38;5;3m +0ms[39m
[32m[Nest] 28872  - [39m09/06/2026, 10:53:55 pm [32m    LOG[39m [38;5;3m[RoutesResolver] [39m[32mIngestionController {/api/v1/ingestion}:[39m[38;5;3m +0ms[39m
[32m[Nest] 28872  - [39m09/06/2026, 10:53:55 pm [32m    LOG[39m [38;5;3m[RouterExplorer] [39m[32mMapped {/api/v1/ingestion/status, GET} route[39m[38;5;3m +1ms[39m
[32m[Nest] 28872  - [39m09/06/2026, 10:53:55 pm [32m    LOG[39m [38;5;3m[RouterExplorer] [39m[32mMapped {/api/v1/ingestion/init-collections, POST} route[39m[38;5;3m +0ms[39m
[32m[Nest] 28872  - [39m09/06/2026, 10:53:55 pm [32m    LOG[39m [38;5;3m[RouterExplorer] [39m[32mMapped {/api/v1/ingestion/ingest, POST} route[39m[38;5;3m +0ms[39m
[32m[Nest] 28872  - [39m09/06/2026, 10:53:55 pm [32m    LOG[39m [38;5;3m[RouterExplorer] [39m[32mMapped {/api/v1/ingestion/ingest-text, POST} route[39m[38;5;3m +1ms[39m
[32m[Nest] 28872  - [39m09/06/2026, 10:53:55 pm [32m    LOG[39m [38;5;3m[RouterExplorer] [39m[32mMapped {/api/v1/ingestion/ingest-batch, POST} route[39m[38;5;3m +0ms[39m
[32m[Nest] 28872  - [39m09/06/2026, 10:53:55 pm [32m    LOG[39m [38;5;3m[RoutesResolver] [39m[32mExamController {/api/v1/exam}:[39m[38;5;3m +0ms[39m
[32m[Nest] 28872  - [39m09/06/2026, 10:53:55 pm [32m    LOG[39m [38;5;3m[RouterExplorer] [39m[32mMapped {/api/v1/exam, POST} route[39m[38;5;3m +0ms[39m
[32m[Nest] 28872  - [39m09/06/2026, 10:53:55 pm [32m    LOG[39m [38;5;3m[RouterExplorer] [39m[32mMapped {/api/v1/exam, GET} route[39m[38;5;3m +1ms[39m
[32m[Nest] 28872  - [39m09/06/2026, 10:53:55 pm [32m    LOG[39m [38;5;3m[RouterExplorer] [39m[32mMapped {/api/v1/exam/:id, GET} route[39m[38;5;3m +0ms[39m
[32m[Nest] 28872  - [39m09/06/2026, 10:53:55 pm [32m    LOG[39m [38;5;3m[RouterExplorer] [39m[32mMapped {/api/v1/exam/:id/mock, POST} route[39m[38;5;3m +0ms[39m
[32m[Nest] 28872  - [39m09/06/2026, 10:53:55 pm [32m    LOG[39m [38;5;3m[RouterExplorer] [39m[32mMapped {/api/v1/exam/assistant, POST} route[39m[38;5;3m +1ms[39m
[32m[Nest] 28872  - [39m09/06/2026, 10:53:55 pm [32m    LOG[39m [38;5;3m[RouterExplorer] [39m[32mMapped {/api/v1/exam/dashboard/recommendations, GET} route[39m[38;5;3m +0ms[39m
[32m[Nest] 28872  - [39m09/06/2026, 10:53:55 pm [32m    LOG[39m [38;5;3m[RouterExplorer] [39m[32mMapped {/api/v1/exam/doubt-solve, POST} route[39m[38;5;3m +0ms[39m
[32m[Nest] 28872  - [39m09/06/2026, 10:53:55 pm [32m    LOG[39m [38;5;3m[RouterExplorer] [39m[32mMapped {/api/v1/exam/oauth-tokens, POST} route[39m[38;5;3m +0ms[39m
[32m[Nest] 28872  - [39m09/06/2026, 10:53:55 pm [32m    LOG[39m [38;5;3m[RouterExplorer] [39m[32mMapped {/api/v1/exam/dashboard/notifications, GET} route[39m[38;5;3m +0ms[39m
[32m[Nest] 28872  - [39m09/06/2026, 10:53:55 pm [32m    LOG[39m [38;5;3m[RouterExplorer] [39m[32mMapped {/api/v1/exam/dashboard/notifications/read, POST} route[39m[38;5;3m +1ms[39m
[32m[Nest] 28872  - [39m09/06/2026, 10:53:55 pm [32m    LOG[39m [38;5;3m[RouterExplorer] [39m[32mMapped {/api/v1/exam/calendar/events, GET} route[39m[38;5;3m +0ms[39m
[32m[Nest] 28872  - [39m09/06/2026, 10:53:55 pm [32m    LOG[39m [38;5;3m[RouterExplorer] [39m[32mMapped {/api/v1/exam/calendar/events, POST} route[39m[38;5;3m +0ms[39m
[32m[Nest] 28872  - [39m09/06/2026, 10:53:55 pm [32m    LOG[39m [38;5;3m[RoutesResolver] [39m[32mFounderSecurityController {/api/v1/founder-security}:[39m[38;5;3m +0ms[39m
[32m[Nest] 28872  - [39m09/06/2026, 10:53:55 pm [32m    LOG[39m [38;5;3m[RouterExplorer] [39m[32mMapped {/api/v1/founder-security/settings, GET} route[39m[38;5;3m +1ms[39m
[32m[Nest] 28872  - [39m09/06/2026, 10:53:55 pm [32m    LOG[39m [38;5;3m[RouterExplorer] [39m[32mMapped {/api/v1/founder-security/settings, PUT} route[39m[38;5;3m +0ms[39m
[32m[Nest] 28872  - [39m09/06/2026, 10:53:55 pm [32m    LOG[39m [38;5;3m[RouterExplorer] [39m[32mMapped {/api/v1/founder-security/events, GET} route[39m[38;5;3m +0ms[39m
[32m[Nest] 28872  - [39m09/06/2026, 10:53:55 pm [32m    LOG[39m [38;5;3m[RouterExplorer] [39m[32mMapped {/api/v1/founder-security/events, POST} route[39m[38;5;3m +0ms[39m
[32m[Nest] 28872  - [39m09/06/2026, 10:53:55 pm [32m    LOG[39m [38;5;3m[RouterExplorer] [39m[32mMapped {/api/v1/founder-security/clear-locks, GET} route[39m[38;5;3m +1ms[39m
[32m[Nest] 28872  - [39m09/06/2026, 10:53:55 pm [32m    LOG[39m [38;5;3m[RouterExplorer] [39m[32mMapped {/api/v1/founder-security/admin-login, POST} route[39m[38;5;3m +0ms[39m
[32m[Nest] 28872  - [39m09/06/2026, 10:53:55 pm [32m    LOG[39m [38;5;3m[RouterExplorer] [39m[32mMapped {/api/v1/founder-security/verify-question, POST} route[39m[38;5;3m +0ms[39m
[32m[Nest] 28872  - [39m09/06/2026, 10:53:55 pm [32m    LOG[39m [38;5;3m[RouterExplorer] [39m[32mMapped {/api/v1/founder-security/login-approve, GET} route[39m[38;5;3m +1ms[39m
[32m[Nest] 28872  - [39m09/06/2026, 10:53:55 pm [32m    LOG[39m [38;5;3m[RouterExplorer] [39m[32mMapped {/api/v1/founder-security/login-reject, GET} route[39m[38;5;3m +0ms[39m
[32m[Nest] 28872  - [39m09/06/2026, 10:53:55 pm [32m    LOG[39m [38;5;3m[RouterExplorer] [39m[32mMapped {/api/v1/founder-security/login-status, GET} route[39m[38;5;3m +0ms[39m
[32m[Nest] 28872  - [39m09/06/2026, 10:53:55 pm [32m    LOG[39m [38;5;3m[RoutesResolver] [39m[32mSecurityTestController {/api/v1/api/security}:[39m[38;5;3m +1ms[39m
[32m[Nest] 28872  - [39m09/06/2026, 10:53:55 pm [32m    LOG[39m [38;5;3m[RouterExplorer] [39m[32mMapped {/api/security/test-email, GET} route[39m[38;5;3m +0ms[39m
[32m[Nest] 28872  - [39m09/06/2026, 10:53:55 pm [32m    LOG[39m [38;5;3m[RouterExplorer] [39m[32mMapped {/api/security/test-email, POST} route[39m[38;5;3m +0ms[39m
[32m[Nest] 28872  - [39m09/06/2026, 10:53:55 pm [32m    LOG[39m [38;5;3m[QdrantService] [39m[32mInitializing Qdrant client with URL: https://dd284eb5-9c7e-4f0e-92fd-815f87684ce0.us-west-1-0.aws.cloud.qdrant.io[39m
[32m[Nest] 28872  - [39m09/06/2026, 10:53:55 pm [32m    LOG[39m [38;5;3m[QdrantService] [39m[32mTesting Qdrant connection...[39m
[32m[Nest] 28872  - [39m09/06/2026, 10:53:55 pm [32m    LOG[39m [38;5;3m[BgeM3Provider] [39m[32mInitializing BGE-M3 provider → http://localhost:8100[39m
[32m[Nest] 28872  - [39m09/06/2026, 10:53:55 pm [32m    LOG[39m [38;5;3m[NestApplication] [39m[32mNest application successfully started[39m[38;5;3m +9ms[39m
[LEGATRIXON SERVER] NestJS Engine running on: http://localhost:4000/api/v1
[33m[Nest] 28872  - [39m09/06/2026, 10:53:55 pm [33m   WARN[39m [38;5;3m[BgeM3Provider] [39m[33mBGE-M3 sidecar unreachable at http://localhost:8100: . Embeddings will fail until the sidecar is started.[39m
[32m[Nest] 28872  - [39m09/06/2026, 10:53:55 pm [32m    LOG[39m [38;5;3m[QdrantService] [39m[32mSuccessfully connected to Qdrant.[39m
[32m[Nest] 28872  - [39m09/06/2026, 10:53:56 pm [32m    LOG[39m [38;5;3m[QdrantService] [39m[32mCollection judgments already exists.[39m
[32m[Nest] 28872  - [39m09/06/2026, 10:53:56 pm [32m    LOG[39m [38;5;3m[QdrantService] [39m[32mCollection acts already exists.[39m
[32m[Nest] 28872  - [39m09/06/2026, 10:53:56 pm [32m    LOG[39m [38;5;3m[QdrantService] [39m[32mCollection research_papers already exists.[39m
[32m[Nest] 28872  - [39m09/06/2026, 10:53:57 pm [32m    LOG[39m [38;5;3m[QdrantService] [39m[32mCollection law_commission_reports already exists.[39m
[32m[Nest] 28872  - [39m09/06/2026, 10:53:57 pm [32m    LOG[39m [38;5;3m[QdrantService] [39m[32mCollection user_documents already exists.[39m
[33m[Nest] 28872  - [39m09/06/2026, 10:54:31 pm [33m   WARN[39m [38;5;3m[LegalDomainClassifierService] [39m[33mLegal intent classifier DeepSeek failed. Trying next classifier. Reason: Request failed with status code 402[39m
[32m[Nest] 28872  - [39m09/06/2026, 10:54:33 pm [32m    LOG[39m [38;5;3m[LegalDomainClassifierService] [39m[32mLegal Intent Model Used: Gemini (gemini-2.5-flash) -> LEGAL[39m
[33m[Nest] 28872  - [39m09/06/2026, 10:54:33 pm [33m   WARN[39m [38;5;3m[LexMentorAiService] [39m[33mDeepSeek failed for LexMentor. Trying Gemini fallback. Reason: Request failed with status code 402[39m
[33m[Nest] 28872  - [39m09/06/2026, 10:54:34 pm [33m   WARN[39m [38;5;3m[LexMentorAiService] [39m[33mGemini fallback failed for LexMentor. Trying OpenAI fallback. Reason: Request failed with status code 429[39m
[2J[3J[H[[90m10:55:35 pm[0m] File change detected. Starting incremental compilation...

[[90m10:55:35 pm[0m] Found 0 errors. Watching for file changes.

[32m[Nest] 4788  - [39m09/06/2026, 10:55:37 pm [32m    LOG[39m [38;5;3m[NestFactory] [39m[32mStarting Nest application...[39m
[32m[Nest] 4788  - [39m09/06/2026, 10:55:37 pm [32m    LOG[39m [38;5;3m[InstanceLoader] [39m[32mAppModule dependencies initialized[39m[38;5;3m +29ms[39m
[32m[Nest] 4788  - [39m09/06/2026, 10:55:37 pm [32m    LOG[39m [38;5;3m[InstanceLoader] [39m[32mTypeOrmModule dependencies initialized[39m[38;5;3m +1ms[39m
[32m[Nest] 4788  - [39m09/06/2026, 10:55:37 pm [32m    LOG[39m [38;5;3m[InstanceLoader] [39m[32mLegalDomainModule dependencies initialized[39m[38;5;3m +0ms[39m
[32m[Nest] 4788  - [39m09/06/2026, 10:55:37 pm [32m    LOG[39m [38;5;3m[InstanceLoader] [39m[32mRetrievalModule dependencies initialized[39m[38;5;3m +1ms[39m
[32m[Nest] 4788  - [39m09/06/2026, 10:55:37 pm [32m    LOG[39m [38;5;3m[InstanceLoader] [39m[32mJudgmentModule dependencies initialized[39m[38;5;3m +1ms[39m
[32m[Nest] 4788  - [39m09/06/2026, 10:55:37 pm [32m    LOG[39m [38;5;3m[InstanceLoader] [39m[32mContractModule dependencies initialized[39m[38;5;3m +0ms[39m
[32m[Nest] 4788  - [39m09/06/2026, 10:55:37 pm [32m    LOG[39m [38;5;3m[InstanceLoader] [39m[32mChatModule dependencies initialized[39m[38;5;3m +1ms[39m
[32m[Nest] 4788  - [39m09/06/2026, 10:55:37 pm [32m    LOG[39m [38;5;3m[InstanceLoader] [39m[32mIngestionModule dependencies initialized[39m[38;5;3m +0ms[39m
[32m[Nest] 4788  - [39m09/06/2026, 10:55:37 pm [32m    LOG[39m [38;5;3m[InstanceLoader] [39m[32mTypeOrmCoreModule dependencies initialized[39m[38;5;3m +47ms[39m
[32m[Nest] 4788  - [39m09/06/2026, 10:55:37 pm [32m    LOG[39m [38;5;3m[InstanceLoader] [39m[32mTypeOrmModule dependencies initialized[39m[38;5;3m +1ms[39m
[32m[Nest] 4788  - [39m09/06/2026, 10:55:37 pm [32m    LOG[39m [38;5;3m[InstanceLoader] [39m[32mTypeOrmModule dependencies initialized[39m[38;5;3m +0ms[39m
[32m[Nest] 4788  - [39m09/06/2026, 10:55:37 pm [32m    LOG[39m [38;5;3m[InstanceLoader] [39m[32mTypeOrmModule dependencies initialized[39m[38;5;3m +1ms[39m
[32m[Nest] 4788  - [39m09/06/2026, 10:55:37 pm [32m    LOG[39m [38;5;3m[InstanceLoader] [39m[32mTypeOrmModule dependencies initialized[39m[38;5;3m +0ms[39m
[32m[Nest] 4788  - [39m09/06/2026, 10:55:37 pm [32m    LOG[39m [38;5;3m[InstanceLoader] [39m[32mFounderSecurityModule dependencies initialized[39m[38;5;3m +1ms[39m
[32m[Nest] 4788  - [39m09/06/2026, 10:55:37 pm [32m    LOG[39m [38;5;3m[InstanceLoader] [39m[32mResearchModule dependencies initialized[39m[38;5;3m +1ms[39m
[32m[Nest] 4788  - [39m09/06/2026, 10:55:37 pm [32m    LOG[39m [38;5;3m[InstanceLoader] [39m[32mNotebookModule dependencies initialized[39m[38;5;3m +0ms[39m
[32m[Nest] 4788  - [39m09/06/2026, 10:55:37 pm [32m    LOG[39m [38;5;3m[InstanceLoader] [39m[32mExamModule dependencies initialized[39m[38;5;3m +0ms[39m
[32m[Nest] 4788  - [39m09/06/2026, 10:55:37 pm [32m    LOG[39m [38;5;3m[RoutesResolver] [39m[32mJudgmentController {/api/v1/judgments}:[39m[38;5;3m +31ms[39m
[32m[Nest] 4788  - [39m09/06/2026, 10:55:37 pm [32m    LOG[39m [38;5;3m[RouterExplorer] [39m[32mMapped {/api/v1/judgments/upload, POST} route[39m[38;5;3m +3ms[39m
[32m[Nest] 4788  - [39m09/06/2026, 10:55:37 pm [32m    LOG[39m [38;5;3m[RouterExplorer] [39m[32mMapped {/api/v1/judgments/:id/structure, GET} route[39m[38;5;3m +1ms[39m
[32m[Nest] 4788  - [39m09/06/2026, 10:55:37 pm [32m    LOG[39m [38;5;3m[RouterExplorer] [39m[32mMapped {/api/v1/judgments/:id/explain, POST} route[39m[38;5;3m +0ms[39m
[32m[Nest] 4788  - [39m09/06/2026, 10:55:37 pm [32m    LOG[39m [38;5;3m[RoutesResolver] [39m[32mChatController {/api/v1/chat}:[39m[38;5;3m +0ms[39m
[32m[Nest] 4788  - [39m09/06/2026, 10:55:37 pm [32m    LOG[39m [38;5;3m[RouterExplorer] [39m[32mMapped {/api/v1/chat/message, POST} route[39m[38;5;3m +1ms[39m
[32m[Nest] 4788  - [39m09/06/2026, 10:55:37 pm [32m    LOG[39m [38;5;3m[RouterExplorer] [39m[32mMapped {/api/v1/chat/history/:sessionId, GET} route[39m[38;5;3m +0ms[39m
[32m[Nest] 4788  - [39m09/06/2026, 10:55:37 pm [32m    LOG[39m [38;5;3m[RouterExplorer] [39m[32mMapped {/api/v1/chat/history/:sessionId, DELETE} route[39m[38;5;3m +1ms[39m
[32m[Nest] 4788  - [39m09/06/2026, 10:55:37 pm [32m    LOG[39m [38;5;3m[RouterExplorer] [39m[32mMapped {/api/v1/chat/search, POST} route[39m[38;5;3m +0ms[39m
[32m[Nest] 4788  - [39m09/06/2026, 10:55:37 pm [32m    LOG[39m [38;5;3m[RouterExplorer] [39m[32mMapped {/api/v1/chat/citations/:messageId, GET} route[39m[38;5;3m +0ms[39m
[32m[Nest] 4788  - [39m09/06/2026, 10:55:37 pm [32m    LOG[39m [38;5;3m[RoutesResolver] [39m[32mContractController {/api/v1/contracts}:[39m[38;5;3m +0ms[39m
[32m[Nest] 4788  - [39m09/06/2026, 10:55:37 pm [32m    LOG[39m [38;5;3m[RouterExplorer] [39m[32mMapped {/api/v1/contracts/review, POST} route[39m[38;5;3m +1ms[39m
[32m[Nest] 4788  - [39m09/06/2026, 10:55:37 pm [32m    LOG[39m [38;5;3m[RouterExplorer] [39m[32mMapped {/api/v1/contracts/:id/risks, GET} route[39m[38;5;3m +2ms[39m
[32m[Nest] 4788  - [39m09/06/2026, 10:55:37 pm [32m    LOG[39m [38;5;3m[RouterExplorer] [39m[32mMapped {/api/v1/contracts/:id/clauses, POST} route[39m[38;5;3m +0ms[39m
[32m[Nest] 4788  - [39m09/06/2026, 10:55:37 pm [32m    LOG[39m [38;5;3m[RoutesResolver] [39m[32mNotebookController {/api/v1/notebook}:[39m[38;5;3m +0ms[39m
[32m[Nest] 4788  - [39m09/06/2026, 10:55:37 pm [32m    LOG[39m [38;5;3m[RouterExplorer] [39m[32mMapped {/api/v1/notebook/documents, GET} route[39m[38;5;3m +1ms[39m
[32m[Nest] 4788  - [39m09/06/2026, 10:55:37 pm [32m    LOG[39m [38;5;3m[RouterExplorer] [39m[32mMapped {/api/v1/notebook/documents/:id, GET} route[39m[38;5;3m +0ms[39m
[32m[Nest] 4788  - [39m09/06/2026, 10:55:37 pm [32m    LOG[39m [38;5;3m[RouterExplorer] [39m[32mMapped {/api/v1/notebook/documents/:id/preview, GET} route[39m[38;5;3m +0ms[39m
[32m[Nest] 4788  - [39m09/06/2026, 10:55:37 pm [32m    LOG[39m [38;5;3m[RouterExplorer] [39m[32mMapped {/api/v1/notebook/documents/:id/file, GET} route[39m[38;5;3m +1ms[39m
[32m[Nest] 4788  - [39m09/06/2026, 10:55:37 pm [32m    LOG[39m [38;5;3m[RouterExplorer] [39m[32mMapped {/api/v1/notebook/documents/:id/chunks, GET} route[39m[38;5;3m +0ms[39m
[32m[Nest] 4788  - [39m09/06/2026, 10:55:37 pm [32m    LOG[39m [38;5;3m[RouterExplorer] [39m[32mMapped {/api/v1/notebook/documents/:id/chat-history, GET} route[39m[38;5;3m +0ms[39m
[32m[Nest] 4788  - [39m09/06/2026, 10:55:37 pm [32m    LOG[39m [38;5;3m[RouterExplorer] [39m[32mMapped {/api/v1/notebook/documents/:id/reprocess, POST} route[39m[38;5;3m +1ms[39m
[32m[Nest] 4788  - [39m09/06/2026, 10:55:37 pm [32m    LOG[39m [38;5;3m[RouterExplorer] [39m[32mMapped {/api/v1/notebook/documents/:id/extraction, GET} route[39m[38;5;3m +0ms[39m
[32m[Nest] 4788  - [39m09/06/2026, 10:55:37 pm [32m    LOG[39m [38;5;3m[RouterExplorer] [39m[32mMapped {/api/v1/notebook/documents/:id/extraction, POST} route[39m[38;5;3m +0ms[39m
[32m[Nest] 4788  - [39m09/06/2026, 10:55:37 pm [32m    LOG[39m [38;5;3m[RouterExplorer] [39m[32mMapped {/api/v1/notebook/documents/:id/study-forge/generate, POST} route[39m[38;5;3m +1ms[39m
[32m[Nest] 4788  - [39m09/06/2026, 10:55:37 pm [32m    LOG[39m [38;5;3m[RouterExplorer] [39m[32mMapped {/api/v1/notebook/documents/:id/study-forge/flashcards/:cardId/rate, POST} route[39m[38;5;3m +0ms[39m
[32m[Nest] 4788  - [39m09/06/2026, 10:55:37 pm [32m    LOG[39m [38;5;3m[RouterExplorer] [39m[32mMapped {/api/v1/notebook/documents/:id/study-forge/quiz-attempt, POST} route[39m[38;5;3m +0ms[39m
[32m[Nest] 4788  - [39m09/06/2026, 10:55:37 pm [32m    LOG[39m [38;5;3m[RouterExplorer] [39m[32mMapped {/api/v1/notebook/graph, GET} route[39m[38;5;3m +1ms[39m
[32m[Nest] 4788  - [39m09/06/2026, 10:55:37 pm [32m    LOG[39m [38;5;3m[RouterExplorer] [39m[32mMapped {/api/v1/notebook/search, GET} route[39m[38;5;3m +0ms[39m
[32m[Nest] 4788  - [39m09/06/2026, 10:55:37 pm [32m    LOG[39m [38;5;3m[RouterExplorer] [39m[32mMapped {/api/v1/notebook/documents/:id, DELETE} route[39m[38;5;3m +0ms[39m
[32m[Nest] 4788  - [39m09/06/2026, 10:55:37 pm [32m    LOG[39m [38;5;3m[RouterExplorer] [39m[32mMapped {/api/v1/notebook/upload, POST} route[39m[38;5;3m +1ms[39m
[32m[Nest] 4788  - [39m09/06/2026, 10:55:37 pm [32m    LOG[39m [38;5;3m[RouterExplorer] [39m[32mMapped {/api/v1/notebook/chat, POST} route[39m[38;5;3m +0ms[39m
[32m[Nest] 4788  - [39m09/06/2026, 10:55:37 pm [32m    LOG[39m [38;5;3m[RoutesResolver] [39m[32mResearchController {/api/v1/research}:[39m[38;5;3m +1ms[39m
[32m[Nest] 4788  - [39m09/06/2026, 10:55:37 pm [32m    LOG[39m [38;5;3m[RouterExplorer] [39m[32mMapped {/api/v1/research/query, POST} route[39m[38;5;3m +0ms[39m
[32m[Nest] 4788  - [39m09/06/2026, 10:55:37 pm [32m    LOG[39m [38;5;3m[RouterExplorer] [39m[32mMapped {/api/v1/research/query/all, GET} route[39m[38;5;3m +0ms[39m
[32m[Nest] 4788  - [39m09/06/2026, 10:55:37 pm [32m    LOG[39m [38;5;3m[RouterExplorer] [39m[32mMapped {/api/v1/research/query/:id, GET} route[39m[38;5;3m +1ms[39m
[32m[Nest] 4788  - [39m09/06/2026, 10:55:37 pm [32m    LOG[39m [38;5;3m[RouterExplorer] [39m[32mMapped {/api/v1/research/report, POST} route[39m[38;5;3m +0ms[39m
[32m[Nest] 4788  - [39m09/06/2026, 10:55:37 pm [32m    LOG[39m [38;5;3m[RouterExplorer] [39m[32mMapped {/api/v1/research/report/:id, GET} route[39m[38;5;3m +0ms[39m
[32m[Nest] 4788  - [39m09/06/2026, 10:55:37 pm [32m    LOG[39m [38;5;3m[RouterExplorer] [39m[32mMapped {/api/v1/research/report/:id, PUT} route[39m[38;5;3m +1ms[39m
[32m[Nest] 4788  - [39m09/06/2026, 10:55:37 pm [32m    LOG[39m [38;5;3m[RouterExplorer] [39m[32mMapped {/api/v1/research/report/:id, DELETE} route[39m[38;5;3m +0ms[39m
[32m[Nest] 4788  - [39m09/06/2026, 10:55:37 pm [32m    LOG[39m [38;5;3m[RouterExplorer] [39m[32mMapped {/api/v1/research/note, POST} route[39m[38;5;3m +0ms[39m
[32m[Nest] 4788  - [39m09/06/2026, 10:55:37 pm [32m    LOG[39m [38;5;3m[RouterExplorer] [39m[32mMapped {/api/v1/research/note/:id, GET} route[39m[38;5;3m +1ms[39m
[32m[Nest] 4788  - [39m09/06/2026, 10:55:37 pm [32m    LOG[39m [38;5;3m[RouterExplorer] [39m[32mMapped {/api/v1/research/note/:id, PUT} route[39m[38;5;3m +0ms[39m
[32m[Nest] 4788  - [39m09/06/2026, 10:55:37 pm [32m    LOG[39m [38;5;3m[RouterExplorer] [39m[32mMapped {/api/v1/research/note/:id, DELETE} route[39m[38;5;3m +0ms[39m
[32m[Nest] 4788  - [39m09/06/2026, 10:55:37 pm [32m    LOG[39m [38;5;3m[RouterExplorer] [39m[32mMapped {/api/v1/research/source, POST} route[39m[38;5;3m +1ms[39m
[32m[Nest] 4788  - [39m09/06/2026, 10:55:37 pm [32m    LOG[39m [38;5;3m[RouterExplorer] [39m[32mMapped {/api/v1/research/source/:id, GET} route[39m[38;5;3m +0ms[39m
[32m[Nest] 4788  - [39m09/06/2026, 10:55:37 pm [32m    LOG[39m [38;5;3m[RouterExplorer] [39m[32mMapped {/api/v1/research/source/:id, DELETE} route[39m[38;5;3m +0ms[39m
[32m[Nest] 4788  - [39m09/06/2026, 10:55:37 pm [32m    LOG[39m [38;5;3m[RouterExplorer] [39m[32mMapped {/api/v1/research/save, POST} route[39m[38;5;3m +0ms[39m
[32m[Nest] 4788  - [39m09/06/2026, 10:55:37 pm [32m    LOG[39m [38;5;3m[RouterExplorer] [39m[32mMapped {/api/v1/research/save/all, GET} route[39m[38;5;3m +0ms[39m
[32m[Nest] 4788  - [39m09/06/2026, 10:55:37 pm [32m    LOG[39m [38;5;3m[RouterExplorer] [39m[32mMapped {/api/v1/research/save/:id, DELETE} route[39m[38;5;3m +1ms[39m
[32m[Nest] 4788  - [39m09/06/2026, 10:55:37 pm [32m    LOG[39m [38;5;3m[RouterExplorer] [39m[32mMapped {/api/v1/research/asset, POST} route[39m[38;5;3m +0ms[39m
[32m[Nest] 4788  - [39m09/06/2026, 10:55:37 pm [32m    LOG[39m [38;5;3m[RouterExplorer] [39m[32mMapped {/api/v1/research/upload, POST} route[39m[38;5;3m +0ms[39m
[32m[Nest] 4788  - [39m09/06/2026, 10:55:37 pm [32m    LOG[39m [38;5;3m[RouterExplorer] [39m[32mMapped {/api/v1/research/documents/:queryId, GET} route[39m[38;5;3m +0ms[39m
[32m[Nest] 4788  - [39m09/06/2026, 10:55:37 pm [32m    LOG[39m [38;5;3m[RouterExplorer] [39m[32mMapped {/api/v1/research/generate, POST} route[39m[38;5;3m +1ms[39m
[32m[Nest] 4788  - [39m09/06/2026, 10:55:37 pm [32m    LOG[39m [38;5;3m[RouterExplorer] [39m[32mMapped {/api/v1/research/challenge, POST} route[39m[38;5;3m +0ms[39m
[32m[Nest] 4788  - [39m09/06/2026, 10:55:37 pm [32m    LOG[39m [38;5;3m[RoutesResolver] [39m[32mIngestionController {/api/v1/ingestion}:[39m[38;5;3m +0ms[39m
[32m[Nest] 4788  - [39m09/06/2026, 10:55:37 pm [32m    LOG[39m [38;5;3m[RouterExplorer] [39m[32mMapped {/api/v1/ingestion/status, GET} route[39m[38;5;3m +0ms[39m
[32m[Nest] 4788  - [39m09/06/2026, 10:55:37 pm [32m    LOG[39m [38;5;3m[RouterExplorer] [39m[32mMapped {/api/v1/ingestion/init-collections, POST} route[39m[38;5;3m +1ms[39m
[32m[Nest] 4788  - [39m09/06/2026, 10:55:37 pm [32m    LOG[39m [38;5;3m[RouterExplorer] [39m[32mMapped {/api/v1/ingestion/ingest, POST} route[39m[38;5;3m +0ms[39m
[32m[Nest] 4788  - [39m09/06/2026, 10:55:37 pm [32m    LOG[39m [38;5;3m[RouterExplorer] [39m[32mMapped {/api/v1/ingestion/ingest-text, POST} route[39m[38;5;3m +0ms[39m
[32m[Nest] 4788  - [39m09/06/2026, 10:55:37 pm [32m    LOG[39m [38;5;3m[RouterExplorer] [39m[32mMapped {/api/v1/ingestion/ingest-batch, POST} route[39m[38;5;3m +0ms[39m
[32m[Nest] 4788  - [39m09/06/2026, 10:55:37 pm [32m    LOG[39m [38;5;3m[RoutesResolver] [39m[32mExamController {/api/v1/exam}:[39m[38;5;3m +0ms[39m
[32m[Nest] 4788  - [39m09/06/2026, 10:55:37 pm [32m    LOG[39m [38;5;3m[RouterExplorer] [39m[32mMapped {/api/v1/exam, POST} route[39m[38;5;3m +1ms[39m
[32m[Nest] 4788  - [39m09/06/2026, 10:55:37 pm [32m    LOG[39m [38;5;3m[RouterExplorer] [39m[32mMapped {/api/v1/exam, GET} route[39m[38;5;3m +0ms[39m
[32m[Nest] 4788  - [39m09/06/2026, 10:55:37 pm [32m    LOG[39m [38;5;3m[RouterExplorer] [39m[32mMapped {/api/v1/exam/:id, GET} route[39m[38;5;3m +0ms[39m
[32m[Nest] 4788  - [39m09/06/2026, 10:55:37 pm [32m    LOG[39m [38;5;3m[RouterExplorer] [39m[32mMapped {/api/v1/exam/:id/mock, POST} route[39m[38;5;3m +0ms[39m
[32m[Nest] 4788  - [39m09/06/2026, 10:55:37 pm [32m    LOG[39m [38;5;3m[RouterExplorer] [39m[32mMapped {/api/v1/exam/assistant, POST} route[39m[38;5;3m +1ms[39m
[32m[Nest] 4788  - [39m09/06/2026, 10:55:37 pm [32m    LOG[39m [38;5;3m[RouterExplorer] [39m[32mMapped {/api/v1/exam/dashboard/recommendations, GET} route[39m[38;5;3m +0ms[39m
[32m[Nest] 4788  - [39m09/06/2026, 10:55:37 pm [32m    LOG[39m [38;5;3m[RouterExplorer] [39m[32mMapped {/api/v1/exam/doubt-solve, POST} route[39m[38;5;3m +0ms[39m
[32m[Nest] 4788  - [39m09/06/2026, 10:55:37 pm [32m    LOG[39m [38;5;3m[RouterExplorer] [39m[32mMapped {/api/v1/exam/oauth-tokens, POST} route[39m[38;5;3m +0ms[39m
[32m[Nest] 4788  - [39m09/06/2026, 10:55:37 pm [32m    LOG[39m [38;5;3m[RouterExplorer] [39m[32mMapped {/api/v1/exam/dashboard/notifications, GET} route[39m[38;5;3m +1ms[39m
[32m[Nest] 4788  - [39m09/06/2026, 10:55:37 pm [32m    LOG[39m [38;5;3m[RouterExplorer] [39m[32mMapped {/api/v1/exam/dashboard/notifications/read, POST} route[39m[38;5;3m +0ms[39m
[32m[Nest] 4788  - [39m09/06/2026, 10:55:37 pm [32m    LOG[39m [38;5;3m[RouterExplorer] [39m[32mMapped {/api/v1/exam/calendar/events, GET} route[39m[38;5;3m +1ms[39m
[32m[Nest] 4788  - [39m09/06/2026, 10:55:37 pm [32m    LOG[39m [38;5;3m[RouterExplorer] [39m[32mMapped {/api/v1/exam/calendar/events, POST} route[39m[38;5;3m +0ms[39m
[32m[Nest] 4788  - [39m09/06/2026, 10:55:37 pm [32m    LOG[39m [38;5;3m[RoutesResolver] [39m[32mFounderSecurityController {/api/v1/founder-security}:[39m[38;5;3m +0ms[39m
[32m[Nest] 4788  - [39m09/06/2026, 10:55:37 pm [32m    LOG[39m [38;5;3m[RouterExplorer] [39m[32mMapped {/api/v1/founder-security/settings, GET} route[39m[38;5;3m +0ms[39m
[32m[Nest] 4788  - [39m09/06/2026, 10:55:37 pm [32m    LOG[39m [38;5;3m[RouterExplorer] [39m[32mMapped {/api/v1/founder-security/settings, PUT} route[39m[38;5;3m +1ms[39m
[32m[Nest] 4788  - [39m09/06/2026, 10:55:37 pm [32m    LOG[39m [38;5;3m[RouterExplorer] [39m[32mMapped {/api/v1/founder-security/events, GET} route[39m[38;5;3m +0ms[39m
[32m[Nest] 4788  - [39m09/06/2026, 10:55:37 pm [32m    LOG[39m [38;5;3m[RouterExplorer] [39m[32mMapped {/api/v1/founder-security/events, POST} route[39m[38;5;3m +0ms[39m
[32m[Nest] 4788  - [39m09/06/2026, 10:55:37 pm [32m    LOG[39m [38;5;3m[RouterExplorer] [39m[32mMapped {/api/v1/founder-security/clear-locks, GET} route[39m[38;5;3m +0ms[39m
[32m[Nest] 4788  - [39m09/06/2026, 10:55:37 pm [32m    LOG[39m [38;5;3m[RouterExplorer] [39m[32mMapped {/api/v1/founder-security/admin-login, POST} route[39m[38;5;3m +1ms[39m
[32m[Nest] 4788  - [39m09/06/2026, 10:55:37 pm [32m    LOG[39m [38;5;3m[RouterExplorer] [39m[32mMapped {/api/v1/founder-security/verify-question, POST} route[39m[38;5;3m +0ms[39m
[32m[Nest] 4788  - [39m09/06/2026, 10:55:37 pm [32m    LOG[39m [38;5;3m[RouterExplorer] [39m[32mMapped {/api/v1/founder-security/login-approve, GET} route[39m[38;5;3m +0ms[39m
[32m[Nest] 4788  - [39m09/06/2026, 10:55:37 pm [32m    LOG[39m [38;5;3m[RouterExplorer] [39m[32mMapped {/api/v1/founder-security/login-reject, GET} route[39m[38;5;3m +0ms[39m
[32m[Nest] 4788  - [39m09/06/2026, 10:55:37 pm [32m    LOG[39m [38;5;3m[RouterExplorer] [39m[32mMapped {/api/v1/founder-security/login-status, GET} route[39m[38;5;3m +1ms[39m
[32m[Nest] 4788  - [39m09/06/2026, 10:55:37 pm [32m    LOG[39m [38;5;3m[RoutesResolver] [39m[32mSecurityTestController {/api/v1/api/security}:[39m[38;5;3m +0ms[39m
[32m[Nest] 4788  - [39m09/06/2026, 10:55:37 pm [32m    LOG[39m [38;5;3m[RouterExplorer] [39m[32mMapped {/api/security/test-email, GET} route[39m[38;5;3m +0ms[39m
[32m[Nest] 4788  - [39m09/06/2026, 10:55:37 pm [32m    LOG[39m [38;5;3m[RouterExplorer] [39m[32mMapped {/api/security/test-email, POST} route[39m[38;5;3m +0ms[39m
[32m[Nest] 4788  - [39m09/06/2026, 10:55:37 pm [32m    LOG[39m [38;5;3m[QdrantService] [39m[32mInitializing Qdrant client with URL: https://dd284eb5-9c7e-4f0e-92fd-815f87684ce0.us-west-1-0.aws.cloud.qdrant.io[39m
[32m[Nest] 4788  - [39m09/06/2026, 10:55:37 pm [32m    LOG[39m [38;5;3m[QdrantService] [39m[32mTesting Qdrant connection...[39m
[32m[Nest] 4788  - [39m09/06/2026, 10:55:37 pm [32m    LOG[39m [38;5;3m[BgeM3Provider] [39m[32mInitializing BGE-M3 provider → http://localhost:8100[39m
[32m[Nest] 4788  - [39m09/06/2026, 10:55:37 pm [32m    LOG[39m [38;5;3m[NestApplication] [39m[32mNest application successfully started[39m[38;5;3m +9ms[39m
[LEGATRIXON SERVER] NestJS Engine running on: http://localhost:4000/api/v1
[33m[Nest] 4788  - [39m09/06/2026, 10:55:37 pm [33m   WARN[39m [38;5;3m[BgeM3Provider] [39m[33mBGE-M3 sidecar unreachable at http://localhost:8100: . Embeddings will fail until the sidecar is started.[39m
[32m[Nest] 4788  - [39m09/06/2026, 10:55:38 pm [32m    LOG[39m [38;5;3m[QdrantService] [39m[32mSuccessfully connected to Qdrant.[39m
[32m[Nest] 4788  - [39m09/06/2026, 10:55:38 pm [32m    LOG[39m [38;5;3m[QdrantService] [39m[32mCollection judgments already exists.[39m
[32m[Nest] 4788  - [39m09/06/2026, 10:55:39 pm [32m    LOG[39m [38;5;3m[QdrantService] [39m[32mCollection acts already exists.[39m
[32m[Nest] 4788  - [39m09/06/2026, 10:55:39 pm [32m    LOG[39m [38;5;3m[QdrantService] [39m[32mCollection research_papers already exists.[39m
[32m[Nest] 4788  - [39m09/06/2026, 10:55:39 pm [32m    LOG[39m [38;5;3m[QdrantService] [39m[32mCollection law_commission_reports already exists.[39m
[32m[Nest] 4788  - [39m09/06/2026, 10:55:40 pm [32m    LOG[39m [38;5;3m[QdrantService] [39m[32mCollection user_documents already exists.[39m
[33m[Nest] 4788  - [39m09/06/2026, 10:56:13 pm [33m   WARN[39m [38;5;3m[LegalDomainClassifierService] [39m[33mLegal intent classifier DeepSeek failed. Trying next classifier. Reason: Request failed with status code 402[39m
[33m[Nest] 4788  - [39m09/06/2026, 10:56:14 pm [33m   WARN[39m [38;5;3m[LegalDomainClassifierService] [39m[33mLegal intent classifier DeepSeek failed. Trying next classifier. Reason: Request failed with status code 402[39m
[33m[Nest] 4788  - [39m09/06/2026, 10:56:15 pm [33m   WARN[39m [38;5;3m[LegalDomainClassifierService] [39m[33mLegal intent classifier Gemini failed. Trying next classifier. Reason: Request failed with status code 429[39m
[33m[Nest] 4788  - [39m09/06/2026, 10:56:16 pm [33m   WARN[39m [38;5;3m[LegalDomainClassifierService] [39m[33mLegal intent classifier Gemini failed. Trying next classifier. Reason: Request failed with status code 429[39m
[33m[Nest] 4788  - [39m09/06/2026, 10:56:17 pm [33m   WARN[39m [38;5;3m[LegalDomainClassifierService] [39m[33mLegal intent classifier OpenAI failed. Trying next classifier. Reason: Request failed with status code 429[39m
[33m[Nest] 4788  - [39m09/06/2026, 10:56:17 pm [33m   WARN[39m [38;5;3m[LegalDomainClassifierService] [39m[33mLegal intent classifiers unavailable. Allowing query by uncertainty rule.[39m
[33m[Nest] 4788  - [39m09/06/2026, 10:56:17 pm [33m   WARN[39m [38;5;3m[LegalDomainClassifierService] [39m[33mLegal intent classifier OpenAI failed. Trying next classifier. Reason: Request failed with status code 429[39m
[33m[Nest] 4788  - [39m09/06/2026, 10:56:17 pm [33m   WARN[39m [38;5;3m[LegalDomainClassifierService] [39m[33mLegal intent classifiers unavailable. Allowing query by uncertainty rule.[39m
[33m[Nest] 4788  - [39m09/06/2026, 10:56:18 pm [33m   WARN[39m [38;5;3m[LexMentorAiService] [39m[33mDeepSeek failed for LexMentor. Trying Gemini fallback. Reason: Request failed with status code 402[39m
[33m[Nest] 4788  - [39m09/06/2026, 10:56:18 pm [33m   WARN[39m [38;5;3m[LexMentorAiService] [39m[33mDeepSeek failed for LexMentor. Trying Gemini fallback. Reason: Request failed with status code 402[39m
[33m[Nest] 4788  - [39m09/06/2026, 10:56:18 pm [33m   WARN[39m [38;5;3m[LexMentorAiService] [39m[33mGemini fallback failed for LexMentor. Trying OpenAI fallback. Reason: Request failed with status code 429[39m
[33m[Nest] 4788  - [39m09/06/2026, 10:56:18 pm [33m   WARN[39m [38;5;3m[LexMentorAiService] [39m[33mGemini fallback failed for LexMentor. Trying OpenAI fallback. Reason: Request failed with status code 429[39m
[2J[3J[H[[90m10:56:35 pm[0m] File change detected. Starting incremental compilation...

[[90m10:56:35 pm[0m] Found 0 errors. Watching for file changes.

[32m[Nest] 33456  - [39m09/06/2026, 10:56:37 pm [32m    LOG[39m [38;5;3m[NestFactory] [39m[32mStarting Nest application...[39m
[32m[Nest] 33456  - [39m09/06/2026, 10:56:37 pm [32m    LOG[39m [38;5;3m[InstanceLoader] [39m[32mAppModule dependencies initialized[39m[38;5;3m +27ms[39m
[32m[Nest] 33456  - [39m09/06/2026, 10:56:37 pm [32m    LOG[39m [38;5;3m[InstanceLoader] [39m[32mTypeOrmModule dependencies initialized[39m[38;5;3m +1ms[39m
[32m[Nest] 33456  - [39m09/06/2026, 10:56:37 pm [32m    LOG[39m [38;5;3m[InstanceLoader] [39m[32mLegalDomainModule dependencies initialized[39m[38;5;3m +0ms[39m
[32m[Nest] 33456  - [39m09/06/2026, 10:56:37 pm [32m    LOG[39m [38;5;3m[InstanceLoader] [39m[32mRetrievalModule dependencies initialized[39m[38;5;3m +1ms[39m
[32m[Nest] 33456  - [39m09/06/2026, 10:56:37 pm [32m    LOG[39m [38;5;3m[InstanceLoader] [39m[32mJudgmentModule dependencies initialized[39m[38;5;3m +1ms[39m
[32m[Nest] 33456  - [39m09/06/2026, 10:56:37 pm [32m    LOG[39m [38;5;3m[InstanceLoader] [39m[32mContractModule dependencies initialized[39m[38;5;3m +0ms[39m
[32m[Nest] 33456  - [39m09/06/2026, 10:56:37 pm [32m    LOG[39m [38;5;3m[InstanceLoader] [39m[32mChatModule dependencies initialized[39m[38;5;3m +0ms[39m
[32m[Nest] 33456  - [39m09/06/2026, 10:56:37 pm [32m    LOG[39m [38;5;3m[InstanceLoader] [39m[32mIngestionModule dependencies initialized[39m[38;5;3m +1ms[39m
[32m[Nest] 33456  - [39m09/06/2026, 10:56:37 pm [32m    LOG[39m [38;5;3m[InstanceLoader] [39m[32mTypeOrmCoreModule dependencies initialized[39m[38;5;3m +44ms[39m
[32m[Nest] 33456  - [39m09/06/2026, 10:56:37 pm [32m    LOG[39m [38;5;3m[InstanceLoader] [39m[32mTypeOrmModule dependencies initialized[39m[38;5;3m +1ms[39m
[32m[Nest] 33456  - [39m09/06/2026, 10:56:37 pm [32m    LOG[39m [38;5;3m[InstanceLoader] [39m[32mTypeOrmModule dependencies initialized[39m[38;5;3m +0ms[39m
[32m[Nest] 33456  - [39m09/06/2026, 10:56:37 pm [32m    LOG[39m [38;5;3m[InstanceLoader] [39m[32mTypeOrmModule dependencies initialized[39m[38;5;3m +0ms[39m
[32m[Nest] 33456  - [39m09/06/2026, 10:56:37 pm [32m    LOG[39m [38;5;3m[InstanceLoader] [39m[32mTypeOrmModule dependencies initialized[39m[38;5;3m +1ms[39m
[32m[Nest] 33456  - [39m09/06/2026, 10:56:37 pm [32m    LOG[39m [38;5;3m[InstanceLoader] [39m[32mFounderSecurityModule dependencies initialized[39m[38;5;3m +2ms[39m
[32m[Nest] 33456  - [39m09/06/2026, 10:56:37 pm [32m    LOG[39m [38;5;3m[InstanceLoader] [39m[32mResearchModule dependencies initialized[39m[38;5;3m +1ms[39m
[32m[Nest] 33456  - [39m09/06/2026, 10:56:37 pm [32m    LOG[39m [38;5;3m[InstanceLoader] [39m[32mNotebookModule dependencies initialized[39m[38;5;3m +0ms[39m
[32m[Nest] 33456  - [39m09/06/2026, 10:56:37 pm [32m    LOG[39m [38;5;3m[InstanceLoader] [39m[32mExamModule dependencies initialized[39m[38;5;3m +0ms[39m
[32m[Nest] 33456  - [39m09/06/2026, 10:56:37 pm [32m    LOG[39m [38;5;3m[RoutesResolver] [39m[32mJudgmentController {/api/v1/judgments}:[39m[38;5;3m +27ms[39m
[32m[Nest] 33456  - [39m09/06/2026, 10:56:37 pm [32m    LOG[39m [38;5;3m[RouterExplorer] [39m[32mMapped {/api/v1/judgments/upload, POST} route[39m[38;5;3m +3ms[39m
[32m[Nest] 33456  - [39m09/06/2026, 10:56:37 pm [32m    LOG[39m [38;5;3m[RouterExplorer] [39m[32mMapped {/api/v1/judgments/:id/structure, GET} route[39m[38;5;3m +1ms[39m
[32m[Nest] 33456  - [39m09/06/2026, 10:56:37 pm [32m    LOG[39m [38;5;3m[RouterExplorer] [39m[32mMapped {/api/v1/judgments/:id/explain, POST} route[39m[38;5;3m +0ms[39m
[32m[Nest] 33456  - [39m09/06/2026, 10:56:37 pm [32m    LOG[39m [38;5;3m[RoutesResolver] [39m[32mChatController {/api/v1/chat}:[39m[38;5;3m +1ms[39m
[32m[Nest] 33456  - [39m09/06/2026, 10:56:37 pm [32m    LOG[39m [38;5;3m[RouterExplorer] [39m[32mMapped {/api/v1/chat/message, POST} route[39m[38;5;3m +0ms[39m
[32m[Nest] 33456  - [39m09/06/2026, 10:56:37 pm [32m    LOG[39m [38;5;3m[RouterExplorer] [39m[32mMapped {/api/v1/chat/history/:sessionId, GET} route[39m[38;5;3m +1ms[39m
[32m[Nest] 33456  - [39m09/06/2026, 10:56:37 pm [32m    LOG[39m [38;5;3m[RouterExplorer] [39m[32mMapped {/api/v1/chat/history/:sessionId, DELETE} route[39m[38;5;3m +0ms[39m
[32m[Nest] 33456  - [39m09/06/2026, 10:56:37 pm [32m    LOG[39m [38;5;3m[RouterExplorer] [39m[32mMapped {/api/v1/chat/search, POST} route[39m[38;5;3m +1ms[39m
[32m[Nest] 33456  - [39m09/06/2026, 10:56:37 pm [32m    LOG[39m [38;5;3m[RouterExplorer] [39m[32mMapped {/api/v1/chat/citations/:messageId, GET} route[39m[38;5;3m +0ms[39m
[32m[Nest] 33456  - [39m09/06/2026, 10:56:37 pm [32m    LOG[39m [38;5;3m[RoutesResolver] [39m[32mContractController {/api/v1/contracts}:[39m[38;5;3m +0ms[39m
[32m[Nest] 33456  - [39m09/06/2026, 10:56:37 pm [32m    LOG[39m [38;5;3m[RouterExplorer] [39m[32mMapped {/api/v1/contracts/review, POST} route[39m[38;5;3m +1ms[39m
[32m[Nest] 33456  - [39m09/06/2026, 10:56:37 pm [32m    LOG[39m [38;5;3m[RouterExplorer] [39m[32mMapped {/api/v1/contracts/:id/risks, GET} route[39m[38;5;3m +0ms[39m
[32m[Nest] 33456  - [39m09/06/2026, 10:56:37 pm [32m    LOG[39m [38;5;3m[RouterExplorer] [39m[32mMapped {/api/v1/contracts/:id/clauses, POST} route[39m[38;5;3m +1ms[39m
[32m[Nest] 33456  - [39m09/06/2026, 10:56:37 pm [32m    LOG[39m [38;5;3m[RoutesResolver] [39m[32mNotebookController {/api/v1/notebook}:[39m[38;5;3m +0ms[39m
[32m[Nest] 33456  - [39m09/06/2026, 10:56:37 pm [32m    LOG[39m [38;5;3m[RouterExplorer] [39m[32mMapped {/api/v1/notebook/documents, GET} route[39m[38;5;3m +0ms[39m
[32m[Nest] 33456  - [39m09/06/2026, 10:56:37 pm [32m    LOG[39m [38;5;3m[RouterExplorer] [39m[32mMapped {/api/v1/notebook/documents/:id, GET} route[39m[38;5;3m +0ms[39m
[32m[Nest] 33456  - [39m09/06/2026, 10:56:37 pm [32m    LOG[39m [38;5;3m[RouterExplorer] [39m[32mMapped {/api/v1/notebook/documents/:id/preview, GET} route[39m[38;5;3m +1ms[39m
[32m[Nest] 33456  - [39m09/06/2026, 10:56:37 pm [32m    LOG[39m [38;5;3m[RouterExplorer] [39m[32mMapped {/api/v1/notebook/documents/:id/file, GET} route[39m[38;5;3m +0ms[39m
[32m[Nest] 33456  - [39m09/06/2026, 10:56:37 pm [32m    LOG[39m [38;5;3m[RouterExplorer] [39m[32mMapped {/api/v1/notebook/documents/:id/chunks, GET} route[39m[38;5;3m +1ms[39m
[32m[Nest] 33456  - [39m09/06/2026, 10:56:37 pm [32m    LOG[39m [38;5;3m[RouterExplorer] [39m[32mMapped {/api/v1/notebook/documents/:id/chat-history, GET} route[39m[38;5;3m +0ms[39m
[32m[Nest] 33456  - [39m09/06/2026, 10:56:37 pm [32m    LOG[39m [38;5;3m[RouterExplorer] [39m[32mMapped {/api/v1/notebook/documents/:id/reprocess, POST} route[39m[38;5;3m +0ms[39m
[32m[Nest] 33456  - [39m09/06/2026, 10:56:37 pm [32m    LOG[39m [38;5;3m[RouterExplorer] [39m[32mMapped {/api/v1/notebook/documents/:id/extraction, GET} route[39m[38;5;3m +0ms[39m
[32m[Nest] 33456  - [39m09/06/2026, 10:56:37 pm [32m    LOG[39m [38;5;3m[RouterExplorer] [39m[32mMapped {/api/v1/notebook/documents/:id/extraction, POST} route[39m[38;5;3m +1ms[39m
[32m[Nest] 33456  - [39m09/06/2026, 10:56:37 pm [32m    LOG[39m [38;5;3m[RouterExplorer] [39m[32mMapped {/api/v1/notebook/documents/:id/study-forge/generate, POST} route[39m[38;5;3m +0ms[39m
[32m[Nest] 33456  - [39m09/06/2026, 10:56:37 pm [32m    LOG[39m [38;5;3m[RouterExplorer] [39m[32mMapped {/api/v1/notebook/documents/:id/study-forge/flashcards/:cardId/rate, POST} route[39m[38;5;3m +0ms[39m
[32m[Nest] 33456  - [39m09/06/2026, 10:56:37 pm [32m    LOG[39m [38;5;3m[RouterExplorer] [39m[32mMapped {/api/v1/notebook/documents/:id/study-forge/quiz-attempt, POST} route[39m[38;5;3m +1ms[39m
[32m[Nest] 33456  - [39m09/06/2026, 10:56:37 pm [32m    LOG[39m [38;5;3m[RouterExplorer] [39m[32mMapped {/api/v1/notebook/graph, GET} route[39m[38;5;3m +0ms[39m
[32m[Nest] 33456  - [39m09/06/2026, 10:56:37 pm [32m    LOG[39m [38;5;3m[RouterExplorer] [39m[32mMapped {/api/v1/notebook/search, GET} route[39m[38;5;3m +0ms[39m
[32m[Nest] 33456  - [39m09/06/2026, 10:56:37 pm [32m    LOG[39m [38;5;3m[RouterExplorer] [39m[32mMapped {/api/v1/notebook/documents/:id, DELETE} route[39m[38;5;3m +1ms[39m
[32m[Nest] 33456  - [39m09/06/2026, 10:56:37 pm [32m    LOG[39m [38;5;3m[RouterExplorer] [39m[32mMapped {/api/v1/notebook/upload, POST} route[39m[38;5;3m +0ms[39m
[32m[Nest] 33456  - [39m09/06/2026, 10:56:37 pm [32m    LOG[39m [38;5;3m[RouterExplorer] [39m[32mMapped {/api/v1/notebook/chat, POST} route[39m[38;5;3m +0ms[39m
[32m[Nest] 33456  - [39m09/06/2026, 10:56:37 pm [32m    LOG[39m [38;5;3m[RoutesResolver] [39m[32mResearchController {/api/v1/research}:[39m[38;5;3m +1ms[39m
[32m[Nest] 33456  - [39m09/06/2026, 10:56:37 pm [32m    LOG[39m [38;5;3m[RouterExplorer] [39m[32mMapped {/api/v1/research/query, POST} route[39m[38;5;3m +0ms[39m
[32m[Nest] 33456  - [39m09/06/2026, 10:56:37 pm [32m    LOG[39m [38;5;3m[RouterExplorer] [39m[32mMapped {/api/v1/research/query/all, GET} route[39m[38;5;3m +0ms[39m
[32m[Nest] 33456  - [39m09/06/2026, 10:56:37 pm [32m    LOG[39m [38;5;3m[RouterExplorer] [39m[32mMapped {/api/v1/research/query/:id, GET} route[39m[38;5;3m +1ms[39m
[32m[Nest] 33456  - [39m09/06/2026, 10:56:37 pm [32m    LOG[39m [38;5;3m[RouterExplorer] [39m[32mMapped {/api/v1/research/report, POST} route[39m[38;5;3m +0ms[39m
[32m[Nest] 33456  - [39m09/06/2026, 10:56:37 pm [32m    LOG[39m [38;5;3m[RouterExplorer] [39m[32mMapped {/api/v1/research/report/:id, GET} route[39m[38;5;3m +0ms[39m
[32m[Nest] 33456  - [39m09/06/2026, 10:56:37 pm [32m    LOG[39m [38;5;3m[RouterExplorer] [39m[32mMapped {/api/v1/research/report/:id, PUT} route[39m[38;5;3m +0ms[39m
[32m[Nest] 33456  - [39m09/06/2026, 10:56:37 pm [32m    LOG[39m [38;5;3m[RouterExplorer] [39m[32mMapped {/api/v1/research/report/:id, DELETE} route[39m[38;5;3m +1ms[39m
[32m[Nest] 33456  - [39m09/06/2026, 10:56:37 pm [32m    LOG[39m [38;5;3m[RouterExplorer] [39m[32mMapped {/api/v1/research/note, POST} route[39m[38;5;3m +0ms[39m
[32m[Nest] 33456  - [39m09/06/2026, 10:56:37 pm [32m    LOG[39m [38;5;3m[RouterExplorer] [39m[32mMapped {/api/v1/research/note/:id, GET} route[39m[38;5;3m +0ms[39m
[32m[Nest] 33456  - [39m09/06/2026, 10:56:37 pm [32m    LOG[39m [38;5;3m[RouterExplorer] [39m[32mMapped {/api/v1/research/note/:id, PUT} route[39m[38;5;3m +0ms[39m
[32m[Nest] 33456  - [39m09/06/2026, 10:56:37 pm [32m    LOG[39m [38;5;3m[RouterExplorer] [39m[32mMapped {/api/v1/research/note/:id, DELETE} route[39m[38;5;3m +1ms[39m
[32m[Nest] 33456  - [39m09/06/2026, 10:56:37 pm [32m    LOG[39m [38;5;3m[RouterExplorer] [39m[32mMapped {/api/v1/research/source, POST} route[39m[38;5;3m +0ms[39m
[32m[Nest] 33456  - [39m09/06/2026, 10:56:37 pm [32m    LOG[39m [38;5;3m[RouterExplorer] [39m[32mMapped {/api/v1/research/source/:id, GET} route[39m[38;5;3m +0ms[39m
[32m[Nest] 33456  - [39m09/06/2026, 10:56:37 pm [32m    LOG[39m [38;5;3m[RouterExplorer] [39m[32mMapped {/api/v1/research/source/:id, DELETE} route[39m[38;5;3m +1ms[39m
[32m[Nest] 33456  - [39m09/06/2026, 10:56:37 pm [32m    LOG[39m [38;5;3m[RouterExplorer] [39m[32mMapped {/api/v1/research/save, POST} route[39m[38;5;3m +0ms[39m
[32m[Nest] 33456  - [39m09/06/2026, 10:56:37 pm [32m    LOG[39m [38;5;3m[RouterExplorer] [39m[32mMapped {/api/v1/research/save/all, GET} route[39m[38;5;3m +1ms[39m
[32m[Nest] 33456  - [39m09/06/2026, 10:56:37 pm [32m    LOG[39m [38;5;3m[RouterExplorer] [39m[32mMapped {/api/v1/research/save/:id, DELETE} route[39m[38;5;3m +0ms[39m
[32m[Nest] 33456  - [39m09/06/2026, 10:56:37 pm [32m    LOG[39m [38;5;3m[RouterExplorer] [39m[32mMapped {/api/v1/research/asset, POST} route[39m[38;5;3m +0ms[39m
[32m[Nest] 33456  - [39m09/06/2026, 10:56:37 pm [32m    LOG[39m [38;5;3m[RouterExplorer] [39m[32mMapped {/api/v1/research/upload, POST} route[39m[38;5;3m +0ms[39m
[32m[Nest] 33456  - [39m09/06/2026, 10:56:37 pm [32m    LOG[39m [38;5;3m[RouterExplorer] [39m[32mMapped {/api/v1/research/documents/:queryId, GET} route[39m[38;5;3m +1ms[39m
[32m[Nest] 33456  - [39m09/06/2026, 10:56:37 pm [32m    LOG[39m [38;5;3m[RouterExplorer] [39m[32mMapped {/api/v1/research/generate, POST} route[39m[38;5;3m +0ms[39m
[32m[Nest] 33456  - [39m09/06/2026, 10:56:37 pm [32m    LOG[39m [38;5;3m[RouterExplorer] [39m[32mMapped {/api/v1/research/challenge, POST} route[39m[38;5;3m +0ms[39m
[32m[Nest] 33456  - [39m09/06/2026, 10:56:37 pm [32m    LOG[39m [38;5;3m[RoutesResolver] [39m[32mIngestionController {/api/v1/ingestion}:[39m[38;5;3m +0ms[39m
[32m[Nest] 33456  - [39m09/06/2026, 10:56:37 pm [32m    LOG[39m [38;5;3m[RouterExplorer] [39m[32mMapped {/api/v1/ingestion/status, GET} route[39m[38;5;3m +1ms[39m
[32m[Nest] 33456  - [39m09/06/2026, 10:56:37 pm [32m    LOG[39m [38;5;3m[RouterExplorer] [39m[32mMapped {/api/v1/ingestion/init-collections, POST} route[39m[38;5;3m +0ms[39m
[32m[Nest] 33456  - [39m09/06/2026, 10:56:37 pm [32m    LOG[39m [38;5;3m[RouterExplorer] [39m[32mMapped {/api/v1/ingestion/ingest, POST} route[39m[38;5;3m +0ms[39m
[32m[Nest] 33456  - [39m09/06/2026, 10:56:37 pm [32m    LOG[39m [38;5;3m[RouterExplorer] [39m[32mMapped {/api/v1/ingestion/ingest-text, POST} route[39m[38;5;3m +0ms[39m
[32m[Nest] 33456  - [39m09/06/2026, 10:56:37 pm [32m    LOG[39m [38;5;3m[RouterExplorer] [39m[32mMapped {/api/v1/ingestion/ingest-batch, POST} route[39m[38;5;3m +1ms[39m
[32m[Nest] 33456  - [39m09/06/2026, 10:56:37 pm [32m    LOG[39m [38;5;3m[RoutesResolver] [39m[32mExamController {/api/v1/exam}:[39m[38;5;3m +0ms[39m
[32m[Nest] 33456  - [39m09/06/2026, 10:56:37 pm [32m    LOG[39m [38;5;3m[RouterExplorer] [39m[32mMapped {/api/v1/exam, POST} route[39m[38;5;3m +0ms[39m
[32m[Nest] 33456  - [39m09/06/2026, 10:56:37 pm [32m    LOG[39m [38;5;3m[RouterExplorer] [39m[32mMapped {/api/v1/exam, GET} route[39m[38;5;3m +1ms[39m
[32m[Nest] 33456  - [39m09/06/2026, 10:56:37 pm [32m    LOG[39m [38;5;3m[RouterExplorer] [39m[32mMapped {/api/v1/exam/:id, GET} route[39m[38;5;3m +0ms[39m
[32m[Nest] 33456  - [39m09/06/2026, 10:56:37 pm [32m    LOG[39m [38;5;3m[RouterExplorer] [39m[32mMapped {/api/v1/exam/:id/mock, POST} route[39m[38;5;3m +0ms[39m
[32m[Nest] 33456  - [39m09/06/2026, 10:56:37 pm [32m    LOG[39m [38;5;3m[RouterExplorer] [39m[32mMapped {/api/v1/exam/assistant, POST} route[39m[38;5;3m +0ms[39m
[32m[Nest] 33456  - [39m09/06/2026, 10:56:37 pm [32m    LOG[39m [38;5;3m[RouterExplorer] [39m[32mMapped {/api/v1/exam/dashboard/recommendations, GET} route[39m[38;5;3m +0ms[39m
[32m[Nest] 33456  - [39m09/06/2026, 10:56:37 pm [32m    LOG[39m [38;5;3m[RouterExplorer] [39m[32mMapped {/api/v1/exam/doubt-solve, POST} route[39m[38;5;3m +1ms[39m
[32m[Nest] 33456  - [39m09/06/2026, 10:56:37 pm [32m    LOG[39m [38;5;3m[RouterExplorer] [39m[32mMapped {/api/v1/exam/oauth-tokens, POST} route[39m[38;5;3m +0ms[39m
[32m[Nest] 33456  - [39m09/06/2026, 10:56:37 pm [32m    LOG[39m [38;5;3m[RouterExplorer] [39m[32mMapped {/api/v1/exam/dashboard/notifications, GET} route[39m[38;5;3m +0ms[39m
[32m[Nest] 33456  - [39m09/06/2026, 10:56:37 pm [32m    LOG[39m [38;5;3m[RouterExplorer] [39m[32mMapped {/api/v1/exam/dashboard/notifications/read, POST} route[39m[38;5;3m +1ms[39m
[32m[Nest] 33456  - [39m09/06/2026, 10:56:37 pm [32m    LOG[39m [38;5;3m[RouterExplorer] [39m[32mMapped {/api/v1/exam/calendar/events, GET} route[39m[38;5;3m +0ms[39m
[32m[Nest] 33456  - [39m09/06/2026, 10:56:37 pm [32m    LOG[39m [38;5;3m[RouterExplorer] [39m[32mMapped {/api/v1/exam/calendar/events, POST} route[39m[38;5;3m +1ms[39m
[32m[Nest] 33456  - [39m09/06/2026, 10:56:37 pm [32m    LOG[39m [38;5;3m[RoutesResolver] [39m[32mFounderSecurityController {/api/v1/founder-security}:[39m[38;5;3m +0ms[39m
[32m[Nest] 33456  - [39m09/06/2026, 10:56:37 pm [32m    LOG[39m [38;5;3m[RouterExplorer] [39m[32mMapped {/api/v1/founder-security/settings, GET} route[39m[38;5;3m +0ms[39m
[32m[Nest] 33456  - [39m09/06/2026, 10:56:37 pm [32m    LOG[39m [38;5;3m[RouterExplorer] [39m[32mMapped {/api/v1/founder-security/settings, PUT} route[39m[38;5;3m +0ms[39m
[32m[Nest] 33456  - [39m09/06/2026, 10:56:37 pm [32m    LOG[39m [38;5;3m[RouterExplorer] [39m[32mMapped {/api/v1/founder-security/events, GET} route[39m[38;5;3m +1ms[39m
[32m[Nest] 33456  - [39m09/06/2026, 10:56:37 pm [32m    LOG[39m [38;5;3m[RouterExplorer] [39m[32mMapped {/api/v1/founder-security/events, POST} route[39m[38;5;3m +0ms[39m
[32m[Nest] 33456  - [39m09/06/2026, 10:56:37 pm [32m    LOG[39m [38;5;3m[RouterExplorer] [39m[32mMapped {/api/v1/founder-security/clear-locks, GET} route[39m[38;5;3m +0ms[39m
[32m[Nest] 33456  - [39m09/06/2026, 10:56:37 pm [32m    LOG[39m [38;5;3m[RouterExplorer] [39m[32mMapped {/api/v1/founder-security/admin-login, POST} route[39m[38;5;3m +1ms[39m
[32m[Nest] 33456  - [39m09/06/2026, 10:56:37 pm [32m    LOG[39m [38;5;3m[RouterExplorer] [39m[32mMapped {/api/v1/founder-security/verify-question, POST} route[39m[38;5;3m +0ms[39m
[32m[Nest] 33456  - [39m09/06/2026, 10:56:37 pm [32m    LOG[39m [38;5;3m[RouterExplorer] [39m[32mMapped {/api/v1/founder-security/login-approve, GET} route[39m[38;5;3m +0ms[39m
[32m[Nest] 33456  - [39m09/06/2026, 10:56:37 pm [32m    LOG[39m [38;5;3m[RouterExplorer] [39m[32mMapped {/api/v1/founder-security/login-reject, GET} route[39m[38;5;3m +0ms[39m
[32m[Nest] 33456  - [39m09/06/2026, 10:56:37 pm [32m    LOG[39m [38;5;3m[RouterExplorer] [39m[32mMapped {/api/v1/founder-security/login-status, GET} route[39m[38;5;3m +0ms[39m
[32m[Nest] 33456  - [39m09/06/2026, 10:56:37 pm [32m    LOG[39m [38;5;3m[RoutesResolver] [39m[32mSecurityTestController {/api/v1/api/security}:[39m[38;5;3m +1ms[39m
[32m[Nest] 33456  - [39m09/06/2026, 10:56:37 pm [32m    LOG[39m [38;5;3m[RouterExplorer] [39m[32mMapped {/api/security/test-email, GET} route[39m[38;5;3m +0ms[39m
[32m[Nest] 33456  - [39m09/06/2026, 10:56:37 pm [32m    LOG[39m [38;5;3m[RouterExplorer] [39m[32mMapped {/api/security/test-email, POST} route[39m[38;5;3m +0ms[39m
[32m[Nest] 33456  - [39m09/06/2026, 10:56:37 pm [32m    LOG[39m [38;5;3m[QdrantService] [39m[32mInitializing Qdrant client with URL: https://dd284eb5-9c7e-4f0e-92fd-815f87684ce0.us-west-1-0.aws.cloud.qdrant.io[39m
[32m[Nest] 33456  - [39m09/06/2026, 10:56:37 pm [32m    LOG[39m [38;5;3m[QdrantService] [39m[32mTesting Qdrant connection...[39m
[32m[Nest] 33456  - [39m09/06/2026, 10:56:37 pm [32m    LOG[39m [38;5;3m[BgeM3Provider] [39m[32mInitializing BGE-M3 provider → http://localhost:8100[39m
[32m[Nest] 33456  - [39m09/06/2026, 10:56:37 pm [32m    LOG[39m [38;5;3m[NestApplication] [39m[32mNest application successfully started[39m[38;5;3m +9ms[39m
[LEGATRIXON SERVER] NestJS Engine running on: http://localhost:4000/api/v1
[33m[Nest] 33456  - [39m09/06/2026, 10:56:37 pm [33m   WARN[39m [38;5;3m[BgeM3Provider] [39m[33mBGE-M3 sidecar unreachable at http://localhost:8100: . Embeddings will fail until the sidecar is started.[39m
[32m[Nest] 33456  - [39m09/06/2026, 10:56:38 pm [32m    LOG[39m [38;5;3m[QdrantService] [39m[32mSuccessfully connected to Qdrant.[39m
[32m[Nest] 33456  - [39m09/06/2026, 10:56:38 pm [32m    LOG[39m [38;5;3m[QdrantService] [39m[32mCollection judgments already exists.[39m
[32m[Nest] 33456  - [39m09/06/2026, 10:56:39 pm [32m    LOG[39m [38;5;3m[QdrantService] [39m[32mCollection acts already exists.[39m
[32m[Nest] 33456  - [39m09/06/2026, 10:56:39 pm [32m    LOG[39m [38;5;3m[QdrantService] [39m[32mCollection research_papers already exists.[39m
[32m[Nest] 33456  - [39m09/06/2026, 10:56:39 pm [32m    LOG[39m [38;5;3m[QdrantService] [39m[32mCollection law_commission_reports already exists.[39m
[32m[Nest] 33456  - [39m09/06/2026, 10:56:39 pm [32m    LOG[39m [38;5;3m[QdrantService] [39m[32mCollection user_documents already exists.[39m
[33m[Nest] 33456  - [39m09/06/2026, 10:57:14 pm [33m   WARN[39m [38;5;3m[LegalDomainClassifierService] [39m[33mLegal intent classifier DeepSeek failed. Trying next classifier. Reason: Request failed with status code 402[39m
[33m[Nest] 33456  - [39m09/06/2026, 10:57:16 pm [33m   WARN[39m [38;5;3m[LegalDomainClassifierService] [39m[33mLegal intent classifier Gemini failed. Trying next classifier. Reason: Request failed with status code 429[39m
[33m[Nest] 33456  - [39m09/06/2026, 10:57:18 pm [33m   WARN[39m [38;5;3m[LegalDomainClassifierService] [39m[33mLegal intent classifier OpenAI failed. Trying next classifier. Reason: Request failed with status code 429[39m
[33m[Nest] 33456  - [39m09/06/2026, 10:57:18 pm [33m   WARN[39m [38;5;3m[LegalDomainClassifierService] [39m[33mLegal intent classifiers unavailable. Allowing query by uncertainty rule.[39m
[33m[Nest] 33456  - [39m09/06/2026, 10:57:19 pm [33m   WARN[39m [38;5;3m[LexMentorAiService] [39m[33mDeepSeek failed for LexMentor. Trying Gemini fallback. Reason: Request failed with status code 402[39m
[33m[Nest] 33456  - [39m09/06/2026, 10:57:19 pm [33m   WARN[39m [38;5;3m[LexMentorAiService] [39m[33mGemini fallback failed for LexMentor. Trying OpenAI fallback. Reason: Request failed with status code 429[39m
[2J[3J[H[[90m10:57:59 pm[0m] File change detected. Starting incremental compilation...

[[90m10:58:00 pm[0m] Found 0 errors. Watching for file changes.

[32m[Nest] 12664  - [39m09/06/2026, 10:58:03 pm [32m    LOG[39m [38;5;3m[NestFactory] [39m[32mStarting Nest application...[39m
[32m[Nest] 12664  - [39m09/06/2026, 10:58:03 pm [32m    LOG[39m [38;5;3m[InstanceLoader] [39m[32mAppModule dependencies initialized[39m[38;5;3m +45ms[39m
[32m[Nest] 12664  - [39m09/06/2026, 10:58:03 pm [32m    LOG[39m [38;5;3m[InstanceLoader] [39m[32mTypeOrmModule dependencies initialized[39m[38;5;3m +1ms[39m
[32m[Nest] 12664  - [39m09/06/2026, 10:58:03 pm [32m    LOG[39m [38;5;3m[InstanceLoader] [39m[32mLegalDomainModule dependencies initialized[39m[38;5;3m +1ms[39m
[32m[Nest] 12664  - [39m09/06/2026, 10:58:03 pm [32m    LOG[39m [38;5;3m[InstanceLoader] [39m[32mRetrievalModule dependencies initialized[39m[38;5;3m +1ms[39m
[32m[Nest] 12664  - [39m09/06/2026, 10:58:03 pm [32m    LOG[39m [38;5;3m[InstanceLoader] [39m[32mJudgmentModule dependencies initialized[39m[38;5;3m +1ms[39m
[32m[Nest] 12664  - [39m09/06/2026, 10:58:03 pm [32m    LOG[39m [38;5;3m[InstanceLoader] [39m[32mContractModule dependencies initialized[39m[38;5;3m +0ms[39m
[32m[Nest] 12664  - [39m09/06/2026, 10:58:03 pm [32m    LOG[39m [38;5;3m[InstanceLoader] [39m[32mChatModule dependencies initialized[39m[38;5;3m +1ms[39m
[32m[Nest] 12664  - [39m09/06/2026, 10:58:03 pm [32m    LOG[39m [38;5;3m[InstanceLoader] [39m[32mIngestionModule dependencies initialized[39m[38;5;3m +1ms[39m
[32m[Nest] 12664  - [39m09/06/2026, 10:58:03 pm [32m    LOG[39m [38;5;3m[InstanceLoader] [39m[32mTypeOrmCoreModule dependencies initialized[39m[38;5;3m +72ms[39m
[32m[Nest] 12664  - [39m09/06/2026, 10:58:03 pm [32m    LOG[39m [38;5;3m[InstanceLoader] [39m[32mTypeOrmModule dependencies initialized[39m[38;5;3m +1ms[39m
[32m[Nest] 12664  - [39m09/06/2026, 10:58:03 pm [32m    LOG[39m [38;5;3m[InstanceLoader] [39m[32mTypeOrmModule dependencies initialized[39m[38;5;3m +1ms[39m
[32m[Nest] 12664  - [39m09/06/2026, 10:58:03 pm [32m    LOG[39m [38;5;3m[InstanceLoader] [39m[32mTypeOrmModule dependencies initialized[39m[38;5;3m +0ms[39m
[32m[Nest] 12664  - [39m09/06/2026, 10:58:03 pm [32m    LOG[39m [38;5;3m[InstanceLoader] [39m[32mTypeOrmModule dependencies initialized[39m[38;5;3m +1ms[39m
[32m[Nest] 12664  - [39m09/06/2026, 10:58:03 pm [32m    LOG[39m [38;5;3m[InstanceLoader] [39m[32mFounderSecurityModule dependencies initialized[39m[38;5;3m +2ms[39m
[32m[Nest] 12664  - [39m09/06/2026, 10:58:03 pm [32m    LOG[39m [38;5;3m[InstanceLoader] [39m[32mResearchModule dependencies initialized[39m[38;5;3m +1ms[39m
[32m[Nest] 12664  - [39m09/06/2026, 10:58:03 pm [32m    LOG[39m [38;5;3m[InstanceLoader] [39m[32mNotebookModule dependencies initialized[39m[38;5;3m +0ms[39m
[32m[Nest] 12664  - [39m09/06/2026, 10:58:03 pm [32m    LOG[39m [38;5;3m[InstanceLoader] [39m[32mExamModule dependencies initialized[39m[38;5;3m +1ms[39m
[32m[Nest] 12664  - [39m09/06/2026, 10:58:03 pm [32m    LOG[39m [38;5;3m[RoutesResolver] [39m[32mJudgmentController {/api/v1/judgments}:[39m[38;5;3m +45ms[39m
[32m[Nest] 12664  - [39m09/06/2026, 10:58:03 pm [32m    LOG[39m [38;5;3m[RouterExplorer] [39m[32mMapped {/api/v1/judgments/upload, POST} route[39m[38;5;3m +3ms[39m
[32m[Nest] 12664  - [39m09/06/2026, 10:58:03 pm [32m    LOG[39m [38;5;3m[RouterExplorer] [39m[32mMapped {/api/v1/judgments/:id/structure, GET} route[39m[38;5;3m +1ms[39m
[32m[Nest] 12664  - [39m09/06/2026, 10:58:03 pm [32m    LOG[39m [38;5;3m[RouterExplorer] [39m[32mMapped {/api/v1/judgments/:id/explain, POST} route[39m[38;5;3m +0ms[39m
[32m[Nest] 12664  - [39m09/06/2026, 10:58:03 pm [32m    LOG[39m [38;5;3m[RoutesResolver] [39m[32mChatController {/api/v1/chat}:[39m[38;5;3m +1ms[39m
[32m[Nest] 12664  - [39m09/06/2026, 10:58:03 pm [32m    LOG[39m [38;5;3m[RouterExplorer] [39m[32mMapped {/api/v1/chat/message, POST} route[39m[38;5;3m +0ms[39m
[32m[Nest] 12664  - [39m09/06/2026, 10:58:03 pm [32m    LOG[39m [38;5;3m[RouterExplorer] [39m[32mMapped {/api/v1/chat/history/:sessionId, GET} route[39m[38;5;3m +1ms[39m
[32m[Nest] 12664  - [39m09/06/2026, 10:58:03 pm [32m    LOG[39m [38;5;3m[RouterExplorer] [39m[32mMapped {/api/v1/chat/history/:sessionId, DELETE} route[39m[38;5;3m +0ms[39m
[32m[Nest] 12664  - [39m09/06/2026, 10:58:03 pm [32m    LOG[39m [38;5;3m[RouterExplorer] [39m[32mMapped {/api/v1/chat/search, POST} route[39m[38;5;3m +0ms[39m
[32m[Nest] 12664  - [39m09/06/2026, 10:58:03 pm [32m    LOG[39m [38;5;3m[RouterExplorer] [39m[32mMapped {/api/v1/chat/citations/:messageId, GET} route[39m[38;5;3m +1ms[39m
[32m[Nest] 12664  - [39m09/06/2026, 10:58:03 pm [32m    LOG[39m [38;5;3m[RoutesResolver] [39m[32mContractController {/api/v1/contracts}:[39m[38;5;3m +0ms[39m
[32m[Nest] 12664  - [39m09/06/2026, 10:58:03 pm [32m    LOG[39m [38;5;3m[RouterExplorer] [39m[32mMapped {/api/v1/contracts/review, POST} route[39m[38;5;3m +1ms[39m
[32m[Nest] 12664  - [39m09/06/2026, 10:58:03 pm [32m    LOG[39m [38;5;3m[RouterExplorer] [39m[32mMapped {/api/v1/contracts/:id/risks, GET} route[39m[38;5;3m +0ms[39m
[32m[Nest] 12664  - [39m09/06/2026, 10:58:03 pm [32m    LOG[39m [38;5;3m[RouterExplorer] [39m[32mMapped {/api/v1/contracts/:id/clauses, POST} route[39m[38;5;3m +1ms[39m
[32m[Nest] 12664  - [39m09/06/2026, 10:58:03 pm [32m    LOG[39m [38;5;3m[RoutesResolver] [39m[32mNotebookController {/api/v1/notebook}:[39m[38;5;3m +0ms[39m
[32m[Nest] 12664  - [39m09/06/2026, 10:58:03 pm [32m    LOG[39m [38;5;3m[RouterExplorer] [39m[32mMapped {/api/v1/notebook/documents, GET} route[39m[38;5;3m +0ms[39m
[32m[Nest] 12664  - [39m09/06/2026, 10:58:03 pm [32m    LOG[39m [38;5;3m[RouterExplorer] [39m[32mMapped {/api/v1/notebook/documents/:id, GET} route[39m[38;5;3m +1ms[39m
[32m[Nest] 12664  - [39m09/06/2026, 10:58:03 pm [32m    LOG[39m [38;5;3m[RouterExplorer] [39m[32mMapped {/api/v1/notebook/documents/:id/preview, GET} route[39m[38;5;3m +0ms[39m
[32m[Nest] 12664  - [39m09/06/2026, 10:58:03 pm [32m    LOG[39m [38;5;3m[RouterExplorer] [39m[32mMapped {/api/v1/notebook/documents/:id/file, GET} route[39m[38;5;3m +0ms[39m
[32m[Nest] 12664  - [39m09/06/2026, 10:58:03 pm [32m    LOG[39m [38;5;3m[RouterExplorer] [39m[32mMapped {/api/v1/notebook/documents/:id/chunks, GET} route[39m[38;5;3m +0ms[39m
[32m[Nest] 12664  - [39m09/06/2026, 10:58:03 pm [32m    LOG[39m [38;5;3m[RouterExplorer] [39m[32mMapped {/api/v1/notebook/documents/:id/chat-history, GET} route[39m[38;5;3m +1ms[39m
[32m[Nest] 12664  - [39m09/06/2026, 10:58:03 pm [32m    LOG[39m [38;5;3m[RouterExplorer] [39m[32mMapped {/api/v1/notebook/documents/:id/reprocess, POST} route[39m[38;5;3m +0ms[39m
[32m[Nest] 12664  - [39m09/06/2026, 10:58:03 pm [32m    LOG[39m [38;5;3m[RouterExplorer] [39m[32mMapped {/api/v1/notebook/documents/:id/extraction, GET} route[39m[38;5;3m +0ms[39m
[32m[Nest] 12664  - [39m09/06/2026, 10:58:03 pm [32m    LOG[39m [38;5;3m[RouterExplorer] [39m[32mMapped {/api/v1/notebook/documents/:id/extraction, POST} route[39m[38;5;3m +1ms[39m
[32m[Nest] 12664  - [39m09/06/2026, 10:58:03 pm [32m    LOG[39m [38;5;3m[RouterExplorer] [39m[32mMapped {/api/v1/notebook/documents/:id/study-forge/generate, POST} route[39m[38;5;3m +0ms[39m
[32m[Nest] 12664  - [39m09/06/2026, 10:58:03 pm [32m    LOG[39m [38;5;3m[RouterExplorer] [39m[32mMapped {/api/v1/notebook/documents/:id/study-forge/flashcards/:cardId/rate, POST} route[39m[38;5;3m +1ms[39m
[32m[Nest] 12664  - [39m09/06/2026, 10:58:03 pm [32m    LOG[39m [38;5;3m[RouterExplorer] [39m[32mMapped {/api/v1/notebook/documents/:id/study-forge/quiz-attempt, POST} route[39m[38;5;3m +0ms[39m
[32m[Nest] 12664  - [39m09/06/2026, 10:58:03 pm [32m    LOG[39m [38;5;3m[RouterExplorer] [39m[32mMapped {/api/v1/notebook/graph, GET} route[39m[38;5;3m +0ms[39m
[32m[Nest] 12664  - [39m09/06/2026, 10:58:03 pm [32m    LOG[39m [38;5;3m[RouterExplorer] [39m[32mMapped {/api/v1/notebook/search, GET} route[39m[38;5;3m +1ms[39m
[32m[Nest] 12664  - [39m09/06/2026, 10:58:03 pm [32m    LOG[39m [38;5;3m[RouterExplorer] [39m[32mMapped {/api/v1/notebook/documents/:id, DELETE} route[39m[38;5;3m +0ms[39m
[32m[Nest] 12664  - [39m09/06/2026, 10:58:03 pm [32m    LOG[39m [38;5;3m[RouterExplorer] [39m[32mMapped {/api/v1/notebook/upload, POST} route[39m[38;5;3m +1ms[39m
[32m[Nest] 12664  - [39m09/06/2026, 10:58:03 pm [32m    LOG[39m [38;5;3m[RouterExplorer] [39m[32mMapped {/api/v1/notebook/chat, POST} route[39m[38;5;3m +0ms[39m
[32m[Nest] 12664  - [39m09/06/2026, 10:58:03 pm [32m    LOG[39m [38;5;3m[RoutesResolver] [39m[32mResearchController {/api/v1/research}:[39m[38;5;3m +0ms[39m
[32m[Nest] 12664  - [39m09/06/2026, 10:58:03 pm [32m    LOG[39m [38;5;3m[RouterExplorer] [39m[32mMapped {/api/v1/research/query, POST} route[39m[38;5;3m +1ms[39m
[32m[Nest] 12664  - [39m09/06/2026, 10:58:03 pm [32m    LOG[39m [38;5;3m[RouterExplorer] [39m[32mMapped {/api/v1/research/query/all, GET} route[39m[38;5;3m +0ms[39m
[32m[Nest] 12664  - [39m09/06/2026, 10:58:03 pm [32m    LOG[39m [38;5;3m[RouterExplorer] [39m[32mMapped {/api/v1/research/query/:id, GET} route[39m[38;5;3m +0ms[39m
[32m[Nest] 12664  - [39m09/06/2026, 10:58:03 pm [32m    LOG[39m [38;5;3m[RouterExplorer] [39m[32mMapped {/api/v1/research/report, POST} route[39m[38;5;3m +1ms[39m
[32m[Nest] 12664  - [39m09/06/2026, 10:58:03 pm [32m    LOG[39m [38;5;3m[RouterExplorer] [39m[32mMapped {/api/v1/research/report/:id, GET} route[39m[38;5;3m +0ms[39m
[32m[Nest] 12664  - [39m09/06/2026, 10:58:03 pm [32m    LOG[39m [38;5;3m[RouterExplorer] [39m[32mMapped {/api/v1/research/report/:id, PUT} route[39m[38;5;3m +0ms[39m
[32m[Nest] 12664  - [39m09/06/2026, 10:58:03 pm [32m    LOG[39m [38;5;3m[RouterExplorer] [39m[32mMapped {/api/v1/research/report/:id, DELETE} route[39m[38;5;3m +0ms[39m
[32m[Nest] 12664  - [39m09/06/2026, 10:58:03 pm [32m    LOG[39m [38;5;3m[RouterExplorer] [39m[32mMapped {/api/v1/research/note, POST} route[39m[38;5;3m +1ms[39m
[32m[Nest] 12664  - [39m09/06/2026, 10:58:03 pm [32m    LOG[39m [38;5;3m[RouterExplorer] [39m[32mMapped {/api/v1/research/note/:id, GET} route[39m[38;5;3m +0ms[39m
[32m[Nest] 12664  - [39m09/06/2026, 10:58:03 pm [32m    LOG[39m [38;5;3m[RouterExplorer] [39m[32mMapped {/api/v1/research/note/:id, PUT} route[39m[38;5;3m +0ms[39m
[32m[Nest] 12664  - [39m09/06/2026, 10:58:03 pm [32m    LOG[39m [38;5;3m[RouterExplorer] [39m[32mMapped {/api/v1/research/note/:id, DELETE} route[39m[38;5;3m +1ms[39m
[32m[Nest] 12664  - [39m09/06/2026, 10:58:03 pm [32m    LOG[39m [38;5;3m[RouterExplorer] [39m[32mMapped {/api/v1/research/source, POST} route[39m[38;5;3m +0ms[39m
[32m[Nest] 12664  - [39m09/06/2026, 10:58:03 pm [32m    LOG[39m [38;5;3m[RouterExplorer] [39m[32mMapped {/api/v1/research/source/:id, GET} route[39m[38;5;3m +0ms[39m
[32m[Nest] 12664  - [39m09/06/2026, 10:58:03 pm [32m    LOG[39m [38;5;3m[RouterExplorer] [39m[32mMapped {/api/v1/research/source/:id, DELETE} route[39m[38;5;3m +0ms[39m
[32m[Nest] 12664  - [39m09/06/2026, 10:58:03 pm [32m    LOG[39m [38;5;3m[RouterExplorer] [39m[32mMapped {/api/v1/research/save, POST} route[39m[38;5;3m +1ms[39m
[32m[Nest] 12664  - [39m09/06/2026, 10:58:03 pm [32m    LOG[39m [38;5;3m[RouterExplorer] [39m[32mMapped {/api/v1/research/save/all, GET} route[39m[38;5;3m +0ms[39m
[32m[Nest] 12664  - [39m09/06/2026, 10:58:03 pm [32m    LOG[39m [38;5;3m[RouterExplorer] [39m[32mMapped {/api/v1/research/save/:id, DELETE} route[39m[38;5;3m +0ms[39m
[32m[Nest] 12664  - [39m09/06/2026, 10:58:03 pm [32m    LOG[39m [38;5;3m[RouterExplorer] [39m[32mMapped {/api/v1/research/asset, POST} route[39m[38;5;3m +1ms[39m
[32m[Nest] 12664  - [39m09/06/2026, 10:58:03 pm [32m    LOG[39m [38;5;3m[RouterExplorer] [39m[32mMapped {/api/v1/research/upload, POST} route[39m[38;5;3m +0ms[39m
[32m[Nest] 12664  - [39m09/06/2026, 10:58:03 pm [32m    LOG[39m [38;5;3m[RouterExplorer] [39m[32mMapped {/api/v1/research/documents/:queryId, GET} route[39m[38;5;3m +0ms[39m
[32m[Nest] 12664  - [39m09/06/2026, 10:58:03 pm [32m    LOG[39m [38;5;3m[RouterExplorer] [39m[32mMapped {/api/v1/research/generate, POST} route[39m[38;5;3m +0ms[39m
[32m[Nest] 12664  - [39m09/06/2026, 10:58:03 pm [32m    LOG[39m [38;5;3m[RouterExplorer] [39m[32mMapped {/api/v1/research/challenge, POST} route[39m[38;5;3m +1ms[39m
[32m[Nest] 12664  - [39m09/06/2026, 10:58:03 pm [32m    LOG[39m [38;5;3m[RoutesResolver] [39m[32mIngestionController {/api/v1/ingestion}:[39m[38;5;3m +0ms[39m
[32m[Nest] 12664  - [39m09/06/2026, 10:58:03 pm [32m    LOG[39m [38;5;3m[RouterExplorer] [39m[32mMapped {/api/v1/ingestion/status, GET} route[39m[38;5;3m +0ms[39m
[32m[Nest] 12664  - [39m09/06/2026, 10:58:03 pm [32m    LOG[39m [38;5;3m[RouterExplorer] [39m[32mMapped {/api/v1/ingestion/init-collections, POST} route[39m[38;5;3m +0ms[39m
[32m[Nest] 12664  - [39m09/06/2026, 10:58:03 pm [32m    LOG[39m [38;5;3m[RouterExplorer] [39m[32mMapped {/api/v1/ingestion/ingest, POST} route[39m[38;5;3m +1ms[39m
[32m[Nest] 12664  - [39m09/06/2026, 10:58:03 pm [32m    LOG[39m [38;5;3m[RouterExplorer] [39m[32mMapped {/api/v1/ingestion/ingest-text, POST} route[39m[38;5;3m +0ms[39m
[32m[Nest] 12664  - [39m09/06/2026, 10:58:03 pm [32m    LOG[39m [38;5;3m[RouterExplorer] [39m[32mMapped {/api/v1/ingestion/ingest-batch, POST} route[39m[38;5;3m +0ms[39m
[32m[Nest] 12664  - [39m09/06/2026, 10:58:03 pm [32m    LOG[39m [38;5;3m[RoutesResolver] [39m[32mExamController {/api/v1/exam}:[39m[38;5;3m +0ms[39m
[32m[Nest] 12664  - [39m09/06/2026, 10:58:03 pm [32m    LOG[39m [38;5;3m[RouterExplorer] [39m[32mMapped {/api/v1/exam, POST} route[39m[38;5;3m +1ms[39m
[32m[Nest] 12664  - [39m09/06/2026, 10:58:03 pm [32m    LOG[39m [38;5;3m[RouterExplorer] [39m[32mMapped {/api/v1/exam, GET} route[39m[38;5;3m +0ms[39m
[32m[Nest] 12664  - [39m09/06/2026, 10:58:03 pm [32m    LOG[39m [38;5;3m[RouterExplorer] [39m[32mMapped {/api/v1/exam/:id, GET} route[39m[38;5;3m +0ms[39m
[32m[Nest] 12664  - [39m09/06/2026, 10:58:03 pm [32m    LOG[39m [38;5;3m[RouterExplorer] [39m[32mMapped {/api/v1/exam/:id/mock, POST} route[39m[38;5;3m +1ms[39m
[32m[Nest] 12664  - [39m09/06/2026, 10:58:03 pm [32m    LOG[39m [38;5;3m[RouterExplorer] [39m[32mMapped {/api/v1/exam/assistant, POST} route[39m[38;5;3m +0ms[39m
[32m[Nest] 12664  - [39m09/06/2026, 10:58:03 pm [32m    LOG[39m [38;5;3m[RouterExplorer] [39m[32mMapped {/api/v1/exam/dashboard/recommendations, GET} route[39m[38;5;3m +0ms[39m
[32m[Nest] 12664  - [39m09/06/2026, 10:58:03 pm [32m    LOG[39m [38;5;3m[RouterExplorer] [39m[32mMapped {/api/v1/exam/doubt-solve, POST} route[39m[38;5;3m +0ms[39m
[32m[Nest] 12664  - [39m09/06/2026, 10:58:03 pm [32m    LOG[39m [38;5;3m[RouterExplorer] [39m[32mMapped {/api/v1/exam/oauth-tokens, POST} route[39m[38;5;3m +1ms[39m
[32m[Nest] 12664  - [39m09/06/2026, 10:58:03 pm [32m    LOG[39m [38;5;3m[RouterExplorer] [39m[32mMapped {/api/v1/exam/dashboard/notifications, GET} route[39m[38;5;3m +0ms[39m
[32m[Nest] 12664  - [39m09/06/2026, 10:58:03 pm [32m    LOG[39m [38;5;3m[RouterExplorer] [39m[32mMapped {/api/v1/exam/dashboard/notifications/read, POST} route[39m[38;5;3m +0ms[39m
[32m[Nest] 12664  - [39m09/06/2026, 10:58:03 pm [32m    LOG[39m [38;5;3m[RouterExplorer] [39m[32mMapped {/api/v1/exam/calendar/events, GET} route[39m[38;5;3m +0ms[39m
[32m[Nest] 12664  - [39m09/06/2026, 10:58:03 pm [32m    LOG[39m [38;5;3m[RouterExplorer] [39m[32mMapped {/api/v1/exam/calendar/events, POST} route[39m[38;5;3m +1ms[39m
[32m[Nest] 12664  - [39m09/06/2026, 10:58:03 pm [32m    LOG[39m [38;5;3m[RoutesResolver] [39m[32mFounderSecurityController {/api/v1/founder-security}:[39m[38;5;3m +0ms[39m
[32m[Nest] 12664  - [39m09/06/2026, 10:58:03 pm [32m    LOG[39m [38;5;3m[RouterExplorer] [39m[32mMapped {/api/v1/founder-security/settings, GET} route[39m[38;5;3m +0ms[39m
[32m[Nest] 12664  - [39m09/06/2026, 10:58:03 pm [32m    LOG[39m [38;5;3m[RouterExplorer] [39m[32mMapped {/api/v1/founder-security/settings, PUT} route[39m[38;5;3m +1ms[39m
[32m[Nest] 12664  - [39m09/06/2026, 10:58:03 pm [32m    LOG[39m [38;5;3m[RouterExplorer] [39m[32mMapped {/api/v1/founder-security/events, GET} route[39m[38;5;3m +0ms[39m
[32m[Nest] 12664  - [39m09/06/2026, 10:58:03 pm [32m    LOG[39m [38;5;3m[RouterExplorer] [39m[32mMapped {/api/v1/founder-security/events, POST} route[39m[38;5;3m +0ms[39m
[32m[Nest] 12664  - [39m09/06/2026, 10:58:03 pm [32m    LOG[39m [38;5;3m[RouterExplorer] [39m[32mMapped {/api/v1/founder-security/clear-locks, GET} route[39m[38;5;3m +0ms[39m
[32m[Nest] 12664  - [39m09/06/2026, 10:58:03 pm [32m    LOG[39m [38;5;3m[RouterExplorer] [39m[32mMapped {/api/v1/founder-security/admin-login, POST} route[39m[38;5;3m +1ms[39m
[32m[Nest] 12664  - [39m09/06/2026, 10:58:03 pm [32m    LOG[39m [38;5;3m[RouterExplorer] [39m[32mMapped {/api/v1/founder-security/verify-question, POST} route[39m[38;5;3m +0ms[39m
[32m[Nest] 12664  - [39m09/06/2026, 10:58:03 pm [32m    LOG[39m [38;5;3m[RouterExplorer] [39m[32mMapped {/api/v1/founder-security/login-approve, GET} route[39m[38;5;3m +0ms[39m
[32m[Nest] 12664  - [39m09/06/2026, 10:58:03 pm [32m    LOG[39m [38;5;3m[RouterExplorer] [39m[32mMapped {/api/v1/founder-security/login-reject, GET} route[39m[38;5;3m +1ms[39m
[32m[Nest] 12664  - [39m09/06/2026, 10:58:03 pm [32m    LOG[39m [38;5;3m[RouterExplorer] [39m[32mMapped {/api/v1/founder-security/login-status, GET} route[39m[38;5;3m +0ms[39m
[32m[Nest] 12664  - [39m09/06/2026, 10:58:03 pm [32m    LOG[39m [38;5;3m[RoutesResolver] [39m[32mSecurityTestController {/api/v1/api/security}:[39m[38;5;3m +0ms[39m
[32m[Nest] 12664  - [39m09/06/2026, 10:58:03 pm [32m    LOG[39m [38;5;3m[RouterExplorer] [39m[32mMapped {/api/security/test-email, GET} route[39m[38;5;3m +0ms[39m
[32m[Nest] 12664  - [39m09/06/2026, 10:58:03 pm [32m    LOG[39m [38;5;3m[RouterExplorer] [39m[32mMapped {/api/security/test-email, POST} route[39m[38;5;3m +1ms[39m
[32m[Nest] 12664  - [39m09/06/2026, 10:58:03 pm [32m    LOG[39m [38;5;3m[QdrantService] [39m[32mInitializing Qdrant client with URL: https://dd284eb5-9c7e-4f0e-92fd-815f87684ce0.us-west-1-0.aws.cloud.qdrant.io[39m
[32m[Nest] 12664  - [39m09/06/2026, 10:58:03 pm [32m    LOG[39m [38;5;3m[QdrantService] [39m[32mTesting Qdrant connection...[39m
[32m[Nest] 12664  - [39m09/06/2026, 10:58:03 pm [32m    LOG[39m [38;5;3m[BgeM3Provider] [39m[32mInitializing BGE-M3 provider → http://localhost:8100[39m
[32m[Nest] 12664  - [39m09/06/2026, 10:58:03 pm [32m    LOG[39m [38;5;3m[NestApplication] [39m[32mNest application successfully started[39m[38;5;3m +9ms[39m
[LEGATRIXON SERVER] NestJS Engine running on: http://localhost:4000/api/v1
[33m[Nest] 12664  - [39m09/06/2026, 10:58:03 pm [33m   WARN[39m [38;5;3m[BgeM3Provider] [39m[33mBGE-M3 sidecar unreachable at http://localhost:8100: . Embeddings will fail until the sidecar is started.[39m
[32m[Nest] 12664  - [39m09/06/2026, 10:58:04 pm [32m    LOG[39m [38;5;3m[QdrantService] [39m[32mSuccessfully connected to Qdrant.[39m
[32m[Nest] 12664  - [39m09/06/2026, 10:58:04 pm [32m    LOG[39m [38;5;3m[QdrantService] [39m[32mCollection judgments already exists.[39m
[32m[Nest] 12664  - [39m09/06/2026, 10:58:05 pm [32m    LOG[39m [38;5;3m[QdrantService] [39m[32mCollection acts already exists.[39m
[32m[Nest] 12664  - [39m09/06/2026, 10:58:05 pm [32m    LOG[39m [38;5;3m[QdrantService] [39m[32mCollection research_papers already exists.[39m
[32m[Nest] 12664  - [39m09/06/2026, 10:58:05 pm [32m    LOG[39m [38;5;3m[QdrantService] [39m[32mCollection law_commission_reports already exists.[39m
[32m[Nest] 12664  - [39m09/06/2026, 10:58:06 pm [32m    LOG[39m [38;5;3m[QdrantService] [39m[32mCollection user_documents already exists.[39m
[2J[3J[H[[90m10:58:15 pm[0m] File change detected. Starting incremental compilation...

[[90m10:58:15 pm[0m] Found 0 errors. Watching for file changes.

[32m[Nest] 30840  - [39m09/06/2026, 10:58:18 pm [32m    LOG[39m [38;5;3m[NestFactory] [39m[32mStarting Nest application...[39m
[32m[Nest] 30840  - [39m09/06/2026, 10:58:18 pm [32m    LOG[39m [38;5;3m[InstanceLoader] [39m[32mAppModule dependencies initialized[39m[38;5;3m +44ms[39m
[32m[Nest] 30840  - [39m09/06/2026, 10:58:18 pm [32m    LOG[39m [38;5;3m[InstanceLoader] [39m[32mTypeOrmModule dependencies initialized[39m[38;5;3m +1ms[39m
[32m[Nest] 30840  - [39m09/06/2026, 10:58:18 pm [32m    LOG[39m [38;5;3m[InstanceLoader] [39m[32mLegalDomainModule dependencies initialized[39m[38;5;3m +0ms[39m
[32m[Nest] 30840  - [39m09/06/2026, 10:58:18 pm [32m    LOG[39m [38;5;3m[InstanceLoader] [39m[32mRetrievalModule dependencies initialized[39m[38;5;3m +2ms[39m
[32m[Nest] 30840  - [39m09/06/2026, 10:58:18 pm [32m    LOG[39m [38;5;3m[InstanceLoader] [39m[32mJudgmentModule dependencies initialized[39m[38;5;3m +0ms[39m
[32m[Nest] 30840  - [39m09/06/2026, 10:58:18 pm [32m    LOG[39m [38;5;3m[InstanceLoader] [39m[32mContractModule dependencies initialized[39m[38;5;3m +1ms[39m
[32m[Nest] 30840  - [39m09/06/2026, 10:58:18 pm [32m    LOG[39m [38;5;3m[InstanceLoader] [39m[32mChatModule dependencies initialized[39m[38;5;3m +0ms[39m
[32m[Nest] 30840  - [39m09/06/2026, 10:58:18 pm [32m    LOG[39m [38;5;3m[InstanceLoader] [39m[32mIngestionModule dependencies initialized[39m[38;5;3m +1ms[39m
[32m[Nest] 30840  - [39m09/06/2026, 10:58:18 pm [32m    LOG[39m [38;5;3m[InstanceLoader] [39m[32mTypeOrmCoreModule dependencies initialized[39m[38;5;3m +65ms[39m
[32m[Nest] 30840  - [39m09/06/2026, 10:58:18 pm [32m    LOG[39m [38;5;3m[InstanceLoader] [39m[32mTypeOrmModule dependencies initialized[39m[38;5;3m +1ms[39m
[32m[Nest] 30840  - [39m09/06/2026, 10:58:18 pm [32m    LOG[39m [38;5;3m[InstanceLoader] [39m[32mTypeOrmModule dependencies initialized[39m[38;5;3m +0ms[39m
[32m[Nest] 30840  - [39m09/06/2026, 10:58:18 pm [32m    LOG[39m [38;5;3m[InstanceLoader] [39m[32mTypeOrmModule dependencies initialized[39m[38;5;3m +1ms[39m
[32m[Nest] 30840  - [39m09/06/2026, 10:58:18 pm [32m    LOG[39m [38;5;3m[InstanceLoader] [39m[32mTypeOrmModule dependencies initialized[39m[38;5;3m +0ms[39m
[32m[Nest] 30840  - [39m09/06/2026, 10:58:18 pm [32m    LOG[39m [38;5;3m[InstanceLoader] [39m[32mFounderSecurityModule dependencies initialized[39m[38;5;3m +3ms[39m
[32m[Nest] 30840  - [39m09/06/2026, 10:58:18 pm [32m    LOG[39m [38;5;3m[InstanceLoader] [39m[32mResearchModule dependencies initialized[39m[38;5;3m +0ms[39m
[32m[Nest] 30840  - [39m09/06/2026, 10:58:18 pm [32m    LOG[39m [38;5;3m[InstanceLoader] [39m[32mNotebookModule dependencies initialized[39m[38;5;3m +1ms[39m
[32m[Nest] 30840  - [39m09/06/2026, 10:58:18 pm [32m    LOG[39m [38;5;3m[InstanceLoader] [39m[32mExamModule dependencies initialized[39m[38;5;3m +0ms[39m
[32m[Nest] 30840  - [39m09/06/2026, 10:58:18 pm [32m    LOG[39m [38;5;3m[RoutesResolver] [39m[32mJudgmentController {/api/v1/judgments}:[39m[38;5;3m +50ms[39m
[32m[Nest] 30840  - [39m09/06/2026, 10:58:18 pm [32m    LOG[39m [38;5;3m[RouterExplorer] [39m[32mMapped {/api/v1/judgments/upload, POST} route[39m[38;5;3m +3ms[39m
[32m[Nest] 30840  - [39m09/06/2026, 10:58:18 pm [32m    LOG[39m [38;5;3m[RouterExplorer] [39m[32mMapped {/api/v1/judgments/:id/structure, GET} route[39m[38;5;3m +2ms[39m
[32m[Nest] 30840  - [39m09/06/2026, 10:58:18 pm [32m    LOG[39m [38;5;3m[RouterExplorer] [39m[32mMapped {/api/v1/judgments/:id/explain, POST} route[39m[38;5;3m +1ms[39m
[32m[Nest] 30840  - [39m09/06/2026, 10:58:18 pm [32m    LOG[39m [38;5;3m[RoutesResolver] [39m[32mChatController {/api/v1/chat}:[39m[38;5;3m +0ms[39m
[32m[Nest] 30840  - [39m09/06/2026, 10:58:18 pm [32m    LOG[39m [38;5;3m[RouterExplorer] [39m[32mMapped {/api/v1/chat/message, POST} route[39m[38;5;3m +1ms[39m
[32m[Nest] 30840  - [39m09/06/2026, 10:58:18 pm [32m    LOG[39m [38;5;3m[RouterExplorer] [39m[32mMapped {/api/v1/chat/history/:sessionId, GET} route[39m[38;5;3m +0ms[39m
[32m[Nest] 30840  - [39m09/06/2026, 10:58:18 pm [32m    LOG[39m [38;5;3m[RouterExplorer] [39m[32mMapped {/api/v1/chat/history/:sessionId, DELETE} route[39m[38;5;3m +1ms[39m
[32m[Nest] 30840  - [39m09/06/2026, 10:58:18 pm [32m    LOG[39m [38;5;3m[RouterExplorer] [39m[32mMapped {/api/v1/chat/search, POST} route[39m[38;5;3m +1ms[39m
[32m[Nest] 30840  - [39m09/06/2026, 10:58:18 pm [32m    LOG[39m [38;5;3m[RouterExplorer] [39m[32mMapped {/api/v1/chat/citations/:messageId, GET} route[39m[38;5;3m +1ms[39m
[32m[Nest] 30840  - [39m09/06/2026, 10:58:18 pm [32m    LOG[39m [38;5;3m[RoutesResolver] [39m[32mContractController {/api/v1/contracts}:[39m[38;5;3m +0ms[39m
[32m[Nest] 30840  - [39m09/06/2026, 10:58:18 pm [32m    LOG[39m [38;5;3m[RouterExplorer] [39m[32mMapped {/api/v1/contracts/review, POST} route[39m[38;5;3m +2ms[39m
[32m[Nest] 30840  - [39m09/06/2026, 10:58:18 pm [32m    LOG[39m [38;5;3m[RouterExplorer] [39m[32mMapped {/api/v1/contracts/:id/risks, GET} route[39m[38;5;3m +1ms[39m
[32m[Nest] 30840  - [39m09/06/2026, 10:58:18 pm [32m    LOG[39m [38;5;3m[RouterExplorer] [39m[32mMapped {/api/v1/contracts/:id/clauses, POST} route[39m[38;5;3m +1ms[39m
[32m[Nest] 30840  - [39m09/06/2026, 10:58:18 pm [32m    LOG[39m [38;5;3m[RoutesResolver] [39m[32mNotebookController {/api/v1/notebook}:[39m[38;5;3m +0ms[39m
[32m[Nest] 30840  - [39m09/06/2026, 10:58:18 pm [32m    LOG[39m [38;5;3m[RouterExplorer] [39m[32mMapped {/api/v1/notebook/documents, GET} route[39m[38;5;3m +1ms[39m
[32m[Nest] 30840  - [39m09/06/2026, 10:58:18 pm [32m    LOG[39m [38;5;3m[RouterExplorer] [39m[32mMapped {/api/v1/notebook/documents/:id, GET} route[39m[38;5;3m +1ms[39m
[32m[Nest] 30840  - [39m09/06/2026, 10:58:18 pm [32m    LOG[39m [38;5;3m[RouterExplorer] [39m[32mMapped {/api/v1/notebook/documents/:id/preview, GET} route[39m[38;5;3m +0ms[39m
[32m[Nest] 30840  - [39m09/06/2026, 10:58:18 pm [32m    LOG[39m [38;5;3m[RouterExplorer] [39m[32mMapped {/api/v1/notebook/documents/:id/file, GET} route[39m[38;5;3m +1ms[39m
[32m[Nest] 30840  - [39m09/06/2026, 10:58:18 pm [32m    LOG[39m [38;5;3m[RouterExplorer] [39m[32mMapped {/api/v1/notebook/documents/:id/chunks, GET} route[39m[38;5;3m +0ms[39m
[32m[Nest] 30840  - [39m09/06/2026, 10:58:18 pm [32m    LOG[39m [38;5;3m[RouterExplorer] [39m[32mMapped {/api/v1/notebook/documents/:id/chat-history, GET} route[39m[38;5;3m +1ms[39m
[32m[Nest] 30840  - [39m09/06/2026, 10:58:18 pm [32m    LOG[39m [38;5;3m[RouterExplorer] [39m[32mMapped {/api/v1/notebook/documents/:id/reprocess, POST} route[39m[38;5;3m +0ms[39m
[32m[Nest] 30840  - [39m09/06/2026, 10:58:18 pm [32m    LOG[39m [38;5;3m[RouterExplorer] [39m[32mMapped {/api/v1/notebook/documents/:id/extraction, GET} route[39m[38;5;3m +1ms[39m
[32m[Nest] 30840  - [39m09/06/2026, 10:58:18 pm [32m    LOG[39m [38;5;3m[RouterExplorer] [39m[32mMapped {/api/v1/notebook/documents/:id/extraction, POST} route[39m[38;5;3m +0ms[39m
[32m[Nest] 30840  - [39m09/06/2026, 10:58:18 pm [32m    LOG[39m [38;5;3m[RouterExplorer] [39m[32mMapped {/api/v1/notebook/documents/:id/study-forge/generate, POST} route[39m[38;5;3m +1ms[39m
[32m[Nest] 30840  - [39m09/06/2026, 10:58:18 pm [32m    LOG[39m [38;5;3m[RouterExplorer] [39m[32mMapped {/api/v1/notebook/documents/:id/study-forge/flashcards/:cardId/rate, POST} route[39m[38;5;3m +0ms[39m
[32m[Nest] 30840  - [39m09/06/2026, 10:58:18 pm [32m    LOG[39m [38;5;3m[RouterExplorer] [39m[32mMapped {/api/v1/notebook/documents/:id/study-forge/quiz-attempt, POST} route[39m[38;5;3m +1ms[39m
[32m[Nest] 30840  - [39m09/06/2026, 10:58:18 pm [32m    LOG[39m [38;5;3m[RouterExplorer] [39m[32mMapped {/api/v1/notebook/graph, GET} route[39m[38;5;3m +0ms[39m
[32m[Nest] 30840  - [39m09/06/2026, 10:58:18 pm [32m    LOG[39m [38;5;3m[RouterExplorer] [39m[32mMapped {/api/v1/notebook/search, GET} route[39m[38;5;3m +1ms[39m
[32m[Nest] 30840  - [39m09/06/2026, 10:58:18 pm [32m    LOG[39m [38;5;3m[RouterExplorer] [39m[32mMapped {/api/v1/notebook/documents/:id, DELETE} route[39m[38;5;3m +0ms[39m
[32m[Nest] 30840  - [39m09/06/2026, 10:58:18 pm [32m    LOG[39m [38;5;3m[RouterExplorer] [39m[32mMapped {/api/v1/notebook/upload, POST} route[39m[38;5;3m +1ms[39m
[32m[Nest] 30840  - [39m09/06/2026, 10:58:18 pm [32m    LOG[39m [38;5;3m[RouterExplorer] [39m[32mMapped {/api/v1/notebook/chat, POST} route[39m[38;5;3m +1ms[39m
[32m[Nest] 30840  - [39m09/06/2026, 10:58:18 pm [32m    LOG[39m [38;5;3m[RoutesResolver] [39m[32mResearchController {/api/v1/research}:[39m[38;5;3m +0ms[39m
[32m[Nest] 30840  - [39m09/06/2026, 10:58:18 pm [32m    LOG[39m [38;5;3m[RouterExplorer] [39m[32mMapped {/api/v1/research/query, POST} route[39m[38;5;3m +1ms[39m
[32m[Nest] 30840  - [39m09/06/2026, 10:58:18 pm [32m    LOG[39m [38;5;3m[RouterExplorer] [39m[32mMapped {/api/v1/research/query/all, GET} route[39m[38;5;3m +0ms[39m
[32m[Nest] 30840  - [39m09/06/2026, 10:58:18 pm [32m    LOG[39m [38;5;3m[RouterExplorer] [39m[32mMapped {/api/v1/research/query/:id, GET} route[39m[38;5;3m +1ms[39m
[32m[Nest] 30840  - [39m09/06/2026, 10:58:18 pm [32m    LOG[39m [38;5;3m[RouterExplorer] [39m[32mMapped {/api/v1/research/report, POST} route[39m[38;5;3m +0ms[39m
[32m[Nest] 30840  - [39m09/06/2026, 10:58:18 pm [32m    LOG[39m [38;5;3m[RouterExplorer] [39m[32mMapped {/api/v1/research/report/:id, GET} route[39m[38;5;3m +1ms[39m
[32m[Nest] 30840  - [39m09/06/2026, 10:58:18 pm [32m    LOG[39m [38;5;3m[RouterExplorer] [39m[32mMapped {/api/v1/research/report/:id, PUT} route[39m[38;5;3m +0ms[39m
[32m[Nest] 30840  - [39m09/06/2026, 10:58:18 pm [32m    LOG[39m [38;5;3m[RouterExplorer] [39m[32mMapped {/api/v1/research/report/:id, DELETE} route[39m[38;5;3m +1ms[39m
[32m[Nest] 30840  - [39m09/06/2026, 10:58:18 pm [32m    LOG[39m [38;5;3m[RouterExplorer] [39m[32mMapped {/api/v1/research/note, POST} route[39m[38;5;3m +0ms[39m
[32m[Nest] 30840  - [39m09/06/2026, 10:58:18 pm [32m    LOG[39m [38;5;3m[RouterExplorer] [39m[32mMapped {/api/v1/research/note/:id, GET} route[39m[38;5;3m +1ms[39m
[32m[Nest] 30840  - [39m09/06/2026, 10:58:18 pm [32m    LOG[39m [38;5;3m[RouterExplorer] [39m[32mMapped {/api/v1/research/note/:id, PUT} route[39m[38;5;3m +1ms[39m
[32m[Nest] 30840  - [39m09/06/2026, 10:58:18 pm [32m    LOG[39m [38;5;3m[RouterExplorer] [39m[32mMapped {/api/v1/research/note/:id, DELETE} route[39m[38;5;3m +0ms[39m
[32m[Nest] 30840  - [39m09/06/2026, 10:58:18 pm [32m    LOG[39m [38;5;3m[RouterExplorer] [39m[32mMapped {/api/v1/research/source, POST} route[39m[38;5;3m +0ms[39m
[32m[Nest] 30840  - [39m09/06/2026, 10:58:18 pm [32m    LOG[39m [38;5;3m[RouterExplorer] [39m[32mMapped {/api/v1/research/source/:id, GET} route[39m[38;5;3m +1ms[39m
[32m[Nest] 30840  - [39m09/06/2026, 10:58:18 pm [32m    LOG[39m [38;5;3m[RouterExplorer] [39m[32mMapped {/api/v1/research/source/:id, DELETE} route[39m[38;5;3m +1ms[39m
[32m[Nest] 30840  - [39m09/06/2026, 10:58:18 pm [32m    LOG[39m [38;5;3m[RouterExplorer] [39m[32mMapped {/api/v1/research/save, POST} route[39m[38;5;3m +0ms[39m
[32m[Nest] 30840  - [39m09/06/2026, 10:58:18 pm [32m    LOG[39m [38;5;3m[RouterExplorer] [39m[32mMapped {/api/v1/research/save/all, GET} route[39m[38;5;3m +1ms[39m
[32m[Nest] 30840  - [39m09/06/2026, 10:58:18 pm [32m    LOG[39m [38;5;3m[RouterExplorer] [39m[32mMapped {/api/v1/research/save/:id, DELETE} route[39m[38;5;3m +0ms[39m
[32m[Nest] 30840  - [39m09/06/2026, 10:58:18 pm [32m    LOG[39m [38;5;3m[RouterExplorer] [39m[32mMapped {/api/v1/research/asset, POST} route[39m[38;5;3m +1ms[39m
[32m[Nest] 30840  - [39m09/06/2026, 10:58:18 pm [32m    LOG[39m [38;5;3m[RouterExplorer] [39m[32mMapped {/api/v1/research/upload, POST} route[39m[38;5;3m +0ms[39m
[32m[Nest] 30840  - [39m09/06/2026, 10:58:18 pm [32m    LOG[39m [38;5;3m[RouterExplorer] [39m[32mMapped {/api/v1/research/documents/:queryId, GET} route[39m[38;5;3m +1ms[39m
[32m[Nest] 30840  - [39m09/06/2026, 10:58:18 pm [32m    LOG[39m [38;5;3m[RouterExplorer] [39m[32mMapped {/api/v1/research/generate, POST} route[39m[38;5;3m +0ms[39m
[32m[Nest] 30840  - [39m09/06/2026, 10:58:18 pm [32m    LOG[39m [38;5;3m[RouterExplorer] [39m[32mMapped {/api/v1/research/challenge, POST} route[39m[38;5;3m +1ms[39m
[32m[Nest] 30840  - [39m09/06/2026, 10:58:18 pm [32m    LOG[39m [38;5;3m[RoutesResolver] [39m[32mIngestionController {/api/v1/ingestion}:[39m[38;5;3m +1ms[39m
[32m[Nest] 30840  - [39m09/06/2026, 10:58:18 pm [32m    LOG[39m [38;5;3m[RouterExplorer] [39m[32mMapped {/api/v1/ingestion/status, GET} route[39m[38;5;3m +0ms[39m
[32m[Nest] 30840  - [39m09/06/2026, 10:58:18 pm [32m    LOG[39m [38;5;3m[RouterExplorer] [39m[32mMapped {/api/v1/ingestion/init-collections, POST} route[39m[38;5;3m +0ms[39m
[32m[Nest] 30840  - [39m09/06/2026, 10:58:18 pm [32m    LOG[39m [38;5;3m[RouterExplorer] [39m[32mMapped {/api/v1/ingestion/ingest, POST} route[39m[38;5;3m +1ms[39m
[32m[Nest] 30840  - [39m09/06/2026, 10:58:18 pm [32m    LOG[39m [38;5;3m[RouterExplorer] [39m[32mMapped {/api/v1/ingestion/ingest-text, POST} route[39m[38;5;3m +0ms[39m
[32m[Nest] 30840  - [39m09/06/2026, 10:58:18 pm [32m    LOG[39m [38;5;3m[RouterExplorer] [39m[32mMapped {/api/v1/ingestion/ingest-batch, POST} route[39m[38;5;3m +0ms[39m
[32m[Nest] 30840  - [39m09/06/2026, 10:58:18 pm [32m    LOG[39m [38;5;3m[RoutesResolver] [39m[32mExamController {/api/v1/exam}:[39m[38;5;3m +1ms[39m
[32m[Nest] 30840  - [39m09/06/2026, 10:58:18 pm [32m    LOG[39m [38;5;3m[RouterExplorer] [39m[32mMapped {/api/v1/exam, POST} route[39m[38;5;3m +0ms[39m
[32m[Nest] 30840  - [39m09/06/2026, 10:58:18 pm [32m    LOG[39m [38;5;3m[RouterExplorer] [39m[32mMapped {/api/v1/exam, GET} route[39m[38;5;3m +1ms[39m
[32m[Nest] 30840  - [39m09/06/2026, 10:58:18 pm [32m    LOG[39m [38;5;3m[RouterExplorer] [39m[32mMapped {/api/v1/exam/:id, GET} route[39m[38;5;3m +0ms[39m
[32m[Nest] 30840  - [39m09/06/2026, 10:58:18 pm [32m    LOG[39m [38;5;3m[RouterExplorer] [39m[32mMapped {/api/v1/exam/:id/mock, POST} route[39m[38;5;3m +1ms[39m
[32m[Nest] 30840  - [39m09/06/2026, 10:58:18 pm [32m    LOG[39m [38;5;3m[RouterExplorer] [39m[32mMapped {/api/v1/exam/assistant, POST} route[39m[38;5;3m +0ms[39m
[32m[Nest] 30840  - [39m09/06/2026, 10:58:18 pm [32m    LOG[39m [38;5;3m[RouterExplorer] [39m[32mMapped {/api/v1/exam/dashboard/recommendations, GET} route[39m[38;5;3m +1ms[39m
[32m[Nest] 30840  - [39m09/06/2026, 10:58:18 pm [32m    LOG[39m [38;5;3m[RouterExplorer] [39m[32mMapped {/api/v1/exam/doubt-solve, POST} route[39m[38;5;3m +1ms[39m
[32m[Nest] 30840  - [39m09/06/2026, 10:58:18 pm [32m    LOG[39m [38;5;3m[RouterExplorer] [39m[32mMapped {/api/v1/exam/oauth-tokens, POST} route[39m[38;5;3m +0ms[39m
[32m[Nest] 30840  - [39m09/06/2026, 10:58:18 pm [32m    LOG[39m [38;5;3m[RouterExplorer] [39m[32mMapped {/api/v1/exam/dashboard/notifications, GET} route[39m[38;5;3m +1ms[39m
[32m[Nest] 30840  - [39m09/06/2026, 10:58:18 pm [32m    LOG[39m [38;5;3m[RouterExplorer] [39m[32mMapped {/api/v1/exam/dashboard/notifications/read, POST} route[39m[38;5;3m +0ms[39m
[32m[Nest] 30840  - [39m09/06/2026, 10:58:18 pm [32m    LOG[39m [38;5;3m[RouterExplorer] [39m[32mMapped {/api/v1/exam/calendar/events, GET} route[39m[38;5;3m +1ms[39m
[32m[Nest] 30840  - [39m09/06/2026, 10:58:18 pm [32m    LOG[39m [38;5;3m[RouterExplorer] [39m[32mMapped {/api/v1/exam/calendar/events, POST} route[39m[38;5;3m +0ms[39m
[32m[Nest] 30840  - [39m09/06/2026, 10:58:18 pm [32m    LOG[39m [38;5;3m[RoutesResolver] [39m[32mFounderSecurityController {/api/v1/founder-security}:[39m[38;5;3m +1ms[39m
[32m[Nest] 30840  - [39m09/06/2026, 10:58:18 pm [32m    LOG[39m [38;5;3m[RouterExplorer] [39m[32mMapped {/api/v1/founder-security/settings, GET} route[39m[38;5;3m +0ms[39m
[32m[Nest] 30840  - [39m09/06/2026, 10:58:18 pm [32m    LOG[39m [38;5;3m[RouterExplorer] [39m[32mMapped {/api/v1/founder-security/settings, PUT} route[39m[38;5;3m +1ms[39m
[32m[Nest] 30840  - [39m09/06/2026, 10:58:18 pm [32m    LOG[39m [38;5;3m[RouterExplorer] [39m[32mMapped {/api/v1/founder-security/events, GET} route[39m[38;5;3m +0ms[39m
[32m[Nest] 30840  - [39m09/06/2026, 10:58:18 pm [32m    LOG[39m [38;5;3m[RouterExplorer] [39m[32mMapped {/api/v1/founder-security/events, POST} route[39m[38;5;3m +0ms[39m
[32m[Nest] 30840  - [39m09/06/2026, 10:58:18 pm [32m    LOG[39m [38;5;3m[RouterExplorer] [39m[32mMapped {/api/v1/founder-security/clear-locks, GET} route[39m[38;5;3m +1ms[39m
[32m[Nest] 30840  - [39m09/06/2026, 10:58:18 pm [32m    LOG[39m [38;5;3m[RouterExplorer] [39m[32mMapped {/api/v1/founder-security/admin-login, POST} route[39m[38;5;3m +1ms[39m
[32m[Nest] 30840  - [39m09/06/2026, 10:58:18 pm [32m    LOG[39m [38;5;3m[RouterExplorer] [39m[32mMapped {/api/v1/founder-security/verify-question, POST} route[39m[38;5;3m +0ms[39m
[32m[Nest] 30840  - [39m09/06/2026, 10:58:18 pm [32m    LOG[39m [38;5;3m[RouterExplorer] [39m[32mMapped {/api/v1/founder-security/login-approve, GET} route[39m[38;5;3m +0ms[39m
[32m[Nest] 30840  - [39m09/06/2026, 10:58:18 pm [32m    LOG[39m [38;5;3m[RouterExplorer] [39m[32mMapped {/api/v1/founder-security/login-reject, GET} route[39m[38;5;3m +1ms[39m
[32m[Nest] 30840  - [39m09/06/2026, 10:58:18 pm [32m    LOG[39m [38;5;3m[RouterExplorer] [39m[32mMapped {/api/v1/founder-security/login-status, GET} route[39m[38;5;3m +0ms[39m
[32m[Nest] 30840  - [39m09/06/2026, 10:58:18 pm [32m    LOG[39m [38;5;3m[RoutesResolver] [39m[32mSecurityTestController {/api/v1/api/security}:[39m[38;5;3m +1ms[39m
[32m[Nest] 30840  - [39m09/06/2026, 10:58:18 pm [32m    LOG[39m [38;5;3m[RouterExplorer] [39m[32mMapped {/api/security/test-email, GET} route[39m[38;5;3m +0ms[39m
[32m[Nest] 30840  - [39m09/06/2026, 10:58:18 pm [32m    LOG[39m [38;5;3m[RouterExplorer] [39m[32mMapped {/api/security/test-email, POST} route[39m[38;5;3m +1ms[39m
[32m[Nest] 30840  - [39m09/06/2026, 10:58:18 pm [32m    LOG[39m [38;5;3m[QdrantService] [39m[32mInitializing Qdrant client with URL: https://dd284eb5-9c7e-4f0e-92fd-815f87684ce0.us-west-1-0.aws.cloud.qdrant.io[39m
[32m[Nest] 30840  - [39m09/06/2026, 10:58:18 pm [32m    LOG[39m [38;5;3m[QdrantService] [39m[32mTesting Qdrant connection...[39m
[32m[Nest] 30840  - [39m09/06/2026, 10:58:18 pm [32m    LOG[39m [38;5;3m[BgeM3Provider] [39m[32mInitializing BGE-M3 provider → http://localhost:8100[39m
[32m[Nest] 30840  - [39m09/06/2026, 10:58:18 pm [32m    LOG[39m [38;5;3m[NestApplication] [39m[32mNest application successfully started[39m[38;5;3m +16ms[39m
[LEGATRIXON SERVER] NestJS Engine running on: http://localhost:4000/api/v1
[33m[Nest] 30840  - [39m09/06/2026, 10:58:18 pm [33m   WARN[39m [38;5;3m[BgeM3Provider] [39m[33mBGE-M3 sidecar unreachable at http://localhost:8100: . Embeddings will fail until the sidecar is started.[39m
[32m[Nest] 30840  - [39m09/06/2026, 10:58:19 pm [32m    LOG[39m [38;5;3m[QdrantService] [39m[32mSuccessfully connected to Qdrant.[39m
[32m[Nest] 30840  - [39m09/06/2026, 10:58:19 pm [32m    LOG[39m [38;5;3m[QdrantService] [39m[32mCollection judgments already exists.[39m
[32m[Nest] 30840  - [39m09/06/2026, 10:58:20 pm [32m    LOG[39m [38;5;3m[QdrantService] [39m[32mCollection acts already exists.[39m
[32m[Nest] 30840  - [39m09/06/2026, 10:58:20 pm [32m    LOG[39m [38;5;3m[QdrantService] [39m[32mCollection research_papers already exists.[39m
[32m[Nest] 30840  - [39m09/06/2026, 10:58:20 pm [32m    LOG[39m [38;5;3m[QdrantService] [39m[32mCollection law_commission_reports already exists.[39m
[32m[Nest] 30840  - [39m09/06/2026, 10:58:21 pm [32m    LOG[39m [38;5;3m[QdrantService] [39m[32mCollection user_documents already exists.[39m
[33m[Nest] 30840  - [39m09/06/2026, 10:58:52 pm [33m   WARN[39m [38;5;3m[LegalDomainClassifierService] [39m[33mLegal intent classifier DeepSeek failed. Trying next classifier. Reason: Request failed with status code 402[39m
[33m[Nest] 30840  - [39m09/06/2026, 10:58:54 pm [33m   WARN[39m [38;5;3m[LegalDomainClassifierService] [39m[33mLegal intent classifier Gemini failed. Trying next classifier. Reason: Request failed with status code 429[39m
[33m[Nest] 30840  - [39m09/06/2026, 10:58:56 pm [33m   WARN[39m [38;5;3m[LegalDomainClassifierService] [39m[33mLegal intent classifier OpenAI failed. Trying next classifier. Reason: Request failed with status code 429[39m
[33m[Nest] 30840  - [39m09/06/2026, 10:58:56 pm [33m   WARN[39m [38;5;3m[LegalDomainClassifierService] [39m[33mLegal intent classifiers unavailable. Rejecting clearly non-legal deliverable by local fallback.[39m
[33m[Nest] 30840  - [39m09/06/2026, 10:59:16 pm [33m   WARN[39m [38;5;3m[LegalDomainClassifierService] [39m[33mLegal intent classifier DeepSeek failed. Trying next classifier. Reason: Request failed with status code 402[39m
[33m[Nest] 30840  - [39m09/06/2026, 10:59:19 pm [33m   WARN[39m [38;5;3m[LegalDomainClassifierService] [39m[33mLegal intent classifier Gemini failed. Trying next classifier. Reason: Request failed with status code 429[39m
[33m[Nest] 30840  - [39m09/06/2026, 10:59:20 pm [33m   WARN[39m [38;5;3m[LegalDomainClassifierService] [39m[33mLegal intent classifier OpenAI failed. Trying next classifier. Reason: Request failed with status code 429[39m
[33m[Nest] 30840  - [39m09/06/2026, 10:59:20 pm [33m   WARN[39m [38;5;3m[LegalDomainClassifierService] [39m[33mLegal intent classifiers unavailable. Allowing query by uncertainty rule.[39m
[33m[Nest] 30840  - [39m09/06/2026, 10:59:21 pm [33m   WARN[39m [38;5;3m[LexMentorAiService] [39m[33mDeepSeek failed for LexMentor. Trying Gemini fallback. Reason: Request failed with status code 402[39m
[33m[Nest] 30840  - [39m09/06/2026, 10:59:21 pm [33m   WARN[39m [38;5;3m[LexMentorAiService] [39m[33mGemini fallback failed for LexMentor. Trying OpenAI fallback. Reason: Request failed with status code 429[39m
[2J[3J[H[[90m11:02:21 pm[0m] File change detected. Starting incremental compilation...

[[90m11:02:21 pm[0m] Found 0 errors. Watching for file changes.

[32m[Nest] 34764  - [39m09/06/2026, 11:02:23 pm [32m    LOG[39m [38;5;3m[NestFactory] [39m[32mStarting Nest application...[39m
[32m[Nest] 34764  - [39m09/06/2026, 11:02:23 pm [32m    LOG[39m [38;5;3m[InstanceLoader] [39m[32mAppModule dependencies initialized[39m[38;5;3m +27ms[39m
[32m[Nest] 34764  - [39m09/06/2026, 11:02:23 pm [32m    LOG[39m [38;5;3m[InstanceLoader] [39m[32mTypeOrmModule dependencies initialized[39m[38;5;3m +0ms[39m
[32m[Nest] 34764  - [39m09/06/2026, 11:02:23 pm [32m    LOG[39m [38;5;3m[InstanceLoader] [39m[32mLegalDomainModule dependencies initialized[39m[38;5;3m +0ms[39m
[32m[Nest] 34764  - [39m09/06/2026, 11:02:23 pm [32m    LOG[39m [38;5;3m[InstanceLoader] [39m[32mRetrievalModule dependencies initialized[39m[38;5;3m +1ms[39m
[32m[Nest] 34764  - [39m09/06/2026, 11:02:23 pm [32m    LOG[39m [38;5;3m[InstanceLoader] [39m[32mJudgmentModule dependencies initialized[39m[38;5;3m +0ms[39m
[32m[Nest] 34764  - [39m09/06/2026, 11:02:23 pm [32m    LOG[39m [38;5;3m[InstanceLoader] [39m[32mContractModule dependencies initialized[39m[38;5;3m +1ms[39m
[32m[Nest] 34764  - [39m09/06/2026, 11:02:23 pm [32m    LOG[39m [38;5;3m[InstanceLoader] [39m[32mChatModule dependencies initialized[39m[38;5;3m +0ms[39m
[32m[Nest] 34764  - [39m09/06/2026, 11:02:23 pm [32m    LOG[39m [38;5;3m[InstanceLoader] [39m[32mIngestionModule dependencies initialized[39m[38;5;3m +0ms[39m
[32m[Nest] 34764  - [39m09/06/2026, 11:02:23 pm [32m    LOG[39m [38;5;3m[InstanceLoader] [39m[32mTypeOrmCoreModule dependencies initialized[39m[38;5;3m +43ms[39m
[32m[Nest] 34764  - [39m09/06/2026, 11:02:23 pm [32m    LOG[39m [38;5;3m[InstanceLoader] [39m[32mTypeOrmModule dependencies initialized[39m[38;5;3m +1ms[39m
[32m[Nest] 34764  - [39m09/06/2026, 11:02:23 pm [32m    LOG[39m [38;5;3m[InstanceLoader] [39m[32mTypeOrmModule dependencies initialized[39m[38;5;3m +0ms[39m
[32m[Nest] 34764  - [39m09/06/2026, 11:02:23 pm [32m    LOG[39m [38;5;3m[InstanceLoader] [39m[32mTypeOrmModule dependencies initialized[39m[38;5;3m +0ms[39m
[32m[Nest] 34764  - [39m09/06/2026, 11:02:23 pm [32m    LOG[39m [38;5;3m[InstanceLoader] [39m[32mTypeOrmModule dependencies initialized[39m[38;5;3m +0ms[39m
[32m[Nest] 34764  - [39m09/06/2026, 11:02:23 pm [32m    LOG[39m [38;5;3m[InstanceLoader] [39m[32mFounderSecurityModule dependencies initialized[39m[38;5;3m +2ms[39m
[32m[Nest] 34764  - [39m09/06/2026, 11:02:23 pm [32m    LOG[39m [38;5;3m[InstanceLoader] [39m[32mResearchModule dependencies initialized[39m[38;5;3m +0ms[39m
[32m[Nest] 34764  - [39m09/06/2026, 11:02:23 pm [32m    LOG[39m [38;5;3m[InstanceLoader] [39m[32mNotebookModule dependencies initialized[39m[38;5;3m +0ms[39m
[32m[Nest] 34764  - [39m09/06/2026, 11:02:23 pm [32m    LOG[39m [38;5;3m[InstanceLoader] [39m[32mExamModule dependencies initialized[39m[38;5;3m +1ms[39m
[32m[Nest] 34764  - [39m09/06/2026, 11:02:23 pm [32m    LOG[39m [38;5;3m[RoutesResolver] [39m[32mJudgmentController {/api/v1/judgments}:[39m[38;5;3m +29ms[39m
[32m[Nest] 34764  - [39m09/06/2026, 11:02:23 pm [32m    LOG[39m [38;5;3m[RouterExplorer] [39m[32mMapped {/api/v1/judgments/upload, POST} route[39m[38;5;3m +3ms[39m
[32m[Nest] 34764  - [39m09/06/2026, 11:02:23 pm [32m    LOG[39m [38;5;3m[RouterExplorer] [39m[32mMapped {/api/v1/judgments/:id/structure, GET} route[39m[38;5;3m +0ms[39m
[32m[Nest] 34764  - [39m09/06/2026, 11:02:23 pm [32m    LOG[39m [38;5;3m[RouterExplorer] [39m[32mMapped {/api/v1/judgments/:id/explain, POST} route[39m[38;5;3m +1ms[39m
[32m[Nest] 34764  - [39m09/06/2026, 11:02:23 pm [32m    LOG[39m [38;5;3m[RoutesResolver] [39m[32mChatController {/api/v1/chat}:[39m[38;5;3m +0ms[39m
[32m[Nest] 34764  - [39m09/06/2026, 11:02:23 pm [32m    LOG[39m [38;5;3m[RouterExplorer] [39m[32mMapped {/api/v1/chat/message, POST} route[39m[38;5;3m +1ms[39m
[32m[Nest] 34764  - [39m09/06/2026, 11:02:23 pm [32m    LOG[39m [38;5;3m[RouterExplorer] [39m[32mMapped {/api/v1/chat/history/:sessionId, GET} route[39m[38;5;3m +0ms[39m
[32m[Nest] 34764  - [39m09/06/2026, 11:02:23 pm [32m    LOG[39m [38;5;3m[RouterExplorer] [39m[32mMapped {/api/v1/chat/history/:sessionId, DELETE} route[39m[38;5;3m +0ms[39m
[32m[Nest] 34764  - [39m09/06/2026, 11:02:23 pm [32m    LOG[39m [38;5;3m[RouterExplorer] [39m[32mMapped {/api/v1/chat/search, POST} route[39m[38;5;3m +1ms[39m
[32m[Nest] 34764  - [39m09/06/2026, 11:02:23 pm [32m    LOG[39m [38;5;3m[RouterExplorer] [39m[32mMapped {/api/v1/chat/citations/:messageId, GET} route[39m[38;5;3m +0ms[39m
[32m[Nest] 34764  - [39m09/06/2026, 11:02:23 pm [32m    LOG[39m [38;5;3m[RoutesResolver] [39m[32mContractController {/api/v1/contracts}:[39m[38;5;3m +0ms[39m
[32m[Nest] 34764  - [39m09/06/2026, 11:02:23 pm [32m    LOG[39m [38;5;3m[RouterExplorer] [39m[32mMapped {/api/v1/contracts/review, POST} route[39m[38;5;3m +1ms[39m
[32m[Nest] 34764  - [39m09/06/2026, 11:02:23 pm [32m    LOG[39m [38;5;3m[RouterExplorer] [39m[32mMapped {/api/v1/contracts/:id/risks, GET} route[39m[38;5;3m +1ms[39m
[32m[Nest] 34764  - [39m09/06/2026, 11:02:23 pm [32m    LOG[39m [38;5;3m[RouterExplorer] [39m[32mMapped {/api/v1/contracts/:id/clauses, POST} route[39m[38;5;3m +0ms[39m
[32m[Nest] 34764  - [39m09/06/2026, 11:02:23 pm [32m    LOG[39m [38;5;3m[RoutesResolver] [39m[32mNotebookController {/api/v1/notebook}:[39m[38;5;3m +1ms[39m
[32m[Nest] 34764  - [39m09/06/2026, 11:02:23 pm [32m    LOG[39m [38;5;3m[RouterExplorer] [39m[32mMapped {/api/v1/notebook/documents, GET} route[39m[38;5;3m +0ms[39m
[32m[Nest] 34764  - [39m09/06/2026, 11:02:23 pm [32m    LOG[39m [38;5;3m[RouterExplorer] [39m[32mMapped {/api/v1/notebook/documents/:id, GET} route[39m[38;5;3m +0ms[39m
[32m[Nest] 34764  - [39m09/06/2026, 11:02:23 pm [32m    LOG[39m [38;5;3m[RouterExplorer] [39m[32mMapped {/api/v1/notebook/documents/:id/preview, GET} route[39m[38;5;3m +1ms[39m
[32m[Nest] 34764  - [39m09/06/2026, 11:02:23 pm [32m    LOG[39m [38;5;3m[RouterExplorer] [39m[32mMapped {/api/v1/notebook/documents/:id/file, GET} route[39m[38;5;3m +0ms[39m
[32m[Nest] 34764  - [39m09/06/2026, 11:02:23 pm [32m    LOG[39m [38;5;3m[RouterExplorer] [39m[32mMapped {/api/v1/notebook/documents/:id/chunks, GET} route[39m[38;5;3m +0ms[39m
[32m[Nest] 34764  - [39m09/06/2026, 11:02:23 pm [32m    LOG[39m [38;5;3m[RouterExplorer] [39m[32mMapped {/api/v1/notebook/documents/:id/chat-history, GET} route[39m[38;5;3m +1ms[39m
[32m[Nest] 34764  - [39m09/06/2026, 11:02:23 pm [32m    LOG[39m [38;5;3m[RouterExplorer] [39m[32mMapped {/api/v1/notebook/documents/:id/reprocess, POST} route[39m[38;5;3m +0ms[39m
[32m[Nest] 34764  - [39m09/06/2026, 11:02:23 pm [32m    LOG[39m [38;5;3m[RouterExplorer] [39m[32mMapped {/api/v1/notebook/documents/:id/extraction, GET} route[39m[38;5;3m +1ms[39m
[32m[Nest] 34764  - [39m09/06/2026, 11:02:23 pm [32m    LOG[39m [38;5;3m[RouterExplorer] [39m[32mMapped {/api/v1/notebook/documents/:id/extraction, POST} route[39m[38;5;3m +0ms[39m
[32m[Nest] 34764  - [39m09/06/2026, 11:02:23 pm [32m    LOG[39m [38;5;3m[RouterExplorer] [39m[32mMapped {/api/v1/notebook/documents/:id/study-forge/generate, POST} route[39m[38;5;3m +0ms[39m
[32m[Nest] 34764  - [39m09/06/2026, 11:02:23 pm [32m    LOG[39m [38;5;3m[RouterExplorer] [39m[32mMapped {/api/v1/notebook/documents/:id/study-forge/flashcards/:cardId/rate, POST} route[39m[38;5;3m +1ms[39m
[32m[Nest] 34764  - [39m09/06/2026, 11:02:23 pm [32m    LOG[39m [38;5;3m[RouterExplorer] [39m[32mMapped {/api/v1/notebook/documents/:id/study-forge/quiz-attempt, POST} route[39m[38;5;3m +0ms[39m
[32m[Nest] 34764  - [39m09/06/2026, 11:02:23 pm [32m    LOG[39m [38;5;3m[RouterExplorer] [39m[32mMapped {/api/v1/notebook/graph, GET} route[39m[38;5;3m +1ms[39m
[32m[Nest] 34764  - [39m09/06/2026, 11:02:23 pm [32m    LOG[39m [38;5;3m[RouterExplorer] [39m[32mMapped {/api/v1/notebook/search, GET} route[39m[38;5;3m +0ms[39m
[32m[Nest] 34764  - [39m09/06/2026, 11:02:23 pm [32m    LOG[39m [38;5;3m[RouterExplorer] [39m[32mMapped {/api/v1/notebook/documents/:id, DELETE} route[39m[38;5;3m +1ms[39m
[32m[Nest] 34764  - [39m09/06/2026, 11:02:23 pm [32m    LOG[39m [38;5;3m[RouterExplorer] [39m[32mMapped {/api/v1/notebook/upload, POST} route[39m[38;5;3m +0ms[39m
[32m[Nest] 34764  - [39m09/06/2026, 11:02:23 pm [32m    LOG[39m [38;5;3m[RouterExplorer] [39m[32mMapped {/api/v1/notebook/chat, POST} route[39m[38;5;3m +1ms[39m
[32m[Nest] 34764  - [39m09/06/2026, 11:02:23 pm [32m    LOG[39m [38;5;3m[RoutesResolver] [39m[32mResearchController {/api/v1/research}:[39m[38;5;3m +0ms[39m
[32m[Nest] 34764  - [39m09/06/2026, 11:02:23 pm [32m    LOG[39m [38;5;3m[RouterExplorer] [39m[32mMapped {/api/v1/research/query, POST} route[39m[38;5;3m +0ms[39m
[32m[Nest] 34764  - [39m09/06/2026, 11:02:23 pm [32m    LOG[39m [38;5;3m[RouterExplorer] [39m[32mMapped {/api/v1/research/query/all, GET} route[39m[38;5;3m +0ms[39m
[32m[Nest] 34764  - [39m09/06/2026, 11:02:23 pm [32m    LOG[39m [38;5;3m[RouterExplorer] [39m[32mMapped {/api/v1/research/query/:id, GET} route[39m[38;5;3m +1ms[39m
[32m[Nest] 34764  - [39m09/06/2026, 11:02:23 pm [32m    LOG[39m [38;5;3m[RouterExplorer] [39m[32mMapped {/api/v1/research/report, POST} route[39m[38;5;3m +0ms[39m
[32m[Nest] 34764  - [39m09/06/2026, 11:02:23 pm [32m    LOG[39m [38;5;3m[RouterExplorer] [39m[32mMapped {/api/v1/research/report/:id, GET} route[39m[38;5;3m +0ms[39m
[32m[Nest] 34764  - [39m09/06/2026, 11:02:23 pm [32m    LOG[39m [38;5;3m[RouterExplorer] [39m[32mMapped {/api/v1/research/report/:id, PUT} route[39m[38;5;3m +1ms[39m
[32m[Nest] 34764  - [39m09/06/2026, 11:02:23 pm [32m    LOG[39m [38;5;3m[RouterExplorer] [39m[32mMapped {/api/v1/research/report/:id, DELETE} route[39m[38;5;3m +0ms[39m
[32m[Nest] 34764  - [39m09/06/2026, 11:02:23 pm [32m    LOG[39m [38;5;3m[RouterExplorer] [39m[32mMapped {/api/v1/research/note, POST} route[39m[38;5;3m +0ms[39m
[32m[Nest] 34764  - [39m09/06/2026, 11:02:23 pm [32m    LOG[39m [38;5;3m[RouterExplorer] [39m[32mMapped {/api/v1/research/note/:id, GET} route[39m[38;5;3m +1ms[39m
[32m[Nest] 34764  - [39m09/06/2026, 11:02:23 pm [32m    LOG[39m [38;5;3m[RouterExplorer] [39m[32mMapped {/api/v1/research/note/:id, PUT} route[39m[38;5;3m +0ms[39m
[32m[Nest] 34764  - [39m09/06/2026, 11:02:23 pm [32m    LOG[39m [38;5;3m[RouterExplorer] [39m[32mMapped {/api/v1/research/note/:id, DELETE} route[39m[38;5;3m +0ms[39m
[32m[Nest] 34764  - [39m09/06/2026, 11:02:23 pm [32m    LOG[39m [38;5;3m[RouterExplorer] [39m[32mMapped {/api/v1/research/source, POST} route[39m[38;5;3m +1ms[39m
[32m[Nest] 34764  - [39m09/06/2026, 11:02:23 pm [32m    LOG[39m [38;5;3m[RouterExplorer] [39m[32mMapped {/api/v1/research/source/:id, GET} route[39m[38;5;3m +0ms[39m
[32m[Nest] 34764  - [39m09/06/2026, 11:02:23 pm [32m    LOG[39m [38;5;3m[RouterExplorer] [39m[32mMapped {/api/v1/research/source/:id, DELETE} route[39m[38;5;3m +0ms[39m
[32m[Nest] 34764  - [39m09/06/2026, 11:02:23 pm [32m    LOG[39m [38;5;3m[RouterExplorer] [39m[32mMapped {/api/v1/research/save, POST} route[39m[38;5;3m +1ms[39m
[32m[Nest] 34764  - [39m09/06/2026, 11:02:23 pm [32m    LOG[39m [38;5;3m[RouterExplorer] [39m[32mMapped {/api/v1/research/save/all, GET} route[39m[38;5;3m +0ms[39m
[32m[Nest] 34764  - [39m09/06/2026, 11:02:23 pm [32m    LOG[39m [38;5;3m[RouterExplorer] [39m[32mMapped {/api/v1/research/save/:id, DELETE} route[39m[38;5;3m +0ms[39m
[32m[Nest] 34764  - [39m09/06/2026, 11:02:23 pm [32m    LOG[39m [38;5;3m[RouterExplorer] [39m[32mMapped {/api/v1/research/asset, POST} route[39m[38;5;3m +1ms[39m
[32m[Nest] 34764  - [39m09/06/2026, 11:02:23 pm [32m    LOG[39m [38;5;3m[RouterExplorer] [39m[32mMapped {/api/v1/research/upload, POST} route[39m[38;5;3m +0ms[39m
[32m[Nest] 34764  - [39m09/06/2026, 11:02:23 pm [32m    LOG[39m [38;5;3m[RouterExplorer] [39m[32mMapped {/api/v1/research/documents/:queryId, GET} route[39m[38;5;3m +0ms[39m
[32m[Nest] 34764  - [39m09/06/2026, 11:02:23 pm [32m    LOG[39m [38;5;3m[RouterExplorer] [39m[32mMapped {/api/v1/research/generate, POST} route[39m[38;5;3m +0ms[39m
[32m[Nest] 34764  - [39m09/06/2026, 11:02:23 pm [32m    LOG[39m [38;5;3m[RouterExplorer] [39m[32mMapped {/api/v1/research/challenge, POST} route[39m[38;5;3m +1ms[39m
[32m[Nest] 34764  - [39m09/06/2026, 11:02:23 pm [32m    LOG[39m [38;5;3m[RoutesResolver] [39m[32mIngestionController {/api/v1/ingestion}:[39m[38;5;3m +0ms[39m
[32m[Nest] 34764  - [39m09/06/2026, 11:02:23 pm [32m    LOG[39m [38;5;3m[RouterExplorer] [39m[32mMapped {/api/v1/ingestion/status, GET} route[39m[38;5;3m +0ms[39m
[32m[Nest] 34764  - [39m09/06/2026, 11:02:23 pm [32m    LOG[39m [38;5;3m[RouterExplorer] [39m[32mMapped {/api/v1/ingestion/init-collections, POST} route[39m[38;5;3m +1ms[39m
[32m[Nest] 34764  - [39m09/06/2026, 11:02:23 pm [32m    LOG[39m [38;5;3m[RouterExplorer] [39m[32mMapped {/api/v1/ingestion/ingest, POST} route[39m[38;5;3m +0ms[39m
[32m[Nest] 34764  - [39m09/06/2026, 11:02:23 pm [32m    LOG[39m [38;5;3m[RouterExplorer] [39m[32mMapped {/api/v1/ingestion/ingest-text, POST} route[39m[38;5;3m +0ms[39m
[32m[Nest] 34764  - [39m09/06/2026, 11:02:23 pm [32m    LOG[39m [38;5;3m[RouterExplorer] [39m[32mMapped {/api/v1/ingestion/ingest-batch, POST} route[39m[38;5;3m +0ms[39m
[32m[Nest] 34764  - [39m09/06/2026, 11:02:23 pm [32m    LOG[39m [38;5;3m[RoutesResolver] [39m[32mExamController {/api/v1/exam}:[39m[38;5;3m +1ms[39m
[32m[Nest] 34764  - [39m09/06/2026, 11:02:23 pm [32m    LOG[39m [38;5;3m[RouterExplorer] [39m[32mMapped {/api/v1/exam, POST} route[39m[38;5;3m +0ms[39m
[32m[Nest] 34764  - [39m09/06/2026, 11:02:23 pm [32m    LOG[39m [38;5;3m[RouterExplorer] [39m[32mMapped {/api/v1/exam, GET} route[39m[38;5;3m +0ms[39m
[32m[Nest] 34764  - [39m09/06/2026, 11:02:23 pm [32m    LOG[39m [38;5;3m[RouterExplorer] [39m[32mMapped {/api/v1/exam/:id, GET} route[39m[38;5;3m +1ms[39m
[32m[Nest] 34764  - [39m09/06/2026, 11:02:23 pm [32m    LOG[39m [38;5;3m[RouterExplorer] [39m[32mMapped {/api/v1/exam/:id/mock, POST} route[39m[38;5;3m +0ms[39m
[32m[Nest] 34764  - [39m09/06/2026, 11:02:23 pm [32m    LOG[39m [38;5;3m[RouterExplorer] [39m[32mMapped {/api/v1/exam/assistant, POST} route[39m[38;5;3m +1ms[39m
[32m[Nest] 34764  - [39m09/06/2026, 11:02:23 pm [32m    LOG[39m [38;5;3m[RouterExplorer] [39m[32mMapped {/api/v1/exam/dashboard/recommendations, GET} route[39m[38;5;3m +0ms[39m
[32m[Nest] 34764  - [39m09/06/2026, 11:02:23 pm [32m    LOG[39m [38;5;3m[RouterExplorer] [39m[32mMapped {/api/v1/exam/doubt-solve, POST} route[39m[38;5;3m +0ms[39m
[32m[Nest] 34764  - [39m09/06/2026, 11:02:23 pm [32m    LOG[39m [38;5;3m[RouterExplorer] [39m[32mMapped {/api/v1/exam/oauth-tokens, POST} route[39m[38;5;3m +0ms[39m
[32m[Nest] 34764  - [39m09/06/2026, 11:02:23 pm [32m    LOG[39m [38;5;3m[RouterExplorer] [39m[32mMapped {/api/v1/exam/dashboard/notifications, GET} route[39m[38;5;3m +1ms[39m
[32m[Nest] 34764  - [39m09/06/2026, 11:02:23 pm [32m    LOG[39m [38;5;3m[RouterExplorer] [39m[32mMapped {/api/v1/exam/dashboard/notifications/read, POST} route[39m[38;5;3m +0ms[39m
[32m[Nest] 34764  - [39m09/06/2026, 11:02:23 pm [32m    LOG[39m [38;5;3m[RouterExplorer] [39m[32mMapped {/api/v1/exam/calendar/events, GET} route[39m[38;5;3m +0ms[39m
[32m[Nest] 34764  - [39m09/06/2026, 11:02:23 pm [32m    LOG[39m [38;5;3m[RouterExplorer] [39m[32mMapped {/api/v1/exam/calendar/events, POST} route[39m[38;5;3m +0ms[39m
[32m[Nest] 34764  - [39m09/06/2026, 11:02:23 pm [32m    LOG[39m [38;5;3m[RoutesResolver] [39m[32mFounderSecurityController {/api/v1/founder-security}:[39m[38;5;3m +0ms[39m
[32m[Nest] 34764  - [39m09/06/2026, 11:02:23 pm [32m    LOG[39m [38;5;3m[RouterExplorer] [39m[32mMapped {/api/v1/founder-security/settings, GET} route[39m[38;5;3m +1ms[39m
[32m[Nest] 34764  - [39m09/06/2026, 11:02:23 pm [32m    LOG[39m [38;5;3m[RouterExplorer] [39m[32mMapped {/api/v1/founder-security/settings, PUT} route[39m[38;5;3m +0ms[39m
[32m[Nest] 34764  - [39m09/06/2026, 11:02:23 pm [32m    LOG[39m [38;5;3m[RouterExplorer] [39m[32mMapped {/api/v1/founder-security/events, GET} route[39m[38;5;3m +0ms[39m
[32m[Nest] 34764  - [39m09/06/2026, 11:02:23 pm [32m    LOG[39m [38;5;3m[RouterExplorer] [39m[32mMapped {/api/v1/founder-security/events, POST} route[39m[38;5;3m +1ms[39m
[32m[Nest] 34764  - [39m09/06/2026, 11:02:23 pm [32m    LOG[39m [38;5;3m[RouterExplorer] [39m[32mMapped {/api/v1/founder-security/clear-locks, GET} route[39m[38;5;3m +0ms[39m
[32m[Nest] 34764  - [39m09/06/2026, 11:02:23 pm [32m    LOG[39m [38;5;3m[RouterExplorer] [39m[32mMapped {/api/v1/founder-security/admin-login, POST} route[39m[38;5;3m +0ms[39m
[32m[Nest] 34764  - [39m09/06/2026, 11:02:23 pm [32m    LOG[39m [38;5;3m[RouterExplorer] [39m[32mMapped {/api/v1/founder-security/verify-question, POST} route[39m[38;5;3m +0ms[39m
[32m[Nest] 34764  - [39m09/06/2026, 11:02:23 pm [32m    LOG[39m [38;5;3m[RouterExplorer] [39m[32mMapped {/api/v1/founder-security/login-approve, GET} route[39m[38;5;3m +1ms[39m
[32m[Nest] 34764  - [39m09/06/2026, 11:02:23 pm [32m    LOG[39m [38;5;3m[RouterExplorer] [39m[32mMapped {/api/v1/founder-security/login-reject, GET} route[39m[38;5;3m +0ms[39m
[32m[Nest] 34764  - [39m09/06/2026, 11:02:23 pm [32m    LOG[39m [38;5;3m[RouterExplorer] [39m[32mMapped {/api/v1/founder-security/login-status, GET} route[39m[38;5;3m +0ms[39m
[32m[Nest] 34764  - [39m09/06/2026, 11:02:23 pm [32m    LOG[39m [38;5;3m[RoutesResolver] [39m[32mSecurityTestController {/api/v1/api/security}:[39m[38;5;3m +1ms[39m
[32m[Nest] 34764  - [39m09/06/2026, 11:02:23 pm [32m    LOG[39m [38;5;3m[RouterExplorer] [39m[32mMapped {/api/security/test-email, GET} route[39m[38;5;3m +0ms[39m
[32m[Nest] 34764  - [39m09/06/2026, 11:02:23 pm [32m    LOG[39m [38;5;3m[RouterExplorer] [39m[32mMapped {/api/security/test-email, POST} route[39m[38;5;3m +0ms[39m
[32m[Nest] 34764  - [39m09/06/2026, 11:02:23 pm [32m    LOG[39m [38;5;3m[QdrantService] [39m[32mInitializing Qdrant client with URL: https://dd284eb5-9c7e-4f0e-92fd-815f87684ce0.us-west-1-0.aws.cloud.qdrant.io[39m
[32m[Nest] 34764  - [39m09/06/2026, 11:02:23 pm [32m    LOG[39m [38;5;3m[QdrantService] [39m[32mTesting Qdrant connection...[39m
[32m[Nest] 34764  - [39m09/06/2026, 11:02:23 pm [32m    LOG[39m [38;5;3m[BgeM3Provider] [39m[32mInitializing BGE-M3 provider → http://localhost:8100[39m
[32m[Nest] 34764  - [39m09/06/2026, 11:02:23 pm [32m    LOG[39m [38;5;3m[NestApplication] [39m[32mNest application successfully started[39m[38;5;3m +8ms[39m
[LEGATRIXON SERVER] NestJS Engine running on: http://localhost:4000/api/v1
[33m[Nest] 34764  - [39m09/06/2026, 11:02:23 pm [33m   WARN[39m [38;5;3m[BgeM3Provider] [39m[33mBGE-M3 sidecar unreachable at http://localhost:8100: . Embeddings will fail until the sidecar is started.[39m
[32m[Nest] 34764  - [39m09/06/2026, 11:02:24 pm [32m    LOG[39m [38;5;3m[QdrantService] [39m[32mSuccessfully connected to Qdrant.[39m
[32m[Nest] 34764  - [39m09/06/2026, 11:02:24 pm [32m    LOG[39m [38;5;3m[QdrantService] [39m[32mCollection judgments already exists.[39m
[32m[Nest] 34764  - [39m09/06/2026, 11:02:24 pm [32m    LOG[39m [38;5;3m[QdrantService] [39m[32mCollection acts already exists.[39m
[32m[Nest] 34764  - [39m09/06/2026, 11:02:25 pm [32m    LOG[39m [38;5;3m[QdrantService] [39m[32mCollection research_papers already exists.[39m
[32m[Nest] 34764  - [39m09/06/2026, 11:02:25 pm [32m    LOG[39m [38;5;3m[QdrantService] [39m[32mCollection law_commission_reports already exists.[39m
[32m[Nest] 34764  - [39m09/06/2026, 11:02:25 pm [32m    LOG[39m [38;5;3m[QdrantService] [39m[32mCollection user_documents already exists.[39m
[2J[3J[H[[90m11:02:43 pm[0m] File change detected. Starting incremental compilation...

[[90m11:02:43 pm[0m] Found 0 errors. Watching for file changes.

[32m[Nest] 22052  - [39m09/06/2026, 11:02:45 pm [32m    LOG[39m [38;5;3m[NestFactory] [39m[32mStarting Nest application...[39m
[32m[Nest] 22052  - [39m09/06/2026, 11:02:45 pm [32m    LOG[39m [38;5;3m[InstanceLoader] [39m[32mAppModule dependencies initialized[39m[38;5;3m +26ms[39m
[32m[Nest] 22052  - [39m09/06/2026, 11:02:45 pm [32m    LOG[39m [38;5;3m[InstanceLoader] [39m[32mTypeOrmModule dependencies initialized[39m[38;5;3m +0ms[39m
[32m[Nest] 22052  - [39m09/06/2026, 11:02:45 pm [32m    LOG[39m [38;5;3m[InstanceLoader] [39m[32mLegalDomainModule dependencies initialized[39m[38;5;3m +0ms[39m
[32m[Nest] 22052  - [39m09/06/2026, 11:02:45 pm [32m    LOG[39m [38;5;3m[InstanceLoader] [39m[32mRetrievalModule dependencies initialized[39m[38;5;3m +2ms[39m
[32m[Nest] 22052  - [39m09/06/2026, 11:02:45 pm [32m    LOG[39m [38;5;3m[InstanceLoader] [39m[32mJudgmentModule dependencies initialized[39m[38;5;3m +0ms[39m
[32m[Nest] 22052  - [39m09/06/2026, 11:02:45 pm [32m    LOG[39m [38;5;3m[InstanceLoader] [39m[32mContractModule dependencies initialized[39m[38;5;3m +0ms[39m
[32m[Nest] 22052  - [39m09/06/2026, 11:02:45 pm [32m    LOG[39m [38;5;3m[InstanceLoader] [39m[32mChatModule dependencies initialized[39m[38;5;3m +1ms[39m
[32m[Nest] 22052  - [39m09/06/2026, 11:02:45 pm [32m    LOG[39m [38;5;3m[InstanceLoader] [39m[32mIngestionModule dependencies initialized[39m[38;5;3m +0ms[39m
[32m[Nest] 22052  - [39m09/06/2026, 11:02:45 pm [32m    LOG[39m [38;5;3m[InstanceLoader] [39m[32mTypeOrmCoreModule dependencies initialized[39m[38;5;3m +41ms[39m
[32m[Nest] 22052  - [39m09/06/2026, 11:02:45 pm [32m    LOG[39m [38;5;3m[InstanceLoader] [39m[32mTypeOrmModule dependencies initialized[39m[38;5;3m +1ms[39m
[32m[Nest] 22052  - [39m09/06/2026, 11:02:45 pm [32m    LOG[39m [38;5;3m[InstanceLoader] [39m[32mTypeOrmModule dependencies initialized[39m[38;5;3m +0ms[39m
[32m[Nest] 22052  - [39m09/06/2026, 11:02:45 pm [32m    LOG[39m [38;5;3m[InstanceLoader] [39m[32mTypeOrmModule dependencies initialized[39m[38;5;3m +0ms[39m
[32m[Nest] 22052  - [39m09/06/2026, 11:02:45 pm [32m    LOG[39m [38;5;3m[InstanceLoader] [39m[32mTypeOrmModule dependencies initialized[39m[38;5;3m +0ms[39m
[32m[Nest] 22052  - [39m09/06/2026, 11:02:45 pm [32m    LOG[39m [38;5;3m[InstanceLoader] [39m[32mFounderSecurityModule dependencies initialized[39m[38;5;3m +2ms[39m
[32m[Nest] 22052  - [39m09/06/2026, 11:02:45 pm [32m    LOG[39m [38;5;3m[InstanceLoader] [39m[32mResearchModule dependencies initialized[39m[38;5;3m +0ms[39m
[32m[Nest] 22052  - [39m09/06/2026, 11:02:45 pm [32m    LOG[39m [38;5;3m[InstanceLoader] [39m[32mNotebookModule dependencies initialized[39m[38;5;3m +0ms[39m
[32m[Nest] 22052  - [39m09/06/2026, 11:02:45 pm [32m    LOG[39m [38;5;3m[InstanceLoader] [39m[32mExamModule dependencies initialized[39m[38;5;3m +1ms[39m
[32m[Nest] 22052  - [39m09/06/2026, 11:02:45 pm [32m    LOG[39m [38;5;3m[RoutesResolver] [39m[32mJudgmentController {/api/v1/judgments}:[39m[38;5;3m +25ms[39m
[32m[Nest] 22052  - [39m09/06/2026, 11:02:45 pm [32m    LOG[39m [38;5;3m[RouterExplorer] [39m[32mMapped {/api/v1/judgments/upload, POST} route[39m[38;5;3m +2ms[39m
[32m[Nest] 22052  - [39m09/06/2026, 11:02:45 pm [32m    LOG[39m [38;5;3m[RouterExplorer] [39m[32mMapped {/api/v1/judgments/:id/structure, GET} route[39m[38;5;3m +1ms[39m
[32m[Nest] 22052  - [39m09/06/2026, 11:02:45 pm [32m    LOG[39m [38;5;3m[RouterExplorer] [39m[32mMapped {/api/v1/judgments/:id/explain, POST} route[39m[38;5;3m +0ms[39m
[32m[Nest] 22052  - [39m09/06/2026, 11:02:45 pm [32m    LOG[39m [38;5;3m[RoutesResolver] [39m[32mChatController {/api/v1/chat}:[39m[38;5;3m +1ms[39m
[32m[Nest] 22052  - [39m09/06/2026, 11:02:45 pm [32m    LOG[39m [38;5;3m[RouterExplorer] [39m[32mMapped {/api/v1/chat/message, POST} route[39m[38;5;3m +0ms[39m
[32m[Nest] 22052  - [39m09/06/2026, 11:02:45 pm [32m    LOG[39m [38;5;3m[RouterExplorer] [39m[32mMapped {/api/v1/chat/history/:sessionId, GET} route[39m[38;5;3m +0ms[39m
[32m[Nest] 22052  - [39m09/06/2026, 11:02:45 pm [32m    LOG[39m [38;5;3m[RouterExplorer] [39m[32mMapped {/api/v1/chat/history/:sessionId, DELETE} route[39m[38;5;3m +1ms[39m
[32m[Nest] 22052  - [39m09/06/2026, 11:02:45 pm [32m    LOG[39m [38;5;3m[RouterExplorer] [39m[32mMapped {/api/v1/chat/search, POST} route[39m[38;5;3m +0ms[39m
[32m[Nest] 22052  - [39m09/06/2026, 11:02:45 pm [32m    LOG[39m [38;5;3m[RouterExplorer] [39m[32mMapped {/api/v1/chat/citations/:messageId, GET} route[39m[38;5;3m +1ms[39m
[32m[Nest] 22052  - [39m09/06/2026, 11:02:45 pm [32m    LOG[39m [38;5;3m[RoutesResolver] [39m[32mContractController {/api/v1/contracts}:[39m[38;5;3m +0ms[39m
[32m[Nest] 22052  - [39m09/06/2026, 11:02:45 pm [32m    LOG[39m [38;5;3m[RouterExplorer] [39m[32mMapped {/api/v1/contracts/review, POST} route[39m[38;5;3m +1ms[39m
[32m[Nest] 22052  - [39m09/06/2026, 11:02:45 pm [32m    LOG[39m [38;5;3m[RouterExplorer] [39m[32mMapped {/api/v1/contracts/:id/risks, GET} route[39m[38;5;3m +0ms[39m
[32m[Nest] 22052  - [39m09/06/2026, 11:02:45 pm [32m    LOG[39m [38;5;3m[RouterExplorer] [39m[32mMapped {/api/v1/contracts/:id/clauses, POST} route[39m[38;5;3m +1ms[39m
[32m[Nest] 22052  - [39m09/06/2026, 11:02:45 pm [32m    LOG[39m [38;5;3m[RoutesResolver] [39m[32mNotebookController {/api/v1/notebook}:[39m[38;5;3m +0ms[39m
[32m[Nest] 22052  - [39m09/06/2026, 11:02:45 pm [32m    LOG[39m [38;5;3m[RouterExplorer] [39m[32mMapped {/api/v1/notebook/documents, GET} route[39m[38;5;3m +0ms[39m
[32m[Nest] 22052  - [39m09/06/2026, 11:02:45 pm [32m    LOG[39m [38;5;3m[RouterExplorer] [39m[32mMapped {/api/v1/notebook/documents/:id, GET} route[39m[38;5;3m +1ms[39m
[32m[Nest] 22052  - [39m09/06/2026, 11:02:45 pm [32m    LOG[39m [38;5;3m[RouterExplorer] [39m[32mMapped {/api/v1/notebook/documents/:id/preview, GET} route[39m[38;5;3m +0ms[39m
[32m[Nest] 22052  - [39m09/06/2026, 11:02:45 pm [32m    LOG[39m [38;5;3m[RouterExplorer] [39m[32mMapped {/api/v1/notebook/documents/:id/file, GET} route[39m[38;5;3m +0ms[39m
[32m[Nest] 22052  - [39m09/06/2026, 11:02:45 pm [32m    LOG[39m [38;5;3m[RouterExplorer] [39m[32mMapped {/api/v1/notebook/documents/:id/chunks, GET} route[39m[38;5;3m +1ms[39m
[32m[Nest] 22052  - [39m09/06/2026, 11:02:45 pm [32m    LOG[39m [38;5;3m[RouterExplorer] [39m[32mMapped {/api/v1/notebook/documents/:id/chat-history, GET} route[39m[38;5;3m +0ms[39m
[32m[Nest] 22052  - [39m09/06/2026, 11:02:45 pm [32m    LOG[39m [38;5;3m[RouterExplorer] [39m[32mMapped {/api/v1/notebook/documents/:id/reprocess, POST} route[39m[38;5;3m +0ms[39m
[32m[Nest] 22052  - [39m09/06/2026, 11:02:45 pm [32m    LOG[39m [38;5;3m[RouterExplorer] [39m[32mMapped {/api/v1/notebook/documents/:id/extraction, GET} route[39m[38;5;3m +1ms[39m
[32m[Nest] 22052  - [39m09/06/2026, 11:02:45 pm [32m    LOG[39m [38;5;3m[RouterExplorer] [39m[32mMapped {/api/v1/notebook/documents/:id/extraction, POST} route[39m[38;5;3m +0ms[39m
[32m[Nest] 22052  - [39m09/06/2026, 11:02:45 pm [32m    LOG[39m [38;5;3m[RouterExplorer] [39m[32mMapped {/api/v1/notebook/documents/:id/study-forge/generate, POST} route[39m[38;5;3m +1ms[39m
[32m[Nest] 22052  - [39m09/06/2026, 11:02:45 pm [32m    LOG[39m [38;5;3m[RouterExplorer] [39m[32mMapped {/api/v1/notebook/documents/:id/study-forge/flashcards/:cardId/rate, POST} route[39m[38;5;3m +0ms[39m
[32m[Nest] 22052  - [39m09/06/2026, 11:02:45 pm [32m    LOG[39m [38;5;3m[RouterExplorer] [39m[32mMapped {/api/v1/notebook/documents/:id/study-forge/quiz-attempt, POST} route[39m[38;5;3m +0ms[39m
[32m[Nest] 22052  - [39m09/06/2026, 11:02:45 pm [32m    LOG[39m [38;5;3m[RouterExplorer] [39m[32mMapped {/api/v1/notebook/graph, GET} route[39m[38;5;3m +1ms[39m
[32m[Nest] 22052  - [39m09/06/2026, 11:02:45 pm [32m    LOG[39m [38;5;3m[RouterExplorer] [39m[32mMapped {/api/v1/notebook/search, GET} route[39m[38;5;3m +0ms[39m
[32m[Nest] 22052  - [39m09/06/2026, 11:02:45 pm [32m    LOG[39m [38;5;3m[RouterExplorer] [39m[32mMapped {/api/v1/notebook/documents/:id, DELETE} route[39m[38;5;3m +0ms[39m
[32m[Nest] 22052  - [39m09/06/2026, 11:02:45 pm [32m    LOG[39m [38;5;3m[RouterExplorer] [39m[32mMapped {/api/v1/notebook/upload, POST} route[39m[38;5;3m +1ms[39m
[32m[Nest] 22052  - [39m09/06/2026, 11:02:45 pm [32m    LOG[39m [38;5;3m[RouterExplorer] [39m[32mMapped {/api/v1/notebook/chat, POST} route[39m[38;5;3m +0ms[39m
[32m[Nest] 22052  - [39m09/06/2026, 11:02:45 pm [32m    LOG[39m [38;5;3m[RoutesResolver] [39m[32mResearchController {/api/v1/research}:[39m[38;5;3m +0ms[39m
[32m[Nest] 22052  - [39m09/06/2026, 11:02:45 pm [32m    LOG[39m [38;5;3m[RouterExplorer] [39m[32mMapped {/api/v1/research/query, POST} route[39m[38;5;3m +1ms[39m
[32m[Nest] 22052  - [39m09/06/2026, 11:02:45 pm [32m    LOG[39m [38;5;3m[RouterExplorer] [39m[32mMapped {/api/v1/research/query/all, GET} route[39m[38;5;3m +0ms[39m
[32m[Nest] 22052  - [39m09/06/2026, 11:02:45 pm [32m    LOG[39m [38;5;3m[RouterExplorer] [39m[32mMapped {/api/v1/research/query/:id, GET} route[39m[38;5;3m +0ms[39m
[32m[Nest] 22052  - [39m09/06/2026, 11:02:45 pm [32m    LOG[39m [38;5;3m[RouterExplorer] [39m[32mMapped {/api/v1/research/report, POST} route[39m[38;5;3m +1ms[39m
[32m[Nest] 22052  - [39m09/06/2026, 11:02:45 pm [32m    LOG[39m [38;5;3m[RouterExplorer] [39m[32mMapped {/api/v1/research/report/:id, GET} route[39m[38;5;3m +0ms[39m
[32m[Nest] 22052  - [39m09/06/2026, 11:02:45 pm [32m    LOG[39m [38;5;3m[RouterExplorer] [39m[32mMapped {/api/v1/research/report/:id, PUT} route[39m[38;5;3m +1ms[39m
[32m[Nest] 22052  - [39m09/06/2026, 11:02:45 pm [32m    LOG[39m [38;5;3m[RouterExplorer] [39m[32mMapped {/api/v1/research/report/:id, DELETE} route[39m[38;5;3m +0ms[39m
[32m[Nest] 22052  - [39m09/06/2026, 11:02:45 pm [32m    LOG[39m [38;5;3m[RouterExplorer] [39m[32mMapped {/api/v1/research/note, POST} route[39m[38;5;3m +0ms[39m
[32m[Nest] 22052  - [39m09/06/2026, 11:02:45 pm [32m    LOG[39m [38;5;3m[RouterExplorer] [39m[32mMapped {/api/v1/research/note/:id, GET} route[39m[38;5;3m +0ms[39m
[32m[Nest] 22052  - [39m09/06/2026, 11:02:45 pm [32m    LOG[39m [38;5;3m[RouterExplorer] [39m[32mMapped {/api/v1/research/note/:id, PUT} route[39m[38;5;3m +1ms[39m
[32m[Nest] 22052  - [39m09/06/2026, 11:02:45 pm [32m    LOG[39m [38;5;3m[RouterExplorer] [39m[32mMapped {/api/v1/research/note/:id, DELETE} route[39m[38;5;3m +0ms[39m
[32m[Nest] 22052  - [39m09/06/2026, 11:02:45 pm [32m    LOG[39m [38;5;3m[RouterExplorer] [39m[32mMapped {/api/v1/research/source, POST} route[39m[38;5;3m +0ms[39m
[32m[Nest] 22052  - [39m09/06/2026, 11:02:45 pm [32m    LOG[39m [38;5;3m[RouterExplorer] [39m[32mMapped {/api/v1/research/source/:id, GET} route[39m[38;5;3m +1ms[39m
[32m[Nest] 22052  - [39m09/06/2026, 11:02:45 pm [32m    LOG[39m [38;5;3m[RouterExplorer] [39m[32mMapped {/api/v1/research/source/:id, DELETE} route[39m[38;5;3m +0ms[39m
[32m[Nest] 22052  - [39m09/06/2026, 11:02:45 pm [32m    LOG[39m [38;5;3m[RouterExplorer] [39m[32mMapped {/api/v1/research/save, POST} route[39m[38;5;3m +0ms[39m
[32m[Nest] 22052  - [39m09/06/2026, 11:02:45 pm [32m    LOG[39m [38;5;3m[RouterExplorer] [39m[32mMapped {/api/v1/research/save/all, GET} route[39m[38;5;3m +1ms[39m
[32m[Nest] 22052  - [39m09/06/2026, 11:02:45 pm [32m    LOG[39m [38;5;3m[RouterExplorer] [39m[32mMapped {/api/v1/research/save/:id, DELETE} route[39m[38;5;3m +0ms[39m
[32m[Nest] 22052  - [39m09/06/2026, 11:02:45 pm [32m    LOG[39m [38;5;3m[RouterExplorer] [39m[32mMapped {/api/v1/research/asset, POST} route[39m[38;5;3m +1ms[39m
[32m[Nest] 22052  - [39m09/06/2026, 11:02:45 pm [32m    LOG[39m [38;5;3m[RouterExplorer] [39m[32mMapped {/api/v1/research/upload, POST} route[39m[38;5;3m +0ms[39m
[32m[Nest] 22052  - [39m09/06/2026, 11:02:45 pm [32m    LOG[39m [38;5;3m[RouterExplorer] [39m[32mMapped {/api/v1/research/documents/:queryId, GET} route[39m[38;5;3m +0ms[39m
[32m[Nest] 22052  - [39m09/06/2026, 11:02:45 pm [32m    LOG[39m [38;5;3m[RouterExplorer] [39m[32mMapped {/api/v1/research/generate, POST} route[39m[38;5;3m +1ms[39m
[32m[Nest] 22052  - [39m09/06/2026, 11:02:45 pm [32m    LOG[39m [38;5;3m[RouterExplorer] [39m[32mMapped {/api/v1/research/challenge, POST} route[39m[38;5;3m +0ms[39m
[32m[Nest] 22052  - [39m09/06/2026, 11:02:45 pm [32m    LOG[39m [38;5;3m[RoutesResolver] [39m[32mIngestionController {/api/v1/ingestion}:[39m[38;5;3m +0ms[39m
[32m[Nest] 22052  - [39m09/06/2026, 11:02:45 pm [32m    LOG[39m [38;5;3m[RouterExplorer] [39m[32mMapped {/api/v1/ingestion/status, GET} route[39m[38;5;3m +0ms[39m
[32m[Nest] 22052  - [39m09/06/2026, 11:02:45 pm [32m    LOG[39m [38;5;3m[RouterExplorer] [39m[32mMapped {/api/v1/ingestion/init-collections, POST} route[39m[38;5;3m +1ms[39m
[32m[Nest] 22052  - [39m09/06/2026, 11:02:45 pm [32m    LOG[39m [38;5;3m[RouterExplorer] [39m[32mMapped {/api/v1/ingestion/ingest, POST} route[39m[38;5;3m +0ms[39m
[32m[Nest] 22052  - [39m09/06/2026, 11:02:45 pm [32m    LOG[39m [38;5;3m[RouterExplorer] [39m[32mMapped {/api/v1/ingestion/ingest-text, POST} route[39m[38;5;3m +0ms[39m
[32m[Nest] 22052  - [39m09/06/2026, 11:02:45 pm [32m    LOG[39m [38;5;3m[RouterExplorer] [39m[32mMapped {/api/v1/ingestion/ingest-batch, POST} route[39m[38;5;3m +1ms[39m
[32m[Nest] 22052  - [39m09/06/2026, 11:02:45 pm [32m    LOG[39m [38;5;3m[RoutesResolver] [39m[32mExamController {/api/v1/exam}:[39m[38;5;3m +0ms[39m
[32m[Nest] 22052  - [39m09/06/2026, 11:02:45 pm [32m    LOG[39m [38;5;3m[RouterExplorer] [39m[32mMapped {/api/v1/exam, POST} route[39m[38;5;3m +0ms[39m
[32m[Nest] 22052  - [39m09/06/2026, 11:02:45 pm [32m    LOG[39m [38;5;3m[RouterExplorer] [39m[32mMapped {/api/v1/exam, GET} route[39m[38;5;3m +0ms[39m
[32m[Nest] 22052  - [39m09/06/2026, 11:02:45 pm [32m    LOG[39m [38;5;3m[RouterExplorer] [39m[32mMapped {/api/v1/exam/:id, GET} route[39m[38;5;3m +1ms[39m
[32m[Nest] 22052  - [39m09/06/2026, 11:02:45 pm [32m    LOG[39m [38;5;3m[RouterExplorer] [39m[32mMapped {/api/v1/exam/:id/mock, POST} route[39m[38;5;3m +0ms[39m
[32m[Nest] 22052  - [39m09/06/2026, 11:02:45 pm [32m    LOG[39m [38;5;3m[RouterExplorer] [39m[32mMapped {/api/v1/exam/assistant, POST} route[39m[38;5;3m +0ms[39m
[32m[Nest] 22052  - [39m09/06/2026, 11:02:45 pm [32m    LOG[39m [38;5;3m[RouterExplorer] [39m[32mMapped {/api/v1/exam/dashboard/recommendations, GET} route[39m[38;5;3m +0ms[39m
[32m[Nest] 22052  - [39m09/06/2026, 11:02:45 pm [32m    LOG[39m [38;5;3m[RouterExplorer] [39m[32mMapped {/api/v1/exam/doubt-solve, POST} route[39m[38;5;3m +1ms[39m
[32m[Nest] 22052  - [39m09/06/2026, 11:02:45 pm [32m    LOG[39m [38;5;3m[RouterExplorer] [39m[32mMapped {/api/v1/exam/oauth-tokens, POST} route[39m[38;5;3m +0ms[39m
[32m[Nest] 22052  - [39m09/06/2026, 11:02:45 pm [32m    LOG[39m [38;5;3m[RouterExplorer] [39m[32mMapped {/api/v1/exam/dashboard/notifications, GET} route[39m[38;5;3m +0ms[39m
[32m[Nest] 22052  - [39m09/06/2026, 11:02:45 pm [32m    LOG[39m [38;5;3m[RouterExplorer] [39m[32mMapped {/api/v1/exam/dashboard/notifications/read, POST} route[39m[38;5;3m +0ms[39m
[32m[Nest] 22052  - [39m09/06/2026, 11:02:45 pm [32m    LOG[39m [38;5;3m[RouterExplorer] [39m[32mMapped {/api/v1/exam/calendar/events, GET} route[39m[38;5;3m +1ms[39m
[32m[Nest] 22052  - [39m09/06/2026, 11:02:45 pm [32m    LOG[39m [38;5;3m[RouterExplorer] [39m[32mMapped {/api/v1/exam/calendar/events, POST} route[39m[38;5;3m +0ms[39m
[32m[Nest] 22052  - [39m09/06/2026, 11:02:45 pm [32m    LOG[39m [38;5;3m[RoutesResolver] [39m[32mFounderSecurityController {/api/v1/founder-security}:[39m[38;5;3m +0ms[39m
[32m[Nest] 22052  - [39m09/06/2026, 11:02:45 pm [32m    LOG[39m [38;5;3m[RouterExplorer] [39m[32mMapped {/api/v1/founder-security/settings, GET} route[39m[38;5;3m +0ms[39m
[32m[Nest] 22052  - [39m09/06/2026, 11:02:45 pm [32m    LOG[39m [38;5;3m[RouterExplorer] [39m[32mMapped {/api/v1/founder-security/settings, PUT} route[39m[38;5;3m +1ms[39m
[32m[Nest] 22052  - [39m09/06/2026, 11:02:45 pm [32m    LOG[39m [38;5;3m[RouterExplorer] [39m[32mMapped {/api/v1/founder-security/events, GET} route[39m[38;5;3m +0ms[39m
[32m[Nest] 22052  - [39m09/06/2026, 11:02:45 pm [32m    LOG[39m [38;5;3m[RouterExplorer] [39m[32mMapped {/api/v1/founder-security/events, POST} route[39m[38;5;3m +0ms[39m
[32m[Nest] 22052  - [39m09/06/2026, 11:02:45 pm [32m    LOG[39m [38;5;3m[RouterExplorer] [39m[32mMapped {/api/v1/founder-security/clear-locks, GET} route[39m[38;5;3m +1ms[39m
[32m[Nest] 22052  - [39m09/06/2026, 11:02:45 pm [32m    LOG[39m [38;5;3m[RouterExplorer] [39m[32mMapped {/api/v1/founder-security/admin-login, POST} route[39m[38;5;3m +0ms[39m
[32m[Nest] 22052  - [39m09/06/2026, 11:02:45 pm [32m    LOG[39m [38;5;3m[RouterExplorer] [39m[32mMapped {/api/v1/founder-security/verify-question, POST} route[39m[38;5;3m +0ms[39m
[32m[Nest] 22052  - [39m09/06/2026, 11:02:45 pm [32m    LOG[39m [38;5;3m[RouterExplorer] [39m[32mMapped {/api/v1/founder-security/login-approve, GET} route[39m[38;5;3m +1ms[39m
[32m[Nest] 22052  - [39m09/06/2026, 11:02:45 pm [32m    LOG[39m [38;5;3m[RouterExplorer] [39m[32mMapped {/api/v1/founder-security/login-reject, GET} route[39m[38;5;3m +0ms[39m
[32m[Nest] 22052  - [39m09/06/2026, 11:02:45 pm [32m    LOG[39m [38;5;3m[RouterExplorer] [39m[32mMapped {/api/v1/founder-security/login-status, GET} route[39m[38;5;3m +0ms[39m
[32m[Nest] 22052  - [39m09/06/2026, 11:02:45 pm [32m    LOG[39m [38;5;3m[RoutesResolver] [39m[32mSecurityTestController {/api/v1/api/security}:[39m[38;5;3m +0ms[39m
[32m[Nest] 22052  - [39m09/06/2026, 11:02:45 pm [32m    LOG[39m [38;5;3m[RouterExplorer] [39m[32mMapped {/api/security/test-email, GET} route[39m[38;5;3m +1ms[39m
[32m[Nest] 22052  - [39m09/06/2026, 11:02:45 pm [32m    LOG[39m [38;5;3m[RouterExplorer] [39m[32mMapped {/api/security/test-email, POST} route[39m[38;5;3m +0ms[39m
[32m[Nest] 22052  - [39m09/06/2026, 11:02:45 pm [32m    LOG[39m [38;5;3m[QdrantService] [39m[32mInitializing Qdrant client with URL: https://dd284eb5-9c7e-4f0e-92fd-815f87684ce0.us-west-1-0.aws.cloud.qdrant.io[39m
[32m[Nest] 22052  - [39m09/06/2026, 11:02:45 pm [32m    LOG[39m [38;5;3m[QdrantService] [39m[32mTesting Qdrant connection...[39m
[32m[Nest] 22052  - [39m09/06/2026, 11:02:45 pm [32m    LOG[39m [38;5;3m[BgeM3Provider] [39m[32mInitializing BGE-M3 provider → http://localhost:8100[39m
[32m[Nest] 22052  - [39m09/06/2026, 11:02:45 pm [32m    LOG[39m [38;5;3m[NestApplication] [39m[32mNest application successfully started[39m[38;5;3m +8ms[39m
[LEGATRIXON SERVER] NestJS Engine running on: http://localhost:4000/api/v1
[33m[Nest] 22052  - [39m09/06/2026, 11:02:45 pm [33m   WARN[39m [38;5;3m[BgeM3Provider] [39m[33mBGE-M3 sidecar unreachable at http://localhost:8100: . Embeddings will fail until the sidecar is started.[39m
[32m[Nest] 22052  - [39m09/06/2026, 11:02:47 pm [32m    LOG[39m [38;5;3m[QdrantService] [39m[32mSuccessfully connected to Qdrant.[39m
[32m[Nest] 22052  - [39m09/06/2026, 11:02:47 pm [32m    LOG[39m [38;5;3m[QdrantService] [39m[32mCollection judgments already exists.[39m
[32m[Nest] 22052  - [39m09/06/2026, 11:02:47 pm [32m    LOG[39m [38;5;3m[QdrantService] [39m[32mCollection acts already exists.[39m
[32m[Nest] 22052  - [39m09/06/2026, 11:02:48 pm [32m    LOG[39m [38;5;3m[QdrantService] [39m[32mCollection research_papers already exists.[39m
[32m[Nest] 22052  - [39m09/06/2026, 11:02:48 pm [32m    LOG[39m [38;5;3m[QdrantService] [39m[32mCollection law_commission_reports already exists.[39m
[32m[Nest] 22052  - [39m09/06/2026, 11:02:49 pm [32m    LOG[39m [38;5;3m[QdrantService] [39m[32mCollection user_documents already exists.[39m
[2J[3J[H[[90m11:02:58 pm[0m] File change detected. Starting incremental compilation...

[[90m11:02:58 pm[0m] Found 0 errors. Watching for file changes.

[32m[Nest] 34020  - [39m09/06/2026, 11:03:00 pm [32m    LOG[39m [38;5;3m[NestFactory] [39m[32mStarting Nest application...[39m
[32m[Nest] 34020  - [39m09/06/2026, 11:03:00 pm [32m    LOG[39m [38;5;3m[InstanceLoader] [39m[32mAppModule dependencies initialized[39m[38;5;3m +26ms[39m
[32m[Nest] 34020  - [39m09/06/2026, 11:03:00 pm [32m    LOG[39m [38;5;3m[InstanceLoader] [39m[32mTypeOrmModule dependencies initialized[39m[38;5;3m +0ms[39m
[32m[Nest] 34020  - [39m09/06/2026, 11:03:00 pm [32m    LOG[39m [38;5;3m[InstanceLoader] [39m[32mLegalDomainModule dependencies initialized[39m[38;5;3m +1ms[39m
[32m[Nest] 34020  - [39m09/06/2026, 11:03:00 pm [32m    LOG[39m [38;5;3m[InstanceLoader] [39m[32mRetrievalModule dependencies initialized[39m[38;5;3m +1ms[39m
[32m[Nest] 34020  - [39m09/06/2026, 11:03:00 pm [32m    LOG[39m [38;5;3m[InstanceLoader] [39m[32mJudgmentModule dependencies initialized[39m[38;5;3m +0ms[39m
[32m[Nest] 34020  - [39m09/06/2026, 11:03:00 pm [32m    LOG[39m [38;5;3m[InstanceLoader] [39m[32mContractModule dependencies initialized[39m[38;5;3m +0ms[39m
[32m[Nest] 34020  - [39m09/06/2026, 11:03:00 pm [32m    LOG[39m [38;5;3m[InstanceLoader] [39m[32mChatModule dependencies initialized[39m[38;5;3m +1ms[39m
[32m[Nest] 34020  - [39m09/06/2026, 11:03:00 pm [32m    LOG[39m [38;5;3m[InstanceLoader] [39m[32mIngestionModule dependencies initialized[39m[38;5;3m +0ms[39m
[32m[Nest] 34020  - [39m09/06/2026, 11:03:00 pm [32m    LOG[39m [38;5;3m[InstanceLoader] [39m[32mTypeOrmCoreModule dependencies initialized[39m[38;5;3m +44ms[39m
[32m[Nest] 34020  - [39m09/06/2026, 11:03:00 pm [32m    LOG[39m [38;5;3m[InstanceLoader] [39m[32mTypeOrmModule dependencies initialized[39m[38;5;3m +1ms[39m
[32m[Nest] 34020  - [39m09/06/2026, 11:03:00 pm [32m    LOG[39m [38;5;3m[InstanceLoader] [39m[32mTypeOrmModule dependencies initialized[39m[38;5;3m +0ms[39m
[32m[Nest] 34020  - [39m09/06/2026, 11:03:00 pm [32m    LOG[39m [38;5;3m[InstanceLoader] [39m[32mTypeOrmModule dependencies initialized[39m[38;5;3m +0ms[39m
[32m[Nest] 34020  - [39m09/06/2026, 11:03:00 pm [32m    LOG[39m [38;5;3m[InstanceLoader] [39m[32mTypeOrmModule dependencies initialized[39m[38;5;3m +1ms[39m
[32m[Nest] 34020  - [39m09/06/2026, 11:03:00 pm [32m    LOG[39m [38;5;3m[InstanceLoader] [39m[32mFounderSecurityModule dependencies initialized[39m[38;5;3m +1ms[39m
[32m[Nest] 34020  - [39m09/06/2026, 11:03:00 pm [32m    LOG[39m [38;5;3m[InstanceLoader] [39m[32mResearchModule dependencies initialized[39m[38;5;3m +0ms[39m
[32m[Nest] 34020  - [39m09/06/2026, 11:03:00 pm [32m    LOG[39m [38;5;3m[InstanceLoader] [39m[32mNotebookModule dependencies initialized[39m[38;5;3m +1ms[39m
[32m[Nest] 34020  - [39m09/06/2026, 11:03:00 pm [32m    LOG[39m [38;5;3m[InstanceLoader] [39m[32mExamModule dependencies initialized[39m[38;5;3m +0ms[39m
[32m[Nest] 34020  - [39m09/06/2026, 11:03:00 pm [32m    LOG[39m [38;5;3m[RoutesResolver] [39m[32mJudgmentController {/api/v1/judgments}:[39m[38;5;3m +26ms[39m
[32m[Nest] 34020  - [39m09/06/2026, 11:03:00 pm [32m    LOG[39m [38;5;3m[RouterExplorer] [39m[32mMapped {/api/v1/judgments/upload, POST} route[39m[38;5;3m +3ms[39m
[32m[Nest] 34020  - [39m09/06/2026, 11:03:00 pm [32m    LOG[39m [38;5;3m[RouterExplorer] [39m[32mMapped {/api/v1/judgments/:id/structure, GET} route[39m[38;5;3m +1ms[39m
[32m[Nest] 34020  - [39m09/06/2026, 11:03:00 pm [32m    LOG[39m [38;5;3m[RouterExplorer] [39m[32mMapped {/api/v1/judgments/:id/explain, POST} route[39m[38;5;3m +1ms[39m
[32m[Nest] 34020  - [39m09/06/2026, 11:03:00 pm [32m    LOG[39m [38;5;3m[RoutesResolver] [39m[32mChatController {/api/v1/chat}:[39m[38;5;3m +0ms[39m
[32m[Nest] 34020  - [39m09/06/2026, 11:03:00 pm [32m    LOG[39m [38;5;3m[RouterExplorer] [39m[32mMapped {/api/v1/chat/message, POST} route[39m[38;5;3m +0ms[39m
[32m[Nest] 34020  - [39m09/06/2026, 11:03:00 pm [32m    LOG[39m [38;5;3m[RouterExplorer] [39m[32mMapped {/api/v1/chat/history/:sessionId, GET} route[39m[38;5;3m +1ms[39m
[32m[Nest] 34020  - [39m09/06/2026, 11:03:00 pm [32m    LOG[39m [38;5;3m[RouterExplorer] [39m[32mMapped {/api/v1/chat/history/:sessionId, DELETE} route[39m[38;5;3m +0ms[39m
[32m[Nest] 34020  - [39m09/06/2026, 11:03:00 pm [32m    LOG[39m [38;5;3m[RouterExplorer] [39m[32mMapped {/api/v1/chat/search, POST} route[39m[38;5;3m +1ms[39m
[32m[Nest] 34020  - [39m09/06/2026, 11:03:00 pm [32m    LOG[39m [38;5;3m[RouterExplorer] [39m[32mMapped {/api/v1/chat/citations/:messageId, GET} route[39m[38;5;3m +0ms[39m
[32m[Nest] 34020  - [39m09/06/2026, 11:03:00 pm [32m    LOG[39m [38;5;3m[RoutesResolver] [39m[32mContractController {/api/v1/contracts}:[39m[38;5;3m +0ms[39m
[32m[Nest] 34020  - [39m09/06/2026, 11:03:00 pm [32m    LOG[39m [38;5;3m[RouterExplorer] [39m[32mMapped {/api/v1/contracts/review, POST} route[39m[38;5;3m +1ms[39m
[32m[Nest] 34020  - [39m09/06/2026, 11:03:00 pm [32m    LOG[39m [38;5;3m[RouterExplorer] [39m[32mMapped {/api/v1/contracts/:id/risks, GET} route[39m[38;5;3m +1ms[39m
[32m[Nest] 34020  - [39m09/06/2026, 11:03:00 pm [32m    LOG[39m [38;5;3m[RouterExplorer] [39m[32mMapped {/api/v1/contracts/:id/clauses, POST} route[39m[38;5;3m +0ms[39m
[32m[Nest] 34020  - [39m09/06/2026, 11:03:00 pm [32m    LOG[39m [38;5;3m[RoutesResolver] [39m[32mNotebookController {/api/v1/notebook}:[39m[38;5;3m +0ms[39m
[32m[Nest] 34020  - [39m09/06/2026, 11:03:00 pm [32m    LOG[39m [38;5;3m[RouterExplorer] [39m[32mMapped {/api/v1/notebook/documents, GET} route[39m[38;5;3m +1ms[39m
[32m[Nest] 34020  - [39m09/06/2026, 11:03:00 pm [32m    LOG[39m [38;5;3m[RouterExplorer] [39m[32mMapped {/api/v1/notebook/documents/:id, GET} route[39m[38;5;3m +0ms[39m
[32m[Nest] 34020  - [39m09/06/2026, 11:03:00 pm [32m    LOG[39m [38;5;3m[RouterExplorer] [39m[32mMapped {/api/v1/notebook/documents/:id/preview, GET} route[39m[38;5;3m +0ms[39m
[32m[Nest] 34020  - [39m09/06/2026, 11:03:00 pm [32m    LOG[39m [38;5;3m[RouterExplorer] [39m[32mMapped {/api/v1/notebook/documents/:id/file, GET} route[39m[38;5;3m +1ms[39m
[32m[Nest] 34020  - [39m09/06/2026, 11:03:00 pm [32m    LOG[39m [38;5;3m[RouterExplorer] [39m[32mMapped {/api/v1/notebook/documents/:id/chunks, GET} route[39m[38;5;3m +0ms[39m
[32m[Nest] 34020  - [39m09/06/2026, 11:03:00 pm [32m    LOG[39m [38;5;3m[RouterExplorer] [39m[32mMapped {/api/v1/notebook/documents/:id/chat-history, GET} route[39m[38;5;3m +0ms[39m
[32m[Nest] 34020  - [39m09/06/2026, 11:03:00 pm [32m    LOG[39m [38;5;3m[RouterExplorer] [39m[32mMapped {/api/v1/notebook/documents/:id/reprocess, POST} route[39m[38;5;3m +0ms[39m
[32m[Nest] 34020  - [39m09/06/2026, 11:03:00 pm [32m    LOG[39m [38;5;3m[RouterExplorer] [39m[32mMapped {/api/v1/notebook/documents/:id/extraction, GET} route[39m[38;5;3m +1ms[39m
[32m[Nest] 34020  - [39m09/06/2026, 11:03:00 pm [32m    LOG[39m [38;5;3m[RouterExplorer] [39m[32mMapped {/api/v1/notebook/documents/:id/extraction, POST} route[39m[38;5;3m +0ms[39m
[32m[Nest] 34020  - [39m09/06/2026, 11:03:00 pm [32m    LOG[39m [38;5;3m[RouterExplorer] [39m[32mMapped {/api/v1/notebook/documents/:id/study-forge/generate, POST} route[39m[38;5;3m +0ms[39m
[32m[Nest] 34020  - [39m09/06/2026, 11:03:00 pm [32m    LOG[39m [38;5;3m[RouterExplorer] [39m[32mMapped {/api/v1/notebook/documents/:id/study-forge/flashcards/:cardId/rate, POST} route[39m[38;5;3m +1ms[39m
[32m[Nest] 34020  - [39m09/06/2026, 11:03:00 pm [32m    LOG[39m [38;5;3m[RouterExplorer] [39m[32mMapped {/api/v1/notebook/documents/:id/study-forge/quiz-attempt, POST} route[39m[38;5;3m +0ms[39m
[32m[Nest] 34020  - [39m09/06/2026, 11:03:00 pm [32m    LOG[39m [38;5;3m[RouterExplorer] [39m[32mMapped {/api/v1/notebook/graph, GET} route[39m[38;5;3m +0ms[39m
[32m[Nest] 34020  - [39m09/06/2026, 11:03:00 pm [32m    LOG[39m [38;5;3m[RouterExplorer] [39m[32mMapped {/api/v1/notebook/search, GET} route[39m[38;5;3m +1ms[39m
[32m[Nest] 34020  - [39m09/06/2026, 11:03:00 pm [32m    LOG[39m [38;5;3m[RouterExplorer] [39m[32mMapped {/api/v1/notebook/documents/:id, DELETE} route[39m[38;5;3m +0ms[39m
[32m[Nest] 34020  - [39m09/06/2026, 11:03:00 pm [32m    LOG[39m [38;5;3m[RouterExplorer] [39m[32mMapped {/api/v1/notebook/upload, POST} route[39m[38;5;3m +1ms[39m
[32m[Nest] 34020  - [39m09/06/2026, 11:03:00 pm [32m    LOG[39m [38;5;3m[RouterExplorer] [39m[32mMapped {/api/v1/notebook/chat, POST} route[39m[38;5;3m +0ms[39m
[32m[Nest] 34020  - [39m09/06/2026, 11:03:00 pm [32m    LOG[39m [38;5;3m[RoutesResolver] [39m[32mResearchController {/api/v1/research}:[39m[38;5;3m +0ms[39m
[32m[Nest] 34020  - [39m09/06/2026, 11:03:00 pm [32m    LOG[39m [38;5;3m[RouterExplorer] [39m[32mMapped {/api/v1/research/query, POST} route[39m[38;5;3m +1ms[39m
[32m[Nest] 34020  - [39m09/06/2026, 11:03:00 pm [32m    LOG[39m [38;5;3m[RouterExplorer] [39m[32mMapped {/api/v1/research/query/all, GET} route[39m[38;5;3m +0ms[39m
[32m[Nest] 34020  - [39m09/06/2026, 11:03:00 pm [32m    LOG[39m [38;5;3m[RouterExplorer] [39m[32mMapped {/api/v1/research/query/:id, GET} route[39m[38;5;3m +0ms[39m
[32m[Nest] 34020  - [39m09/06/2026, 11:03:00 pm [32m    LOG[39m [38;5;3m[RouterExplorer] [39m[32mMapped {/api/v1/research/report, POST} route[39m[38;5;3m +1ms[39m
[32m[Nest] 34020  - [39m09/06/2026, 11:03:00 pm [32m    LOG[39m [38;5;3m[RouterExplorer] [39m[32mMapped {/api/v1/research/report/:id, GET} route[39m[38;5;3m +0ms[39m
[32m[Nest] 34020  - [39m09/06/2026, 11:03:00 pm [32m    LOG[39m [38;5;3m[RouterExplorer] [39m[32mMapped {/api/v1/research/report/:id, PUT} route[39m[38;5;3m +0ms[39m
[32m[Nest] 34020  - [39m09/06/2026, 11:03:00 pm [32m    LOG[39m [38;5;3m[RouterExplorer] [39m[32mMapped {/api/v1/research/report/:id, DELETE} route[39m[38;5;3m +1ms[39m
[32m[Nest] 34020  - [39m09/06/2026, 11:03:00 pm [32m    LOG[39m [38;5;3m[RouterExplorer] [39m[32mMapped {/api/v1/research/note, POST} route[39m[38;5;3m +0ms[39m
[32m[Nest] 34020  - [39m09/06/2026, 11:03:00 pm [32m    LOG[39m [38;5;3m[RouterExplorer] [39m[32mMapped {/api/v1/research/note/:id, GET} route[39m[38;5;3m +1ms[39m
[32m[Nest] 34020  - [39m09/06/2026, 11:03:00 pm [32m    LOG[39m [38;5;3m[RouterExplorer] [39m[32mMapped {/api/v1/research/note/:id, PUT} route[39m[38;5;3m +0ms[39m
[32m[Nest] 34020  - [39m09/06/2026, 11:03:00 pm [32m    LOG[39m [38;5;3m[RouterExplorer] [39m[32mMapped {/api/v1/research/note/:id, DELETE} route[39m[38;5;3m +0ms[39m
[32m[Nest] 34020  - [39m09/06/2026, 11:03:00 pm [32m    LOG[39m [38;5;3m[RouterExplorer] [39m[32mMapped {/api/v1/research/source, POST} route[39m[38;5;3m +1ms[39m
[32m[Nest] 34020  - [39m09/06/2026, 11:03:00 pm [32m    LOG[39m [38;5;3m[RouterExplorer] [39m[32mMapped {/api/v1/research/source/:id, GET} route[39m[38;5;3m +0ms[39m
[32m[Nest] 34020  - [39m09/06/2026, 11:03:00 pm [32m    LOG[39m [38;5;3m[RouterExplorer] [39m[32mMapped {/api/v1/research/source/:id, DELETE} route[39m[38;5;3m +1ms[39m
[32m[Nest] 34020  - [39m09/06/2026, 11:03:00 pm [32m    LOG[39m [38;5;3m[RouterExplorer] [39m[32mMapped {/api/v1/research/save, POST} route[39m[38;5;3m +0ms[39m
[32m[Nest] 34020  - [39m09/06/2026, 11:03:00 pm [32m    LOG[39m [38;5;3m[RouterExplorer] [39m[32mMapped {/api/v1/research/save/all, GET} route[39m[38;5;3m +0ms[39m
[32m[Nest] 34020  - [39m09/06/2026, 11:03:00 pm [32m    LOG[39m [38;5;3m[RouterExplorer] [39m[32mMapped {/api/v1/research/save/:id, DELETE} route[39m[38;5;3m +1ms[39m
[32m[Nest] 34020  - [39m09/06/2026, 11:03:00 pm [32m    LOG[39m [38;5;3m[RouterExplorer] [39m[32mMapped {/api/v1/research/asset, POST} route[39m[38;5;3m +0ms[39m
[32m[Nest] 34020  - [39m09/06/2026, 11:03:00 pm [32m    LOG[39m [38;5;3m[RouterExplorer] [39m[32mMapped {/api/v1/research/upload, POST} route[39m[38;5;3m +0ms[39m
[32m[Nest] 34020  - [39m09/06/2026, 11:03:00 pm [32m    LOG[39m [38;5;3m[RouterExplorer] [39m[32mMapped {/api/v1/research/documents/:queryId, GET} route[39m[38;5;3m +1ms[39m
[32m[Nest] 34020  - [39m09/06/2026, 11:03:00 pm [32m    LOG[39m [38;5;3m[RouterExplorer] [39m[32mMapped {/api/v1/research/generate, POST} route[39m[38;5;3m +0ms[39m
[32m[Nest] 34020  - [39m09/06/2026, 11:03:00 pm [32m    LOG[39m [38;5;3m[RouterExplorer] [39m[32mMapped {/api/v1/research/challenge, POST} route[39m[38;5;3m +0ms[39m
[32m[Nest] 34020  - [39m09/06/2026, 11:03:00 pm [32m    LOG[39m [38;5;3m[RoutesResolver] [39m[32mIngestionController {/api/v1/ingestion}:[39m[38;5;3m +0ms[39m
[32m[Nest] 34020  - [39m09/06/2026, 11:03:00 pm [32m    LOG[39m [38;5;3m[RouterExplorer] [39m[32mMapped {/api/v1/ingestion/status, GET} route[39m[38;5;3m +1ms[39m
[32m[Nest] 34020  - [39m09/06/2026, 11:03:00 pm [32m    LOG[39m [38;5;3m[RouterExplorer] [39m[32mMapped {/api/v1/ingestion/init-collections, POST} route[39m[38;5;3m +0ms[39m
[32m[Nest] 34020  - [39m09/06/2026, 11:03:00 pm [32m    LOG[39m [38;5;3m[RouterExplorer] [39m[32mMapped {/api/v1/ingestion/ingest, POST} route[39m[38;5;3m +0ms[39m
[32m[Nest] 34020  - [39m09/06/2026, 11:03:00 pm [32m    LOG[39m [38;5;3m[RouterExplorer] [39m[32mMapped {/api/v1/ingestion/ingest-text, POST} route[39m[38;5;3m +1ms[39m
[32m[Nest] 34020  - [39m09/06/2026, 11:03:00 pm [32m    LOG[39m [38;5;3m[RouterExplorer] [39m[32mMapped {/api/v1/ingestion/ingest-batch, POST} route[39m[38;5;3m +0ms[39m
[32m[Nest] 34020  - [39m09/06/2026, 11:03:00 pm [32m    LOG[39m [38;5;3m[RoutesResolver] [39m[32mExamController {/api/v1/exam}:[39m[38;5;3m +0ms[39m
[32m[Nest] 34020  - [39m09/06/2026, 11:03:00 pm [32m    LOG[39m [38;5;3m[RouterExplorer] [39m[32mMapped {/api/v1/exam, POST} route[39m[38;5;3m +0ms[39m
[32m[Nest] 34020  - [39m09/06/2026, 11:03:00 pm [32m    LOG[39m [38;5;3m[RouterExplorer] [39m[32mMapped {/api/v1/exam, GET} route[39m[38;5;3m +1ms[39m
[32m[Nest] 34020  - [39m09/06/2026, 11:03:00 pm [32m    LOG[39m [38;5;3m[RouterExplorer] [39m[32mMapped {/api/v1/exam/:id, GET} route[39m[38;5;3m +0ms[39m
[32m[Nest] 34020  - [39m09/06/2026, 11:03:00 pm [32m    LOG[39m [38;5;3m[RouterExplorer] [39m[32mMapped {/api/v1/exam/:id/mock, POST} route[39m[38;5;3m +0ms[39m
[32m[Nest] 34020  - [39m09/06/2026, 11:03:00 pm [32m    LOG[39m [38;5;3m[RouterExplorer] [39m[32mMapped {/api/v1/exam/assistant, POST} route[39m[38;5;3m +0ms[39m
[32m[Nest] 34020  - [39m09/06/2026, 11:03:00 pm [32m    LOG[39m [38;5;3m[RouterExplorer] [39m[32mMapped {/api/v1/exam/dashboard/recommendations, GET} route[39m[38;5;3m +1ms[39m
[32m[Nest] 34020  - [39m09/06/2026, 11:03:00 pm [32m    LOG[39m [38;5;3m[RouterExplorer] [39m[32mMapped {/api/v1/exam/doubt-solve, POST} route[39m[38;5;3m +0ms[39m
[32m[Nest] 34020  - [39m09/06/2026, 11:03:00 pm [32m    LOG[39m [38;5;3m[RouterExplorer] [39m[32mMapped {/api/v1/exam/oauth-tokens, POST} route[39m[38;5;3m +1ms[39m
[32m[Nest] 34020  - [39m09/06/2026, 11:03:00 pm [32m    LOG[39m [38;5;3m[RouterExplorer] [39m[32mMapped {/api/v1/exam/dashboard/notifications, GET} route[39m[38;5;3m +0ms[39m
[32m[Nest] 34020  - [39m09/06/2026, 11:03:00 pm [32m    LOG[39m [38;5;3m[RouterExplorer] [39m[32mMapped {/api/v1/exam/dashboard/notifications/read, POST} route[39m[38;5;3m +0ms[39m
[32m[Nest] 34020  - [39m09/06/2026, 11:03:00 pm [32m    LOG[39m [38;5;3m[RouterExplorer] [39m[32mMapped {/api/v1/exam/calendar/events, GET} route[39m[38;5;3m +1ms[39m
[32m[Nest] 34020  - [39m09/06/2026, 11:03:00 pm [32m    LOG[39m [38;5;3m[RouterExplorer] [39m[32mMapped {/api/v1/exam/calendar/events, POST} route[39m[38;5;3m +0ms[39m
[32m[Nest] 34020  - [39m09/06/2026, 11:03:00 pm [32m    LOG[39m [38;5;3m[RoutesResolver] [39m[32mFounderSecurityController {/api/v1/founder-security}:[39m[38;5;3m +0ms[39m
[32m[Nest] 34020  - [39m09/06/2026, 11:03:00 pm [32m    LOG[39m [38;5;3m[RouterExplorer] [39m[32mMapped {/api/v1/founder-security/settings, GET} route[39m[38;5;3m +1ms[39m
[32m[Nest] 34020  - [39m09/06/2026, 11:03:00 pm [32m    LOG[39m [38;5;3m[RouterExplorer] [39m[32mMapped {/api/v1/founder-security/settings, PUT} route[39m[38;5;3m +0ms[39m
[32m[Nest] 34020  - [39m09/06/2026, 11:03:00 pm [32m    LOG[39m [38;5;3m[RouterExplorer] [39m[32mMapped {/api/v1/founder-security/events, GET} route[39m[38;5;3m +0ms[39m
[32m[Nest] 34020  - [39m09/06/2026, 11:03:00 pm [32m    LOG[39m [38;5;3m[RouterExplorer] [39m[32mMapped {/api/v1/founder-security/events, POST} route[39m[38;5;3m +1ms[39m
[32m[Nest] 34020  - [39m09/06/2026, 11:03:00 pm [32m    LOG[39m [38;5;3m[RouterExplorer] [39m[32mMapped {/api/v1/founder-security/clear-locks, GET} route[39m[38;5;3m +0ms[39m
[32m[Nest] 34020  - [39m09/06/2026, 11:03:00 pm [32m    LOG[39m [38;5;3m[RouterExplorer] [39m[32mMapped {/api/v1/founder-security/admin-login, POST} route[39m[38;5;3m +0ms[39m
[32m[Nest] 34020  - [39m09/06/2026, 11:03:00 pm [32m    LOG[39m [38;5;3m[RouterExplorer] [39m[32mMapped {/api/v1/founder-security/verify-question, POST} route[39m[38;5;3m +0ms[39m
[32m[Nest] 34020  - [39m09/06/2026, 11:03:00 pm [32m    LOG[39m [38;5;3m[RouterExplorer] [39m[32mMapped {/api/v1/founder-security/login-approve, GET} route[39m[38;5;3m +1ms[39m
[32m[Nest] 34020  - [39m09/06/2026, 11:03:00 pm [32m    LOG[39m [38;5;3m[RouterExplorer] [39m[32mMapped {/api/v1/founder-security/login-reject, GET} route[39m[38;5;3m +0ms[39m
[32m[Nest] 34020  - [39m09/06/2026, 11:03:00 pm [32m    LOG[39m [38;5;3m[RouterExplorer] [39m[32mMapped {/api/v1/founder-security/login-status, GET} route[39m[38;5;3m +0ms[39m
[32m[Nest] 34020  - [39m09/06/2026, 11:03:00 pm [32m    LOG[39m [38;5;3m[RoutesResolver] [39m[32mSecurityTestController {/api/v1/api/security}:[39m[38;5;3m +1ms[39m
[32m[Nest] 34020  - [39m09/06/2026, 11:03:00 pm [32m    LOG[39m [38;5;3m[RouterExplorer] [39m[32mMapped {/api/security/test-email, GET} route[39m[38;5;3m +0ms[39m
[32m[Nest] 34020  - [39m09/06/2026, 11:03:00 pm [32m    LOG[39m [38;5;3m[RouterExplorer] [39m[32mMapped {/api/security/test-email, POST} route[39m[38;5;3m +0ms[39m
[32m[Nest] 34020  - [39m09/06/2026, 11:03:00 pm [32m    LOG[39m [38;5;3m[QdrantService] [39m[32mInitializing Qdrant client with URL: https://dd284eb5-9c7e-4f0e-92fd-815f87684ce0.us-west-1-0.aws.cloud.qdrant.io[39m
[32m[Nest] 34020  - [39m09/06/2026, 11:03:00 pm [32m    LOG[39m [38;5;3m[QdrantService] [39m[32mTesting Qdrant connection...[39m
[32m[Nest] 34020  - [39m09/06/2026, 11:03:00 pm [32m    LOG[39m [38;5;3m[BgeM3Provider] [39m[32mInitializing BGE-M3 provider → http://localhost:8100[39m
[32m[Nest] 34020  - [39m09/06/2026, 11:03:00 pm [32m    LOG[39m [38;5;3m[NestApplication] [39m[32mNest application successfully started[39m[38;5;3m +10ms[39m
[LEGATRIXON SERVER] NestJS Engine running on: http://localhost:4000/api/v1
[33m[Nest] 34020  - [39m09/06/2026, 11:03:00 pm [33m   WARN[39m [38;5;3m[BgeM3Provider] [39m[33mBGE-M3 sidecar unreachable at http://localhost:8100: . Embeddings will fail until the sidecar is started.[39m
[32m[Nest] 34020  - [39m09/06/2026, 11:03:01 pm [32m    LOG[39m [38;5;3m[QdrantService] [39m[32mSuccessfully connected to Qdrant.[39m
[32m[Nest] 34020  - [39m09/06/2026, 11:03:01 pm [32m    LOG[39m [38;5;3m[QdrantService] [39m[32mCollection judgments already exists.[39m
[32m[Nest] 34020  - [39m09/06/2026, 11:03:02 pm [32m    LOG[39m [38;5;3m[QdrantService] [39m[32mCollection acts already exists.[39m
[32m[Nest] 34020  - [39m09/06/2026, 11:03:02 pm [32m    LOG[39m [38;5;3m[QdrantService] [39m[32mCollection research_papers already exists.[39m
[32m[Nest] 34020  - [39m09/06/2026, 11:03:02 pm [32m    LOG[39m [38;5;3m[QdrantService] [39m[32mCollection law_commission_reports already exists.[39m
[32m[Nest] 34020  - [39m09/06/2026, 11:03:03 pm [32m    LOG[39m [38;5;3m[QdrantService] [39m[32mCollection user_documents already exists.[39m
[33m[Nest] 34020  - [39m09/06/2026, 11:04:54 pm [33m   WARN[39m [38;5;3m[LegalDomainClassifierService] [39m[33mLegal intent classifier DeepSeek failed. Trying next classifier. Reason: Request failed with status code 402[39m
[33m[Nest] 34020  - [39m09/06/2026, 11:04:56 pm [33m   WARN[39m [38;5;3m[LegalDomainClassifierService] [39m[33mLegal intent classifier Gemini failed. Trying next classifier. Reason: Request failed with status code 429[39m
[33m[Nest] 34020  - [39m09/06/2026, 11:04:58 pm [33m   WARN[39m [38;5;3m[LegalDomainClassifierService] [39m[33mLegal intent classifier OpenAI failed. Trying next classifier. Reason: Request failed with status code 429[39m
[33m[Nest] 34020  - [39m09/06/2026, 11:04:58 pm [33m   WARN[39m [38;5;3m[LegalDomainClassifierService] [39m[33mLegal intent classifiers unavailable. Allowing query by uncertainty rule.[39m
[32m[Nest] 34020  - [39m09/06/2026, 11:04:58 pm [32m    LOG[39m [38;5;3m[LexMentorAiService] [39m[32mLexMentor Intent Detected: Definition Request[39m
[33m[Nest] 34020  - [39m09/06/2026, 11:04:58 pm [33m   WARN[39m [38;5;3m[LexMentorAiService] [39m[33mDeepSeek failed for LexMentor. Trying Gemini fallback. Reason: Request failed with status code 402[39m
[32m[Nest] 34020  - [39m09/06/2026, 11:04:58 pm [32m    LOG[39m [38;5;3m[LexMentorAiService] [39m[32mLexMentor Intent Detected: Definition Request[39m
[33m[Nest] 34020  - [39m09/06/2026, 11:04:59 pm [33m   WARN[39m [38;5;3m[LexMentorAiService] [39m[33mGemini fallback failed for LexMentor. Trying OpenAI fallback. Reason: Request failed with status code 429[39m
[32m[Nest] 34020  - [39m09/06/2026, 11:04:59 pm [32m    LOG[39m [38;5;3m[LexMentorAiService] [39m[32mLexMentor Intent Detected: Definition Request[39m
[2J[3J[H[[90m11:06:18 pm[0m] File change detected. Starting incremental compilation...

[96msrc/modules/chat/lexmentor-ai.service.ts[0m:[93m204[0m:[93m7[0m - [91merror[0m[90m TS2322: [0mType '"Article or Section Explanation"' is not assignable to type 'LegalResponseIntent'.

[7m204[0m       return 'Article or Section Explanation';
[7m   [0m [91m      ~~~~~~[0m

[96msrc/modules/chat/lexmentor-ai.service.ts[0m:[93m208[0m:[93m7[0m - [91merror[0m[90m TS2322: [0mType '"Drafting Request"' is not assignable to type 'LegalResponseIntent'.

[7m208[0m       return 'Drafting Request';
[7m   [0m [91m      ~~~~~~[0m

[96msrc/modules/chat/lexmentor-ai.service.ts[0m:[93m212[0m:[93m7[0m - [91merror[0m[90m TS2820: [0mType '"Case or Judgment Analysis"' is not assignable to type 'LegalResponseIntent'. Did you mean '"Judgment Analysis"'?

[7m212[0m       return 'Case or Judgment Analysis';
[7m   [0m [91m      ~~~~~~[0m

[96msrc/modules/chat/lexmentor-ai.service.ts[0m:[93m228[0m:[93m7[0m - [91merror[0m[90m TS2322: [0mType '"Compliance Query"' is not assignable to type 'LegalResponseIntent'.

[7m228[0m       return 'Compliance Query';
[7m   [0m [91m      ~~~~~~[0m

[96msrc/modules/chat/lexmentor-ai.service.ts[0m:[93m232[0m:[93m7[0m - [91merror[0m[90m TS2322: [0mType '"Concept Explanation"' is not assignable to type 'LegalResponseIntent'.

[7m232[0m       return 'Concept Explanation';
[7m   [0m [91m      ~~~~~~[0m

[96msrc/modules/chat/lexmentor-ai.service.ts[0m:[93m235[0m:[93m5[0m - [91merror[0m[90m TS2322: [0mType '"General Legal Answer"' is not assignable to type 'LegalResponseIntent'.

[7m235[0m     return 'General Legal Answer';
[7m   [0m [91m    ~~~~~~[0m

[[90m11:06:18 pm[0m] Found 6 errors. Watching for file changes.

[2J[3J[H[[90m11:06:31 pm[0m] File change detected. Starting incremental compilation...

[96msrc/modules/chat/lexmentor-ai.service.ts[0m:[93m203[0m:[93m7[0m - [91merror[0m[90m TS2322: [0mType '"Article or Section Explanation"' is not assignable to type 'LegalResponseIntent'.

[7m203[0m       return 'Article or Section Explanation';
[7m   [0m [91m      ~~~~~~[0m

[96msrc/modules/chat/lexmentor-ai.service.ts[0m:[93m207[0m:[93m7[0m - [91merror[0m[90m TS2322: [0mType '"Drafting Request"' is not assignable to type 'LegalResponseIntent'.

[7m207[0m       return 'Drafting Request';
[7m   [0m [91m      ~~~~~~[0m

[96msrc/modules/chat/lexmentor-ai.service.ts[0m:[93m211[0m:[93m7[0m - [91merror[0m[90m TS2820: [0mType '"Case or Judgment Analysis"' is not assignable to type 'LegalResponseIntent'. Did you mean '"Judgment Analysis"'?

[7m211[0m       return 'Case or Judgment Analysis';
[7m   [0m [91m      ~~~~~~[0m

[96msrc/modules/chat/lexmentor-ai.service.ts[0m:[93m227[0m:[93m7[0m - [91merror[0m[90m TS2322: [0mType '"Compliance Query"' is not assignable to type 'LegalResponseIntent'.

[7m227[0m       return 'Compliance Query';
[7m   [0m [91m      ~~~~~~[0m

[96msrc/modules/chat/lexmentor-ai.service.ts[0m:[93m231[0m:[93m7[0m - [91merror[0m[90m TS2322: [0mType '"Concept Explanation"' is not assignable to type 'LegalResponseIntent'.

[7m231[0m       return 'Concept Explanation';
[7m   [0m [91m      ~~~~~~[0m

[96msrc/modules/chat/lexmentor-ai.service.ts[0m:[93m234[0m:[93m5[0m - [91merror[0m[90m TS2322: [0mType '"General Legal Answer"' is not assignable to type 'LegalResponseIntent'.

[7m234[0m     return 'General Legal Answer';
[7m   [0m [91m    ~~~~~~[0m

[[90m11:06:32 pm[0m] Found 6 errors. Watching for file changes.

[2J[3J[H[[90m11:06:53 pm[0m] File change detected. Starting incremental compilation...

[96msrc/modules/chat/lexmentor-ai.service.ts[0m:[93m200[0m:[93m7[0m - [91merror[0m[90m TS2322: [0mType '"Article or Section Explanation"' is not assignable to type 'LegalResponseIntent'.

[7m200[0m       return 'Article or Section Explanation';
[7m   [0m [91m      ~~~~~~[0m

[96msrc/modules/chat/lexmentor-ai.service.ts[0m:[93m204[0m:[93m7[0m - [91merror[0m[90m TS2322: [0mType '"Drafting Request"' is not assignable to type 'LegalResponseIntent'.

[7m204[0m       return 'Drafting Request';
[7m   [0m [91m      ~~~~~~[0m

[96msrc/modules/chat/lexmentor-ai.service.ts[0m:[93m208[0m:[93m7[0m - [91merror[0m[90m TS2820: [0mType '"Case or Judgment Analysis"' is not assignable to type 'LegalResponseIntent'. Did you mean '"Judgment Analysis"'?

[7m208[0m       return 'Case or Judgment Analysis';
[7m   [0m [91m      ~~~~~~[0m

[96msrc/modules/chat/lexmentor-ai.service.ts[0m:[93m224[0m:[93m7[0m - [91merror[0m[90m TS2322: [0mType '"Compliance Query"' is not assignable to type 'LegalResponseIntent'.

[7m224[0m       return 'Compliance Query';
[7m   [0m [91m      ~~~~~~[0m

[96msrc/modules/chat/lexmentor-ai.service.ts[0m:[93m228[0m:[93m7[0m - [91merror[0m[90m TS2322: [0mType '"Concept Explanation"' is not assignable to type 'LegalResponseIntent'.

[7m228[0m       return 'Concept Explanation';
[7m   [0m [91m      ~~~~~~[0m

[96msrc/modules/chat/lexmentor-ai.service.ts[0m:[93m231[0m:[93m5[0m - [91merror[0m[90m TS2322: [0mType '"General Legal Answer"' is not assignable to type 'LegalResponseIntent'.

[7m231[0m     return 'General Legal Answer';
[7m   [0m [91m    ~~~~~~[0m

[[90m11:06:53 pm[0m] Found 6 errors. Watching for file changes.

[2J[3J[H[[90m11:07:26 pm[0m] File change detected. Starting incremental compilation...

[[90m11:07:26 pm[0m] Found 0 errors. Watching for file changes.

[32m[Nest] 14812  - [39m09/06/2026, 11:07:28 pm [32m    LOG[39m [38;5;3m[NestFactory] [39m[32mStarting Nest application...[39m
[32m[Nest] 14812  - [39m09/06/2026, 11:07:28 pm [32m    LOG[39m [38;5;3m[InstanceLoader] [39m[32mAppModule dependencies initialized[39m[38;5;3m +26ms[39m
[32m[Nest] 14812  - [39m09/06/2026, 11:07:28 pm [32m    LOG[39m [38;5;3m[InstanceLoader] [39m[32mTypeOrmModule dependencies initialized[39m[38;5;3m +1ms[39m
[32m[Nest] 14812  - [39m09/06/2026, 11:07:28 pm [32m    LOG[39m [38;5;3m[InstanceLoader] [39m[32mLegalDomainModule dependencies initialized[39m[38;5;3m +0ms[39m
[32m[Nest] 14812  - [39m09/06/2026, 11:07:28 pm [32m    LOG[39m [38;5;3m[InstanceLoader] [39m[32mRetrievalModule dependencies initialized[39m[38;5;3m +1ms[39m
[32m[Nest] 14812  - [39m09/06/2026, 11:07:28 pm [32m    LOG[39m [38;5;3m[InstanceLoader] [39m[32mJudgmentModule dependencies initialized[39m[38;5;3m +0ms[39m
[32m[Nest] 14812  - [39m09/06/2026, 11:07:28 pm [32m    LOG[39m [38;5;3m[InstanceLoader] [39m[32mContractModule dependencies initialized[39m[38;5;3m +0ms[39m
[32m[Nest] 14812  - [39m09/06/2026, 11:07:28 pm [32m    LOG[39m [38;5;3m[InstanceLoader] [39m[32mChatModule dependencies initialized[39m[38;5;3m +1ms[39m
[32m[Nest] 14812  - [39m09/06/2026, 11:07:28 pm [32m    LOG[39m [38;5;3m[InstanceLoader] [39m[32mIngestionModule dependencies initialized[39m[38;5;3m +0ms[39m
[32m[Nest] 14812  - [39m09/06/2026, 11:07:28 pm [32m    LOG[39m [38;5;3m[InstanceLoader] [39m[32mTypeOrmCoreModule dependencies initialized[39m[38;5;3m +45ms[39m
[32m[Nest] 14812  - [39m09/06/2026, 11:07:28 pm [32m    LOG[39m [38;5;3m[InstanceLoader] [39m[32mTypeOrmModule dependencies initialized[39m[38;5;3m +0ms[39m
[32m[Nest] 14812  - [39m09/06/2026, 11:07:28 pm [32m    LOG[39m [38;5;3m[InstanceLoader] [39m[32mTypeOrmModule dependencies initialized[39m[38;5;3m +1ms[39m
[32m[Nest] 14812  - [39m09/06/2026, 11:07:28 pm [32m    LOG[39m [38;5;3m[InstanceLoader] [39m[32mTypeOrmModule dependencies initialized[39m[38;5;3m +0ms[39m
[32m[Nest] 14812  - [39m09/06/2026, 11:07:28 pm [32m    LOG[39m [38;5;3m[InstanceLoader] [39m[32mTypeOrmModule dependencies initialized[39m[38;5;3m +0ms[39m
[32m[Nest] 14812  - [39m09/06/2026, 11:07:28 pm [32m    LOG[39m [38;5;3m[InstanceLoader] [39m[32mFounderSecurityModule dependencies initialized[39m[38;5;3m +1ms[39m
[32m[Nest] 14812  - [39m09/06/2026, 11:07:28 pm [32m    LOG[39m [38;5;3m[InstanceLoader] [39m[32mResearchModule dependencies initialized[39m[38;5;3m +1ms[39m
[32m[Nest] 14812  - [39m09/06/2026, 11:07:28 pm [32m    LOG[39m [38;5;3m[InstanceLoader] [39m[32mNotebookModule dependencies initialized[39m[38;5;3m +0ms[39m
[32m[Nest] 14812  - [39m09/06/2026, 11:07:28 pm [32m    LOG[39m [38;5;3m[InstanceLoader] [39m[32mExamModule dependencies initialized[39m[38;5;3m +0ms[39m
[32m[Nest] 14812  - [39m09/06/2026, 11:07:28 pm [32m    LOG[39m [38;5;3m[RoutesResolver] [39m[32mJudgmentController {/api/v1/judgments}:[39m[38;5;3m +28ms[39m
[32m[Nest] 14812  - [39m09/06/2026, 11:07:28 pm [32m    LOG[39m [38;5;3m[RouterExplorer] [39m[32mMapped {/api/v1/judgments/upload, POST} route[39m[38;5;3m +2ms[39m
[32m[Nest] 14812  - [39m09/06/2026, 11:07:28 pm [32m    LOG[39m [38;5;3m[RouterExplorer] [39m[32mMapped {/api/v1/judgments/:id/structure, GET} route[39m[38;5;3m +1ms[39m
[32m[Nest] 14812  - [39m09/06/2026, 11:07:28 pm [32m    LOG[39m [38;5;3m[RouterExplorer] [39m[32mMapped {/api/v1/judgments/:id/explain, POST} route[39m[38;5;3m +1ms[39m
[32m[Nest] 14812  - [39m09/06/2026, 11:07:28 pm [32m    LOG[39m [38;5;3m[RoutesResolver] [39m[32mChatController {/api/v1/chat}:[39m[38;5;3m +0ms[39m
[32m[Nest] 14812  - [39m09/06/2026, 11:07:28 pm [32m    LOG[39m [38;5;3m[RouterExplorer] [39m[32mMapped {/api/v1/chat/message, POST} route[39m[38;5;3m +1ms[39m
[32m[Nest] 14812  - [39m09/06/2026, 11:07:28 pm [32m    LOG[39m [38;5;3m[RouterExplorer] [39m[32mMapped {/api/v1/chat/history/:sessionId, GET} route[39m[38;5;3m +1ms[39m
[32m[Nest] 14812  - [39m09/06/2026, 11:07:28 pm [32m    LOG[39m [38;5;3m[RouterExplorer] [39m[32mMapped {/api/v1/chat/history/:sessionId, DELETE} route[39m[38;5;3m +0ms[39m
[32m[Nest] 14812  - [39m09/06/2026, 11:07:28 pm [32m    LOG[39m [38;5;3m[RouterExplorer] [39m[32mMapped {/api/v1/chat/search, POST} route[39m[38;5;3m +1ms[39m
[32m[Nest] 14812  - [39m09/06/2026, 11:07:28 pm [32m    LOG[39m [38;5;3m[RouterExplorer] [39m[32mMapped {/api/v1/chat/citations/:messageId, GET} route[39m[38;5;3m +0ms[39m
[32m[Nest] 14812  - [39m09/06/2026, 11:07:28 pm [32m    LOG[39m [38;5;3m[RoutesResolver] [39m[32mContractController {/api/v1/contracts}:[39m[38;5;3m +0ms[39m
[32m[Nest] 14812  - [39m09/06/2026, 11:07:28 pm [32m    LOG[39m [38;5;3m[RouterExplorer] [39m[32mMapped {/api/v1/contracts/review, POST} route[39m[38;5;3m +1ms[39m
[32m[Nest] 14812  - [39m09/06/2026, 11:07:28 pm [32m    LOG[39m [38;5;3m[RouterExplorer] [39m[32mMapped {/api/v1/contracts/:id/risks, GET} route[39m[38;5;3m +1ms[39m
[32m[Nest] 14812  - [39m09/06/2026, 11:07:28 pm [32m    LOG[39m [38;5;3m[RouterExplorer] [39m[32mMapped {/api/v1/contracts/:id/clauses, POST} route[39m[38;5;3m +0ms[39m
[32m[Nest] 14812  - [39m09/06/2026, 11:07:28 pm [32m    LOG[39m [38;5;3m[RoutesResolver] [39m[32mNotebookController {/api/v1/notebook}:[39m[38;5;3m +0ms[39m
[32m[Nest] 14812  - [39m09/06/2026, 11:07:28 pm [32m    LOG[39m [38;5;3m[RouterExplorer] [39m[32mMapped {/api/v1/notebook/documents, GET} route[39m[38;5;3m +1ms[39m
[32m[Nest] 14812  - [39m09/06/2026, 11:07:28 pm [32m    LOG[39m [38;5;3m[RouterExplorer] [39m[32mMapped {/api/v1/notebook/documents/:id, GET} route[39m[38;5;3m +0ms[39m
[32m[Nest] 14812  - [39m09/06/2026, 11:07:28 pm [32m    LOG[39m [38;5;3m[RouterExplorer] [39m[32mMapped {/api/v1/notebook/documents/:id/preview, GET} route[39m[38;5;3m +0ms[39m
[32m[Nest] 14812  - [39m09/06/2026, 11:07:28 pm [32m    LOG[39m [38;5;3m[RouterExplorer] [39m[32mMapped {/api/v1/notebook/documents/:id/file, GET} route[39m[38;5;3m +1ms[39m
[32m[Nest] 14812  - [39m09/06/2026, 11:07:28 pm [32m    LOG[39m [38;5;3m[RouterExplorer] [39m[32mMapped {/api/v1/notebook/documents/:id/chunks, GET} route[39m[38;5;3m +0ms[39m
[32m[Nest] 14812  - [39m09/06/2026, 11:07:28 pm [32m    LOG[39m [38;5;3m[RouterExplorer] [39m[32mMapped {/api/v1/notebook/documents/:id/chat-history, GET} route[39m[38;5;3m +0ms[39m
[32m[Nest] 14812  - [39m09/06/2026, 11:07:28 pm [32m    LOG[39m [38;5;3m[RouterExplorer] [39m[32mMapped {/api/v1/notebook/documents/:id/reprocess, POST} route[39m[38;5;3m +1ms[39m
[32m[Nest] 14812  - [39m09/06/2026, 11:07:28 pm [32m    LOG[39m [38;5;3m[RouterExplorer] [39m[32mMapped {/api/v1/notebook/documents/:id/extraction, GET} route[39m[38;5;3m +0ms[39m
[32m[Nest] 14812  - [39m09/06/2026, 11:07:28 pm [32m    LOG[39m [38;5;3m[RouterExplorer] [39m[32mMapped {/api/v1/notebook/documents/:id/extraction, POST} route[39m[38;5;3m +0ms[39m
[32m[Nest] 14812  - [39m09/06/2026, 11:07:28 pm [32m    LOG[39m [38;5;3m[RouterExplorer] [39m[32mMapped {/api/v1/notebook/documents/:id/study-forge/generate, POST} route[39m[38;5;3m +1ms[39m
[32m[Nest] 14812  - [39m09/06/2026, 11:07:28 pm [32m    LOG[39m [38;5;3m[RouterExplorer] [39m[32mMapped {/api/v1/notebook/documents/:id/study-forge/flashcards/:cardId/rate, POST} route[39m[38;5;3m +0ms[39m
[32m[Nest] 14812  - [39m09/06/2026, 11:07:28 pm [32m    LOG[39m [38;5;3m[RouterExplorer] [39m[32mMapped {/api/v1/notebook/documents/:id/study-forge/quiz-attempt, POST} route[39m[38;5;3m +0ms[39m
[32m[Nest] 14812  - [39m09/06/2026, 11:07:28 pm [32m    LOG[39m [38;5;3m[RouterExplorer] [39m[32mMapped {/api/v1/notebook/graph, GET} route[39m[38;5;3m +0ms[39m
[32m[Nest] 14812  - [39m09/06/2026, 11:07:28 pm [32m    LOG[39m [38;5;3m[RouterExplorer] [39m[32mMapped {/api/v1/notebook/search, GET} route[39m[38;5;3m +1ms[39m
[32m[Nest] 14812  - [39m09/06/2026, 11:07:28 pm [32m    LOG[39m [38;5;3m[RouterExplorer] [39m[32mMapped {/api/v1/notebook/documents/:id, DELETE} route[39m[38;5;3m +0ms[39m
[32m[Nest] 14812  - [39m09/06/2026, 11:07:28 pm [32m    LOG[39m [38;5;3m[RouterExplorer] [39m[32mMapped {/api/v1/notebook/upload, POST} route[39m[38;5;3m +0ms[39m
[32m[Nest] 14812  - [39m09/06/2026, 11:07:28 pm [32m    LOG[39m [38;5;3m[RouterExplorer] [39m[32mMapped {/api/v1/notebook/chat, POST} route[39m[38;5;3m +1ms[39m
[32m[Nest] 14812  - [39m09/06/2026, 11:07:28 pm [32m    LOG[39m [38;5;3m[RoutesResolver] [39m[32mResearchController {/api/v1/research}:[39m[38;5;3m +0ms[39m
[32m[Nest] 14812  - [39m09/06/2026, 11:07:28 pm [32m    LOG[39m [38;5;3m[RouterExplorer] [39m[32mMapped {/api/v1/research/query, POST} route[39m[38;5;3m +0ms[39m
[32m[Nest] 14812  - [39m09/06/2026, 11:07:28 pm [32m    LOG[39m [38;5;3m[RouterExplorer] [39m[32mMapped {/api/v1/research/query/all, GET} route[39m[38;5;3m +0ms[39m
[32m[Nest] 14812  - [39m09/06/2026, 11:07:28 pm [32m    LOG[39m [38;5;3m[RouterExplorer] [39m[32mMapped {/api/v1/research/query/:id, GET} route[39m[38;5;3m +1ms[39m
[32m[Nest] 14812  - [39m09/06/2026, 11:07:28 pm [32m    LOG[39m [38;5;3m[RouterExplorer] [39m[32mMapped {/api/v1/research/report, POST} route[39m[38;5;3m +0ms[39m
[32m[Nest] 14812  - [39m09/06/2026, 11:07:28 pm [32m    LOG[39m [38;5;3m[RouterExplorer] [39m[32mMapped {/api/v1/research/report/:id, GET} route[39m[38;5;3m +0ms[39m
[32m[Nest] 14812  - [39m09/06/2026, 11:07:28 pm [32m    LOG[39m [38;5;3m[RouterExplorer] [39m[32mMapped {/api/v1/research/report/:id, PUT} route[39m[38;5;3m +0ms[39m
[32m[Nest] 14812  - [39m09/06/2026, 11:07:28 pm [32m    LOG[39m [38;5;3m[RouterExplorer] [39m[32mMapped {/api/v1/research/report/:id, DELETE} route[39m[38;5;3m +1ms[39m
[32m[Nest] 14812  - [39m09/06/2026, 11:07:28 pm [32m    LOG[39m [38;5;3m[RouterExplorer] [39m[32mMapped {/api/v1/research/note, POST} route[39m[38;5;3m +0ms[39m
[32m[Nest] 14812  - [39m09/06/2026, 11:07:28 pm [32m    LOG[39m [38;5;3m[RouterExplorer] [39m[32mMapped {/api/v1/research/note/:id, GET} route[39m[38;5;3m +0ms[39m
[32m[Nest] 14812  - [39m09/06/2026, 11:07:28 pm [32m    LOG[39m [38;5;3m[RouterExplorer] [39m[32mMapped {/api/v1/research/note/:id, PUT} route[39m[38;5;3m +0ms[39m
[32m[Nest] 14812  - [39m09/06/2026, 11:07:28 pm [32m    LOG[39m [38;5;3m[RouterExplorer] [39m[32mMapped {/api/v1/research/note/:id, DELETE} route[39m[38;5;3m +1ms[39m
[32m[Nest] 14812  - [39m09/06/2026, 11:07:28 pm [32m    LOG[39m [38;5;3m[RouterExplorer] [39m[32mMapped {/api/v1/research/source, POST} route[39m[38;5;3m +0ms[39m
[32m[Nest] 14812  - [39m09/06/2026, 11:07:28 pm [32m    LOG[39m [38;5;3m[RouterExplorer] [39m[32mMapped {/api/v1/research/source/:id, GET} route[39m[38;5;3m +0ms[39m
[32m[Nest] 14812  - [39m09/06/2026, 11:07:28 pm [32m    LOG[39m [38;5;3m[RouterExplorer] [39m[32mMapped {/api/v1/research/source/:id, DELETE} route[39m[38;5;3m +1ms[39m
[32m[Nest] 14812  - [39m09/06/2026, 11:07:28 pm [32m    LOG[39m [38;5;3m[RouterExplorer] [39m[32mMapped {/api/v1/research/save, POST} route[39m[38;5;3m +0ms[39m
[32m[Nest] 14812  - [39m09/06/2026, 11:07:28 pm [32m    LOG[39m [38;5;3m[RouterExplorer] [39m[32mMapped {/api/v1/research/save/all, GET} route[39m[38;5;3m +0ms[39m
[32m[Nest] 14812  - [39m09/06/2026, 11:07:28 pm [32m    LOG[39m [38;5;3m[RouterExplorer] [39m[32mMapped {/api/v1/research/save/:id, DELETE} route[39m[38;5;3m +0ms[39m
[32m[Nest] 14812  - [39m09/06/2026, 11:07:28 pm [32m    LOG[39m [38;5;3m[RouterExplorer] [39m[32mMapped {/api/v1/research/asset, POST} route[39m[38;5;3m +1ms[39m
[32m[Nest] 14812  - [39m09/06/2026, 11:07:28 pm [32m    LOG[39m [38;5;3m[RouterExplorer] [39m[32mMapped {/api/v1/research/upload, POST} route[39m[38;5;3m +0ms[39m
[32m[Nest] 14812  - [39m09/06/2026, 11:07:28 pm [32m    LOG[39m [38;5;3m[RouterExplorer] [39m[32mMapped {/api/v1/research/documents/:queryId, GET} route[39m[38;5;3m +0ms[39m
[32m[Nest] 14812  - [39m09/06/2026, 11:07:28 pm [32m    LOG[39m [38;5;3m[RouterExplorer] [39m[32mMapped {/api/v1/research/generate, POST} route[39m[38;5;3m +1ms[39m
[32m[Nest] 14812  - [39m09/06/2026, 11:07:28 pm [32m    LOG[39m [38;5;3m[RouterExplorer] [39m[32mMapped {/api/v1/research/challenge, POST} route[39m[38;5;3m +0ms[39m
[32m[Nest] 14812  - [39m09/06/2026, 11:07:28 pm [32m    LOG[39m [38;5;3m[RoutesResolver] [39m[32mIngestionController {/api/v1/ingestion}:[39m[38;5;3m +0ms[39m
[32m[Nest] 14812  - [39m09/06/2026, 11:07:28 pm [32m    LOG[39m [38;5;3m[RouterExplorer] [39m[32mMapped {/api/v1/ingestion/status, GET} route[39m[38;5;3m +0ms[39m
[32m[Nest] 14812  - [39m09/06/2026, 11:07:28 pm [32m    LOG[39m [38;5;3m[RouterExplorer] [39m[32mMapped {/api/v1/ingestion/init-collections, POST} route[39m[38;5;3m +1ms[39m
[32m[Nest] 14812  - [39m09/06/2026, 11:07:28 pm [32m    LOG[39m [38;5;3m[RouterExplorer] [39m[32mMapped {/api/v1/ingestion/ingest, POST} route[39m[38;5;3m +0ms[39m
[32m[Nest] 14812  - [39m09/06/2026, 11:07:28 pm [32m    LOG[39m [38;5;3m[RouterExplorer] [39m[32mMapped {/api/v1/ingestion/ingest-text, POST} route[39m[38;5;3m +0ms[39m
[32m[Nest] 14812  - [39m09/06/2026, 11:07:28 pm [32m    LOG[39m [38;5;3m[RouterExplorer] [39m[32mMapped {/api/v1/ingestion/ingest-batch, POST} route[39m[38;5;3m +1ms[39m
[32m[Nest] 14812  - [39m09/06/2026, 11:07:28 pm [32m    LOG[39m [38;5;3m[RoutesResolver] [39m[32mExamController {/api/v1/exam}:[39m[38;5;3m +0ms[39m
[32m[Nest] 14812  - [39m09/06/2026, 11:07:28 pm [32m    LOG[39m [38;5;3m[RouterExplorer] [39m[32mMapped {/api/v1/exam, POST} route[39m[38;5;3m +0ms[39m
[32m[Nest] 14812  - [39m09/06/2026, 11:07:28 pm [32m    LOG[39m [38;5;3m[RouterExplorer] [39m[32mMapped {/api/v1/exam, GET} route[39m[38;5;3m +0ms[39m
[32m[Nest] 14812  - [39m09/06/2026, 11:07:28 pm [32m    LOG[39m [38;5;3m[RouterExplorer] [39m[32mMapped {/api/v1/exam/:id, GET} route[39m[38;5;3m +1ms[39m
[32m[Nest] 14812  - [39m09/06/2026, 11:07:28 pm [32m    LOG[39m [38;5;3m[RouterExplorer] [39m[32mMapped {/api/v1/exam/:id/mock, POST} route[39m[38;5;3m +0ms[39m
[32m[Nest] 14812  - [39m09/06/2026, 11:07:28 pm [32m    LOG[39m [38;5;3m[RouterExplorer] [39m[32mMapped {/api/v1/exam/assistant, POST} route[39m[38;5;3m +1ms[39m
[32m[Nest] 14812  - [39m09/06/2026, 11:07:28 pm [32m    LOG[39m [38;5;3m[RouterExplorer] [39m[32mMapped {/api/v1/exam/dashboard/recommendations, GET} route[39m[38;5;3m +0ms[39m
[32m[Nest] 14812  - [39m09/06/2026, 11:07:28 pm [32m    LOG[39m [38;5;3m[RouterExplorer] [39m[32mMapped {/api/v1/exam/doubt-solve, POST} route[39m[38;5;3m +0ms[39m
[32m[Nest] 14812  - [39m09/06/2026, 11:07:28 pm [32m    LOG[39m [38;5;3m[RouterExplorer] [39m[32mMapped {/api/v1/exam/oauth-tokens, POST} route[39m[38;5;3m +1ms[39m
[32m[Nest] 14812  - [39m09/06/2026, 11:07:28 pm [32m    LOG[39m [38;5;3m[RouterExplorer] [39m[32mMapped {/api/v1/exam/dashboard/notifications, GET} route[39m[38;5;3m +0ms[39m
[32m[Nest] 14812  - [39m09/06/2026, 11:07:28 pm [32m    LOG[39m [38;5;3m[RouterExplorer] [39m[32mMapped {/api/v1/exam/dashboard/notifications/read, POST} route[39m[38;5;3m +0ms[39m
[32m[Nest] 14812  - [39m09/06/2026, 11:07:28 pm [32m    LOG[39m [38;5;3m[RouterExplorer] [39m[32mMapped {/api/v1/exam/calendar/events, GET} route[39m[38;5;3m +1ms[39m
[32m[Nest] 14812  - [39m09/06/2026, 11:07:28 pm [32m    LOG[39m [38;5;3m[RouterExplorer] [39m[32mMapped {/api/v1/exam/calendar/events, POST} route[39m[38;5;3m +0ms[39m
[32m[Nest] 14812  - [39m09/06/2026, 11:07:28 pm [32m    LOG[39m [38;5;3m[RoutesResolver] [39m[32mFounderSecurityController {/api/v1/founder-security}:[39m[38;5;3m +1ms[39m
[32m[Nest] 14812  - [39m09/06/2026, 11:07:28 pm [32m    LOG[39m [38;5;3m[RouterExplorer] [39m[32mMapped {/api/v1/founder-security/settings, GET} route[39m[38;5;3m +0ms[39m
[32m[Nest] 14812  - [39m09/06/2026, 11:07:28 pm [32m    LOG[39m [38;5;3m[RouterExplorer] [39m[32mMapped {/api/v1/founder-security/settings, PUT} route[39m[38;5;3m +1ms[39m
[32m[Nest] 14812  - [39m09/06/2026, 11:07:28 pm [32m    LOG[39m [38;5;3m[RouterExplorer] [39m[32mMapped {/api/v1/founder-security/events, GET} route[39m[38;5;3m +0ms[39m
[32m[Nest] 14812  - [39m09/06/2026, 11:07:28 pm [32m    LOG[39m [38;5;3m[RouterExplorer] [39m[32mMapped {/api/v1/founder-security/events, POST} route[39m[38;5;3m +0ms[39m
[32m[Nest] 14812  - [39m09/06/2026, 11:07:28 pm [32m    LOG[39m [38;5;3m[RouterExplorer] [39m[32mMapped {/api/v1/founder-security/clear-locks, GET} route[39m[38;5;3m +0ms[39m
[32m[Nest] 14812  - [39m09/06/2026, 11:07:28 pm [32m    LOG[39m [38;5;3m[RouterExplorer] [39m[32mMapped {/api/v1/founder-security/admin-login, POST} route[39m[38;5;3m +1ms[39m
[32m[Nest] 14812  - [39m09/06/2026, 11:07:28 pm [32m    LOG[39m [38;5;3m[RouterExplorer] [39m[32mMapped {/api/v1/founder-security/verify-question, POST} route[39m[38;5;3m +0ms[39m
[32m[Nest] 14812  - [39m09/06/2026, 11:07:28 pm [32m    LOG[39m [38;5;3m[RouterExplorer] [39m[32mMapped {/api/v1/founder-security/login-approve, GET} route[39m[38;5;3m +0ms[39m
[32m[Nest] 14812  - [39m09/06/2026, 11:07:28 pm [32m    LOG[39m [38;5;3m[RouterExplorer] [39m[32mMapped {/api/v1/founder-security/login-reject, GET} route[39m[38;5;3m +0ms[39m
[32m[Nest] 14812  - [39m09/06/2026, 11:07:28 pm [32m    LOG[39m [38;5;3m[RouterExplorer] [39m[32mMapped {/api/v1/founder-security/login-status, GET} route[39m[38;5;3m +1ms[39m
[32m[Nest] 14812  - [39m09/06/2026, 11:07:28 pm [32m    LOG[39m [38;5;3m[RoutesResolver] [39m[32mSecurityTestController {/api/v1/api/security}:[39m[38;5;3m +0ms[39m
[32m[Nest] 14812  - [39m09/06/2026, 11:07:28 pm [32m    LOG[39m [38;5;3m[RouterExplorer] [39m[32mMapped {/api/security/test-email, GET} route[39m[38;5;3m +0ms[39m
[32m[Nest] 14812  - [39m09/06/2026, 11:07:28 pm [32m    LOG[39m [38;5;3m[RouterExplorer] [39m[32mMapped {/api/security/test-email, POST} route[39m[38;5;3m +0ms[39m
[32m[Nest] 14812  - [39m09/06/2026, 11:07:28 pm [32m    LOG[39m [38;5;3m[QdrantService] [39m[32mInitializing Qdrant client with URL: https://dd284eb5-9c7e-4f0e-92fd-815f87684ce0.us-west-1-0.aws.cloud.qdrant.io[39m
[32m[Nest] 14812  - [39m09/06/2026, 11:07:28 pm [32m    LOG[39m [38;5;3m[QdrantService] [39m[32mTesting Qdrant connection...[39m
[32m[Nest] 14812  - [39m09/06/2026, 11:07:28 pm [32m    LOG[39m [38;5;3m[BgeM3Provider] [39m[32mInitializing BGE-M3 provider → http://localhost:8100[39m
[32m[Nest] 14812  - [39m09/06/2026, 11:07:28 pm [32m    LOG[39m [38;5;3m[NestApplication] [39m[32mNest application successfully started[39m[38;5;3m +9ms[39m
[LEGATRIXON SERVER] NestJS Engine running on: http://localhost:4000/api/v1
[33m[Nest] 14812  - [39m09/06/2026, 11:07:28 pm [33m   WARN[39m [38;5;3m[BgeM3Provider] [39m[33mBGE-M3 sidecar unreachable at http://localhost:8100: . Embeddings will fail until the sidecar is started.[39m
[32m[Nest] 14812  - [39m09/06/2026, 11:07:29 pm [32m    LOG[39m [38;5;3m[QdrantService] [39m[32mSuccessfully connected to Qdrant.[39m
[32m[Nest] 14812  - [39m09/06/2026, 11:07:30 pm [32m    LOG[39m [38;5;3m[QdrantService] [39m[32mCollection judgments already exists.[39m
[32m[Nest] 14812  - [39m09/06/2026, 11:07:30 pm [32m    LOG[39m [38;5;3m[QdrantService] [39m[32mCollection acts already exists.[39m
[32m[Nest] 14812  - [39m09/06/2026, 11:07:30 pm [32m    LOG[39m [38;5;3m[QdrantService] [39m[32mCollection research_papers already exists.[39m
[32m[Nest] 14812  - [39m09/06/2026, 11:07:31 pm [32m    LOG[39m [38;5;3m[QdrantService] [39m[32mCollection law_commission_reports already exists.[39m
[32m[Nest] 14812  - [39m09/06/2026, 11:07:31 pm [32m    LOG[39m [38;5;3m[QdrantService] [39m[32mCollection user_documents already exists.[39m
[2J[3J[H[[90m11:07:45 pm[0m] File change detected. Starting incremental compilation...

[[90m11:07:46 pm[0m] Found 0 errors. Watching for file changes.

[32m[Nest] 15228  - [39m09/06/2026, 11:07:47 pm [32m    LOG[39m [38;5;3m[NestFactory] [39m[32mStarting Nest application...[39m
[32m[Nest] 15228  - [39m09/06/2026, 11:07:47 pm [32m    LOG[39m [38;5;3m[InstanceLoader] [39m[32mAppModule dependencies initialized[39m[38;5;3m +27ms[39m
[32m[Nest] 15228  - [39m09/06/2026, 11:07:47 pm [32m    LOG[39m [38;5;3m[InstanceLoader] [39m[32mTypeOrmModule dependencies initialized[39m[38;5;3m +0ms[39m
[32m[Nest] 15228  - [39m09/06/2026, 11:07:47 pm [32m    LOG[39m [38;5;3m[InstanceLoader] [39m[32mLegalDomainModule dependencies initialized[39m[38;5;3m +1ms[39m
[32m[Nest] 15228  - [39m09/06/2026, 11:07:47 pm [32m    LOG[39m [38;5;3m[InstanceLoader] [39m[32mRetrievalModule dependencies initialized[39m[38;5;3m +1ms[39m
[32m[Nest] 15228  - [39m09/06/2026, 11:07:47 pm [32m    LOG[39m [38;5;3m[InstanceLoader] [39m[32mJudgmentModule dependencies initialized[39m[38;5;3m +0ms[39m
[32m[Nest] 15228  - [39m09/06/2026, 11:07:47 pm [32m    LOG[39m [38;5;3m[InstanceLoader] [39m[32mContractModule dependencies initialized[39m[38;5;3m +0ms[39m
[32m[Nest] 15228  - [39m09/06/2026, 11:07:47 pm [32m    LOG[39m [38;5;3m[InstanceLoader] [39m[32mChatModule dependencies initialized[39m[38;5;3m +1ms[39m
[32m[Nest] 15228  - [39m09/06/2026, 11:07:47 pm [32m    LOG[39m [38;5;3m[InstanceLoader] [39m[32mIngestionModule dependencies initialized[39m[38;5;3m +0ms[39m
[32m[Nest] 15228  - [39m09/06/2026, 11:07:47 pm [32m    LOG[39m [38;5;3m[InstanceLoader] [39m[32mTypeOrmCoreModule dependencies initialized[39m[38;5;3m +46ms[39m
[32m[Nest] 15228  - [39m09/06/2026, 11:07:47 pm [32m    LOG[39m [38;5;3m[InstanceLoader] [39m[32mTypeOrmModule dependencies initialized[39m[38;5;3m +0ms[39m
[32m[Nest] 15228  - [39m09/06/2026, 11:07:47 pm [32m    LOG[39m [38;5;3m[InstanceLoader] [39m[32mTypeOrmModule dependencies initialized[39m[38;5;3m +0ms[39m
[32m[Nest] 15228  - [39m09/06/2026, 11:07:47 pm [32m    LOG[39m [38;5;3m[InstanceLoader] [39m[32mTypeOrmModule dependencies initialized[39m[38;5;3m +1ms[39m
[32m[Nest] 15228  - [39m09/06/2026, 11:07:47 pm [32m    LOG[39m [38;5;3m[InstanceLoader] [39m[32mTypeOrmModule dependencies initialized[39m[38;5;3m +0ms[39m
[32m[Nest] 15228  - [39m09/06/2026, 11:07:47 pm [32m    LOG[39m [38;5;3m[InstanceLoader] [39m[32mFounderSecurityModule dependencies initialized[39m[38;5;3m +1ms[39m
[32m[Nest] 15228  - [39m09/06/2026, 11:07:47 pm [32m    LOG[39m [38;5;3m[InstanceLoader] [39m[32mResearchModule dependencies initialized[39m[38;5;3m +1ms[39m
[32m[Nest] 15228  - [39m09/06/2026, 11:07:47 pm [32m    LOG[39m [38;5;3m[InstanceLoader] [39m[32mNotebookModule dependencies initialized[39m[38;5;3m +0ms[39m
[32m[Nest] 15228  - [39m09/06/2026, 11:07:47 pm [32m    LOG[39m [38;5;3m[InstanceLoader] [39m[32mExamModule dependencies initialized[39m[38;5;3m +0ms[39m
[32m[Nest] 15228  - [39m09/06/2026, 11:07:47 pm [32m    LOG[39m [38;5;3m[RoutesResolver] [39m[32mJudgmentController {/api/v1/judgments}:[39m[38;5;3m +26ms[39m
[32m[Nest] 15228  - [39m09/06/2026, 11:07:47 pm [32m    LOG[39m [38;5;3m[RouterExplorer] [39m[32mMapped {/api/v1/judgments/upload, POST} route[39m[38;5;3m +3ms[39m
[32m[Nest] 15228  - [39m09/06/2026, 11:07:47 pm [32m    LOG[39m [38;5;3m[RouterExplorer] [39m[32mMapped {/api/v1/judgments/:id/structure, GET} route[39m[38;5;3m +1ms[39m
[32m[Nest] 15228  - [39m09/06/2026, 11:07:47 pm [32m    LOG[39m [38;5;3m[RouterExplorer] [39m[32mMapped {/api/v1/judgments/:id/explain, POST} route[39m[38;5;3m +0ms[39m
[32m[Nest] 15228  - [39m09/06/2026, 11:07:47 pm [32m    LOG[39m [38;5;3m[RoutesResolver] [39m[32mChatController {/api/v1/chat}:[39m[38;5;3m +1ms[39m
[32m[Nest] 15228  - [39m09/06/2026, 11:07:47 pm [32m    LOG[39m [38;5;3m[RouterExplorer] [39m[32mMapped {/api/v1/chat/message, POST} route[39m[38;5;3m +0ms[39m
[32m[Nest] 15228  - [39m09/06/2026, 11:07:47 pm [32m    LOG[39m [38;5;3m[RouterExplorer] [39m[32mMapped {/api/v1/chat/history/:sessionId, GET} route[39m[38;5;3m +0ms[39m
[32m[Nest] 15228  - [39m09/06/2026, 11:07:47 pm [32m    LOG[39m [38;5;3m[RouterExplorer] [39m[32mMapped {/api/v1/chat/history/:sessionId, DELETE} route[39m[38;5;3m +1ms[39m
[32m[Nest] 15228  - [39m09/06/2026, 11:07:47 pm [32m    LOG[39m [38;5;3m[RouterExplorer] [39m[32mMapped {/api/v1/chat/search, POST} route[39m[38;5;3m +0ms[39m
[32m[Nest] 15228  - [39m09/06/2026, 11:07:47 pm [32m    LOG[39m [38;5;3m[RouterExplorer] [39m[32mMapped {/api/v1/chat/citations/:messageId, GET} route[39m[38;5;3m +0ms[39m
[32m[Nest] 15228  - [39m09/06/2026, 11:07:47 pm [32m    LOG[39m [38;5;3m[RoutesResolver] [39m[32mContractController {/api/v1/contracts}:[39m[38;5;3m +1ms[39m
[32m[Nest] 15228  - [39m09/06/2026, 11:07:47 pm [32m    LOG[39m [38;5;3m[RouterExplorer] [39m[32mMapped {/api/v1/contracts/review, POST} route[39m[38;5;3m +0ms[39m
[32m[Nest] 15228  - [39m09/06/2026, 11:07:47 pm [32m    LOG[39m [38;5;3m[RouterExplorer] [39m[32mMapped {/api/v1/contracts/:id/risks, GET} route[39m[38;5;3m +1ms[39m
[32m[Nest] 15228  - [39m09/06/2026, 11:07:47 pm [32m    LOG[39m [38;5;3m[RouterExplorer] [39m[32mMapped {/api/v1/contracts/:id/clauses, POST} route[39m[38;5;3m +0ms[39m
[32m[Nest] 15228  - [39m09/06/2026, 11:07:47 pm [32m    LOG[39m [38;5;3m[RoutesResolver] [39m[32mNotebookController {/api/v1/notebook}:[39m[38;5;3m +1ms[39m
[32m[Nest] 15228  - [39m09/06/2026, 11:07:47 pm [32m    LOG[39m [38;5;3m[RouterExplorer] [39m[32mMapped {/api/v1/notebook/documents, GET} route[39m[38;5;3m +0ms[39m
[32m[Nest] 15228  - [39m09/06/2026, 11:07:47 pm [32m    LOG[39m [38;5;3m[RouterExplorer] [39m[32mMapped {/api/v1/notebook/documents/:id, GET} route[39m[38;5;3m +0ms[39m
[32m[Nest] 15228  - [39m09/06/2026, 11:07:47 pm [32m    LOG[39m [38;5;3m[RouterExplorer] [39m[32mMapped {/api/v1/notebook/documents/:id/preview, GET} route[39m[38;5;3m +1ms[39m
[32m[Nest] 15228  - [39m09/06/2026, 11:07:47 pm [32m    LOG[39m [38;5;3m[RouterExplorer] [39m[32mMapped {/api/v1/notebook/documents/:id/file, GET} route[39m[38;5;3m +0ms[39m
[32m[Nest] 15228  - [39m09/06/2026, 11:07:47 pm [32m    LOG[39m [38;5;3m[RouterExplorer] [39m[32mMapped {/api/v1/notebook/documents/:id/chunks, GET} route[39m[38;5;3m +0ms[39m
[32m[Nest] 15228  - [39m09/06/2026, 11:07:47 pm [32m    LOG[39m [38;5;3m[RouterExplorer] [39m[32mMapped {/api/v1/notebook/documents/:id/chat-history, GET} route[39m[38;5;3m +1ms[39m
[32m[Nest] 15228  - [39m09/06/2026, 11:07:47 pm [32m    LOG[39m [38;5;3m[RouterExplorer] [39m[32mMapped {/api/v1/notebook/documents/:id/reprocess, POST} route[39m[38;5;3m +0ms[39m
[32m[Nest] 15228  - [39m09/06/2026, 11:07:47 pm [32m    LOG[39m [38;5;3m[RouterExplorer] [39m[32mMapped {/api/v1/notebook/documents/:id/extraction, GET} route[39m[38;5;3m +1ms[39m
[32m[Nest] 15228  - [39m09/06/2026, 11:07:47 pm [32m    LOG[39m [38;5;3m[RouterExplorer] [39m[32mMapped {/api/v1/notebook/documents/:id/extraction, POST} route[39m[38;5;3m +0ms[39m
[32m[Nest] 15228  - [39m09/06/2026, 11:07:47 pm [32m    LOG[39m [38;5;3m[RouterExplorer] [39m[32mMapped {/api/v1/notebook/documents/:id/study-forge/generate, POST} route[39m[38;5;3m +0ms[39m
[32m[Nest] 15228  - [39m09/06/2026, 11:07:47 pm [32m    LOG[39m [38;5;3m[RouterExplorer] [39m[32mMapped {/api/v1/notebook/documents/:id/study-forge/flashcards/:cardId/rate, POST} route[39m[38;5;3m +1ms[39m
[32m[Nest] 15228  - [39m09/06/2026, 11:07:47 pm [32m    LOG[39m [38;5;3m[RouterExplorer] [39m[32mMapped {/api/v1/notebook/documents/:id/study-forge/quiz-attempt, POST} route[39m[38;5;3m +0ms[39m
[32m[Nest] 15228  - [39m09/06/2026, 11:07:47 pm [32m    LOG[39m [38;5;3m[RouterExplorer] [39m[32mMapped {/api/v1/notebook/graph, GET} route[39m[38;5;3m +0ms[39m
[32m[Nest] 15228  - [39m09/06/2026, 11:07:47 pm [32m    LOG[39m [38;5;3m[RouterExplorer] [39m[32mMapped {/api/v1/notebook/search, GET} route[39m[38;5;3m +1ms[39m
[32m[Nest] 15228  - [39m09/06/2026, 11:07:47 pm [32m    LOG[39m [38;5;3m[RouterExplorer] [39m[32mMapped {/api/v1/notebook/documents/:id, DELETE} route[39m[38;5;3m +0ms[39m
[32m[Nest] 15228  - [39m09/06/2026, 11:07:47 pm [32m    LOG[39m [38;5;3m[RouterExplorer] [39m[32mMapped {/api/v1/notebook/upload, POST} route[39m[38;5;3m +1ms[39m
[32m[Nest] 15228  - [39m09/06/2026, 11:07:47 pm [32m    LOG[39m [38;5;3m[RouterExplorer] [39m[32mMapped {/api/v1/notebook/chat, POST} route[39m[38;5;3m +0ms[39m
[32m[Nest] 15228  - [39m09/06/2026, 11:07:47 pm [32m    LOG[39m [38;5;3m[RoutesResolver] [39m[32mResearchController {/api/v1/research}:[39m[38;5;3m +1ms[39m
[32m[Nest] 15228  - [39m09/06/2026, 11:07:47 pm [32m    LOG[39m [38;5;3m[RouterExplorer] [39m[32mMapped {/api/v1/research/query, POST} route[39m[38;5;3m +0ms[39m
[32m[Nest] 15228  - [39m09/06/2026, 11:07:47 pm [32m    LOG[39m [38;5;3m[RouterExplorer] [39m[32mMapped {/api/v1/research/query/all, GET} route[39m[38;5;3m +0ms[39m
[32m[Nest] 15228  - [39m09/06/2026, 11:07:47 pm [32m    LOG[39m [38;5;3m[RouterExplorer] [39m[32mMapped {/api/v1/research/query/:id, GET} route[39m[38;5;3m +1ms[39m
[32m[Nest] 15228  - [39m09/06/2026, 11:07:47 pm [32m    LOG[39m [38;5;3m[RouterExplorer] [39m[32mMapped {/api/v1/research/report, POST} route[39m[38;5;3m +0ms[39m
[32m[Nest] 15228  - [39m09/06/2026, 11:07:47 pm [32m    LOG[39m [38;5;3m[RouterExplorer] [39m[32mMapped {/api/v1/research/report/:id, GET} route[39m[38;5;3m +1ms[39m
[32m[Nest] 15228  - [39m09/06/2026, 11:07:47 pm [32m    LOG[39m [38;5;3m[RouterExplorer] [39m[32mMapped {/api/v1/research/report/:id, PUT} route[39m[38;5;3m +0ms[39m
[32m[Nest] 15228  - [39m09/06/2026, 11:07:47 pm [32m    LOG[39m [38;5;3m[RouterExplorer] [39m[32mMapped {/api/v1/research/report/:id, DELETE} route[39m[38;5;3m +0ms[39m
[32m[Nest] 15228  - [39m09/06/2026, 11:07:47 pm [32m    LOG[39m [38;5;3m[RouterExplorer] [39m[32mMapped {/api/v1/research/note, POST} route[39m[38;5;3m +1ms[39m
[32m[Nest] 15228  - [39m09/06/2026, 11:07:47 pm [32m    LOG[39m [38;5;3m[RouterExplorer] [39m[32mMapped {/api/v1/research/note/:id, GET} route[39m[38;5;3m +0ms[39m
[32m[Nest] 15228  - [39m09/06/2026, 11:07:47 pm [32m    LOG[39m [38;5;3m[RouterExplorer] [39m[32mMapped {/api/v1/research/note/:id, PUT} route[39m[38;5;3m +0ms[39m
[32m[Nest] 15228  - [39m09/06/2026, 11:07:47 pm [32m    LOG[39m [38;5;3m[RouterExplorer] [39m[32mMapped {/api/v1/research/note/:id, DELETE} route[39m[38;5;3m +1ms[39m
[32m[Nest] 15228  - [39m09/06/2026, 11:07:47 pm [32m    LOG[39m [38;5;3m[RouterExplorer] [39m[32mMapped {/api/v1/research/source, POST} route[39m[38;5;3m +0ms[39m
[32m[Nest] 15228  - [39m09/06/2026, 11:07:47 pm [32m    LOG[39m [38;5;3m[RouterExplorer] [39m[32mMapped {/api/v1/research/source/:id, GET} route[39m[38;5;3m +0ms[39m
[32m[Nest] 15228  - [39m09/06/2026, 11:07:47 pm [32m    LOG[39m [38;5;3m[RouterExplorer] [39m[32mMapped {/api/v1/research/source/:id, DELETE} route[39m[38;5;3m +0ms[39m
[32m[Nest] 15228  - [39m09/06/2026, 11:07:47 pm [32m    LOG[39m [38;5;3m[RouterExplorer] [39m[32mMapped {/api/v1/research/save, POST} route[39m[38;5;3m +1ms[39m
[32m[Nest] 15228  - [39m09/06/2026, 11:07:47 pm [32m    LOG[39m [38;5;3m[RouterExplorer] [39m[32mMapped {/api/v1/research/save/all, GET} route[39m[38;5;3m +0ms[39m
[32m[Nest] 15228  - [39m09/06/2026, 11:07:47 pm [32m    LOG[39m [38;5;3m[RouterExplorer] [39m[32mMapped {/api/v1/research/save/:id, DELETE} route[39m[38;5;3m +0ms[39m
[32m[Nest] 15228  - [39m09/06/2026, 11:07:47 pm [32m    LOG[39m [38;5;3m[RouterExplorer] [39m[32mMapped {/api/v1/research/asset, POST} route[39m[38;5;3m +0ms[39m
[32m[Nest] 15228  - [39m09/06/2026, 11:07:47 pm [32m    LOG[39m [38;5;3m[RouterExplorer] [39m[32mMapped {/api/v1/research/upload, POST} route[39m[38;5;3m +1ms[39m
[32m[Nest] 15228  - [39m09/06/2026, 11:07:47 pm [32m    LOG[39m [38;5;3m[RouterExplorer] [39m[32mMapped {/api/v1/research/documents/:queryId, GET} route[39m[38;5;3m +0ms[39m
[32m[Nest] 15228  - [39m09/06/2026, 11:07:47 pm [32m    LOG[39m [38;5;3m[RouterExplorer] [39m[32mMapped {/api/v1/research/generate, POST} route[39m[38;5;3m +0ms[39m
[32m[Nest] 15228  - [39m09/06/2026, 11:07:47 pm [32m    LOG[39m [38;5;3m[RouterExplorer] [39m[32mMapped {/api/v1/research/challenge, POST} route[39m[38;5;3m +1ms[39m
[32m[Nest] 15228  - [39m09/06/2026, 11:07:47 pm [32m    LOG[39m [38;5;3m[RoutesResolver] [39m[32mIngestionController {/api/v1/ingestion}:[39m[38;5;3m +0ms[39m
[32m[Nest] 15228  - [39m09/06/2026, 11:07:47 pm [32m    LOG[39m [38;5;3m[RouterExplorer] [39m[32mMapped {/api/v1/ingestion/status, GET} route[39m[38;5;3m +0ms[39m
[32m[Nest] 15228  - [39m09/06/2026, 11:07:47 pm [32m    LOG[39m [38;5;3m[RouterExplorer] [39m[32mMapped {/api/v1/ingestion/init-collections, POST} route[39m[38;5;3m +0ms[39m
[32m[Nest] 15228  - [39m09/06/2026, 11:07:47 pm [32m    LOG[39m [38;5;3m[RouterExplorer] [39m[32mMapped {/api/v1/ingestion/ingest, POST} route[39m[38;5;3m +1ms[39m
[32m[Nest] 15228  - [39m09/06/2026, 11:07:47 pm [32m    LOG[39m [38;5;3m[RouterExplorer] [39m[32mMapped {/api/v1/ingestion/ingest-text, POST} route[39m[38;5;3m +0ms[39m
[32m[Nest] 15228  - [39m09/06/2026, 11:07:47 pm [32m    LOG[39m [38;5;3m[RouterExplorer] [39m[32mMapped {/api/v1/ingestion/ingest-batch, POST} route[39m[38;5;3m +0ms[39m
[32m[Nest] 15228  - [39m09/06/2026, 11:07:47 pm [32m    LOG[39m [38;5;3m[RoutesResolver] [39m[32mExamController {/api/v1/exam}:[39m[38;5;3m +0ms[39m
[32m[Nest] 15228  - [39m09/06/2026, 11:07:47 pm [32m    LOG[39m [38;5;3m[RouterExplorer] [39m[32mMapped {/api/v1/exam, POST} route[39m[38;5;3m +1ms[39m
[32m[Nest] 15228  - [39m09/06/2026, 11:07:47 pm [32m    LOG[39m [38;5;3m[RouterExplorer] [39m[32mMapped {/api/v1/exam, GET} route[39m[38;5;3m +0ms[39m
[32m[Nest] 15228  - [39m09/06/2026, 11:07:47 pm [32m    LOG[39m [38;5;3m[RouterExplorer] [39m[32mMapped {/api/v1/exam/:id, GET} route[39m[38;5;3m +1ms[39m
[32m[Nest] 15228  - [39m09/06/2026, 11:07:47 pm [32m    LOG[39m [38;5;3m[RouterExplorer] [39m[32mMapped {/api/v1/exam/:id/mock, POST} route[39m[38;5;3m +0ms[39m
[32m[Nest] 15228  - [39m09/06/2026, 11:07:47 pm [32m    LOG[39m [38;5;3m[RouterExplorer] [39m[32mMapped {/api/v1/exam/assistant, POST} route[39m[38;5;3m +0ms[39m
[32m[Nest] 15228  - [39m09/06/2026, 11:07:47 pm [32m    LOG[39m [38;5;3m[RouterExplorer] [39m[32mMapped {/api/v1/exam/dashboard/recommendations, GET} route[39m[38;5;3m +0ms[39m
[32m[Nest] 15228  - [39m09/06/2026, 11:07:47 pm [32m    LOG[39m [38;5;3m[RouterExplorer] [39m[32mMapped {/api/v1/exam/doubt-solve, POST} route[39m[38;5;3m +1ms[39m
[32m[Nest] 15228  - [39m09/06/2026, 11:07:47 pm [32m    LOG[39m [38;5;3m[RouterExplorer] [39m[32mMapped {/api/v1/exam/oauth-tokens, POST} route[39m[38;5;3m +0ms[39m
[32m[Nest] 15228  - [39m09/06/2026, 11:07:47 pm [32m    LOG[39m [38;5;3m[RouterExplorer] [39m[32mMapped {/api/v1/exam/dashboard/notifications, GET} route[39m[38;5;3m +0ms[39m
[32m[Nest] 15228  - [39m09/06/2026, 11:07:47 pm [32m    LOG[39m [38;5;3m[RouterExplorer] [39m[32mMapped {/api/v1/exam/dashboard/notifications/read, POST} route[39m[38;5;3m +0ms[39m
[32m[Nest] 15228  - [39m09/06/2026, 11:07:47 pm [32m    LOG[39m [38;5;3m[RouterExplorer] [39m[32mMapped {/api/v1/exam/calendar/events, GET} route[39m[38;5;3m +1ms[39m
[32m[Nest] 15228  - [39m09/06/2026, 11:07:47 pm [32m    LOG[39m [38;5;3m[RouterExplorer] [39m[32mMapped {/api/v1/exam/calendar/events, POST} route[39m[38;5;3m +0ms[39m
[32m[Nest] 15228  - [39m09/06/2026, 11:07:47 pm [32m    LOG[39m [38;5;3m[RoutesResolver] [39m[32mFounderSecurityController {/api/v1/founder-security}:[39m[38;5;3m +0ms[39m
[32m[Nest] 15228  - [39m09/06/2026, 11:07:47 pm [32m    LOG[39m [38;5;3m[RouterExplorer] [39m[32mMapped {/api/v1/founder-security/settings, GET} route[39m[38;5;3m +1ms[39m
[32m[Nest] 15228  - [39m09/06/2026, 11:07:47 pm [32m    LOG[39m [38;5;3m[RouterExplorer] [39m[32mMapped {/api/v1/founder-security/settings, PUT} route[39m[38;5;3m +0ms[39m
[32m[Nest] 15228  - [39m09/06/2026, 11:07:47 pm [32m    LOG[39m [38;5;3m[RouterExplorer] [39m[32mMapped {/api/v1/founder-security/events, GET} route[39m[38;5;3m +0ms[39m
[32m[Nest] 15228  - [39m09/06/2026, 11:07:47 pm [32m    LOG[39m [38;5;3m[RouterExplorer] [39m[32mMapped {/api/v1/founder-security/events, POST} route[39m[38;5;3m +1ms[39m
[32m[Nest] 15228  - [39m09/06/2026, 11:07:47 pm [32m    LOG[39m [38;5;3m[RouterExplorer] [39m[32mMapped {/api/v1/founder-security/clear-locks, GET} route[39m[38;5;3m +0ms[39m
[32m[Nest] 15228  - [39m09/06/2026, 11:07:47 pm [32m    LOG[39m [38;5;3m[RouterExplorer] [39m[32mMapped {/api/v1/founder-security/admin-login, POST} route[39m[38;5;3m +0ms[39m
[32m[Nest] 15228  - [39m09/06/2026, 11:07:47 pm [32m    LOG[39m [38;5;3m[RouterExplorer] [39m[32mMapped {/api/v1/founder-security/verify-question, POST} route[39m[38;5;3m +0ms[39m
[32m[Nest] 15228  - [39m09/06/2026, 11:07:47 pm [32m    LOG[39m [38;5;3m[RouterExplorer] [39m[32mMapped {/api/v1/founder-security/login-approve, GET} route[39m[38;5;3m +1ms[39m
[32m[Nest] 15228  - [39m09/06/2026, 11:07:47 pm [32m    LOG[39m [38;5;3m[RouterExplorer] [39m[32mMapped {/api/v1/founder-security/login-reject, GET} route[39m[38;5;3m +0ms[39m
[32m[Nest] 15228  - [39m09/06/2026, 11:07:47 pm [32m    LOG[39m [38;5;3m[RouterExplorer] [39m[32mMapped {/api/v1/founder-security/login-status, GET} route[39m[38;5;3m +0ms[39m
[32m[Nest] 15228  - [39m09/06/2026, 11:07:47 pm [32m    LOG[39m [38;5;3m[RoutesResolver] [39m[32mSecurityTestController {/api/v1/api/security}:[39m[38;5;3m +0ms[39m
[32m[Nest] 15228  - [39m09/06/2026, 11:07:47 pm [32m    LOG[39m [38;5;3m[RouterExplorer] [39m[32mMapped {/api/security/test-email, GET} route[39m[38;5;3m +1ms[39m
[32m[Nest] 15228  - [39m09/06/2026, 11:07:47 pm [32m    LOG[39m [38;5;3m[RouterExplorer] [39m[32mMapped {/api/security/test-email, POST} route[39m[38;5;3m +0ms[39m
[32m[Nest] 15228  - [39m09/06/2026, 11:07:47 pm [32m    LOG[39m [38;5;3m[QdrantService] [39m[32mInitializing Qdrant client with URL: https://dd284eb5-9c7e-4f0e-92fd-815f87684ce0.us-west-1-0.aws.cloud.qdrant.io[39m
[32m[Nest] 15228  - [39m09/06/2026, 11:07:47 pm [32m    LOG[39m [38;5;3m[QdrantService] [39m[32mTesting Qdrant connection...[39m
[32m[Nest] 15228  - [39m09/06/2026, 11:07:47 pm [32m    LOG[39m [38;5;3m[BgeM3Provider] [39m[32mInitializing BGE-M3 provider → http://localhost:8100[39m
[32m[Nest] 15228  - [39m09/06/2026, 11:07:47 pm [32m    LOG[39m [38;5;3m[NestApplication] [39m[32mNest application successfully started[39m[38;5;3m +8ms[39m
[LEGATRIXON SERVER] NestJS Engine running on: http://localhost:4000/api/v1
[33m[Nest] 15228  - [39m09/06/2026, 11:07:47 pm [33m   WARN[39m [38;5;3m[BgeM3Provider] [39m[33mBGE-M3 sidecar unreachable at http://localhost:8100: . Embeddings will fail until the sidecar is started.[39m
[32m[Nest] 15228  - [39m09/06/2026, 11:07:48 pm [32m    LOG[39m [38;5;3m[QdrantService] [39m[32mSuccessfully connected to Qdrant.[39m
[32m[Nest] 15228  - [39m09/06/2026, 11:07:49 pm [32m    LOG[39m [38;5;3m[QdrantService] [39m[32mCollection judgments already exists.[39m
[32m[Nest] 15228  - [39m09/06/2026, 11:07:49 pm [32m    LOG[39m [38;5;3m[QdrantService] [39m[32mCollection acts already exists.[39m
[32m[Nest] 15228  - [39m09/06/2026, 11:07:49 pm [32m    LOG[39m [38;5;3m[QdrantService] [39m[32mCollection research_papers already exists.[39m
[32m[Nest] 15228  - [39m09/06/2026, 11:07:50 pm [32m    LOG[39m [38;5;3m[QdrantService] [39m[32mCollection law_commission_reports already exists.[39m
[32m[Nest] 15228  - [39m09/06/2026, 11:07:50 pm [32m    LOG[39m [38;5;3m[QdrantService] [39m[32mCollection user_documents already exists.[39m
[2J[3J[H[[90m11:11:37 pm[0m] File change detected. Starting incremental compilation...

[[90m11:11:37 pm[0m] Found 0 errors. Watching for file changes.

[32m[Nest] 8736  - [39m09/06/2026, 11:11:39 pm [32m    LOG[39m [38;5;3m[NestFactory] [39m[32mStarting Nest application...[39m
[32m[Nest] 8736  - [39m09/06/2026, 11:11:39 pm [32m    LOG[39m [38;5;3m[InstanceLoader] [39m[32mAppModule dependencies initialized[39m[38;5;3m +27ms[39m
[32m[Nest] 8736  - [39m09/06/2026, 11:11:39 pm [32m    LOG[39m [38;5;3m[InstanceLoader] [39m[32mTypeOrmModule dependencies initialized[39m[38;5;3m +0ms[39m
[32m[Nest] 8736  - [39m09/06/2026, 11:11:39 pm [32m    LOG[39m [38;5;3m[InstanceLoader] [39m[32mLegalDomainModule dependencies initialized[39m[38;5;3m +1ms[39m
[32m[Nest] 8736  - [39m09/06/2026, 11:11:39 pm [32m    LOG[39m [38;5;3m[InstanceLoader] [39m[32mRetrievalModule dependencies initialized[39m[38;5;3m +1ms[39m
[32m[Nest] 8736  - [39m09/06/2026, 11:11:39 pm [32m    LOG[39m [38;5;3m[InstanceLoader] [39m[32mJudgmentModule dependencies initialized[39m[38;5;3m +0ms[39m
[32m[Nest] 8736  - [39m09/06/2026, 11:11:39 pm [32m    LOG[39m [38;5;3m[InstanceLoader] [39m[32mContractModule dependencies initialized[39m[38;5;3m +0ms[39m
[32m[Nest] 8736  - [39m09/06/2026, 11:11:39 pm [32m    LOG[39m [38;5;3m[InstanceLoader] [39m[32mChatModule dependencies initialized[39m[38;5;3m +0ms[39m
[32m[Nest] 8736  - [39m09/06/2026, 11:11:39 pm [32m    LOG[39m [38;5;3m[InstanceLoader] [39m[32mIngestionModule dependencies initialized[39m[38;5;3m +0ms[39m
[32m[Nest] 8736  - [39m09/06/2026, 11:11:39 pm [32m    LOG[39m [38;5;3m[InstanceLoader] [39m[32mTypeOrmCoreModule dependencies initialized[39m[38;5;3m +42ms[39m
[32m[Nest] 8736  - [39m09/06/2026, 11:11:39 pm [32m    LOG[39m [38;5;3m[InstanceLoader] [39m[32mTypeOrmModule dependencies initialized[39m[38;5;3m +1ms[39m
[32m[Nest] 8736  - [39m09/06/2026, 11:11:39 pm [32m    LOG[39m [38;5;3m[InstanceLoader] [39m[32mTypeOrmModule dependencies initialized[39m[38;5;3m +1ms[39m
[32m[Nest] 8736  - [39m09/06/2026, 11:11:39 pm [32m    LOG[39m [38;5;3m[InstanceLoader] [39m[32mTypeOrmModule dependencies initialized[39m[38;5;3m +0ms[39m
[32m[Nest] 8736  - [39m09/06/2026, 11:11:39 pm [32m    LOG[39m [38;5;3m[InstanceLoader] [39m[32mTypeOrmModule dependencies initialized[39m[38;5;3m +0ms[39m
[32m[Nest] 8736  - [39m09/06/2026, 11:11:39 pm [32m    LOG[39m [38;5;3m[InstanceLoader] [39m[32mFounderSecurityModule dependencies initialized[39m[38;5;3m +2ms[39m
[32m[Nest] 8736  - [39m09/06/2026, 11:11:39 pm [32m    LOG[39m [38;5;3m[InstanceLoader] [39m[32mResearchModule dependencies initialized[39m[38;5;3m +0ms[39m
[32m[Nest] 8736  - [39m09/06/2026, 11:11:39 pm [32m    LOG[39m [38;5;3m[InstanceLoader] [39m[32mNotebookModule dependencies initialized[39m[38;5;3m +0ms[39m
[32m[Nest] 8736  - [39m09/06/2026, 11:11:39 pm [32m    LOG[39m [38;5;3m[InstanceLoader] [39m[32mExamModule dependencies initialized[39m[38;5;3m +1ms[39m
[32m[Nest] 8736  - [39m09/06/2026, 11:11:39 pm [32m    LOG[39m [38;5;3m[RoutesResolver] [39m[32mJudgmentController {/api/v1/judgments}:[39m[38;5;3m +29ms[39m
[32m[Nest] 8736  - [39m09/06/2026, 11:11:39 pm [32m    LOG[39m [38;5;3m[RouterExplorer] [39m[32mMapped {/api/v1/judgments/upload, POST} route[39m[38;5;3m +3ms[39m
[32m[Nest] 8736  - [39m09/06/2026, 11:11:39 pm [32m    LOG[39m [38;5;3m[RouterExplorer] [39m[32mMapped {/api/v1/judgments/:id/structure, GET} route[39m[38;5;3m +0ms[39m
[32m[Nest] 8736  - [39m09/06/2026, 11:11:39 pm [32m    LOG[39m [38;5;3m[RouterExplorer] [39m[32mMapped {/api/v1/judgments/:id/explain, POST} route[39m[38;5;3m +1ms[39m
[32m[Nest] 8736  - [39m09/06/2026, 11:11:39 pm [32m    LOG[39m [38;5;3m[RoutesResolver] [39m[32mChatController {/api/v1/chat}:[39m[38;5;3m +0ms[39m
[32m[Nest] 8736  - [39m09/06/2026, 11:11:39 pm [32m    LOG[39m [38;5;3m[RouterExplorer] [39m[32mMapped {/api/v1/chat/message, POST} route[39m[38;5;3m +1ms[39m
[32m[Nest] 8736  - [39m09/06/2026, 11:11:39 pm [32m    LOG[39m [38;5;3m[RouterExplorer] [39m[32mMapped {/api/v1/chat/history/:sessionId, GET} route[39m[38;5;3m +0ms[39m
[32m[Nest] 8736  - [39m09/06/2026, 11:11:39 pm [32m    LOG[39m [38;5;3m[RouterExplorer] [39m[32mMapped {/api/v1/chat/history/:sessionId, DELETE} route[39m[38;5;3m +1ms[39m
[32m[Nest] 8736  - [39m09/06/2026, 11:11:39 pm [32m    LOG[39m [38;5;3m[RouterExplorer] [39m[32mMapped {/api/v1/chat/search, POST} route[39m[38;5;3m +0ms[39m
[32m[Nest] 8736  - [39m09/06/2026, 11:11:39 pm [32m    LOG[39m [38;5;3m[RouterExplorer] [39m[32mMapped {/api/v1/chat/citations/:messageId, GET} route[39m[38;5;3m +0ms[39m
[32m[Nest] 8736  - [39m09/06/2026, 11:11:39 pm [32m    LOG[39m [38;5;3m[RoutesResolver] [39m[32mContractController {/api/v1/contracts}:[39m[38;5;3m +1ms[39m
[32m[Nest] 8736  - [39m09/06/2026, 11:11:39 pm [32m    LOG[39m [38;5;3m[RouterExplorer] [39m[32mMapped {/api/v1/contracts/review, POST} route[39m[38;5;3m +0ms[39m
[32m[Nest] 8736  - [39m09/06/2026, 11:11:39 pm [32m    LOG[39m [38;5;3m[RouterExplorer] [39m[32mMapped {/api/v1/contracts/:id/risks, GET} route[39m[38;5;3m +1ms[39m
[32m[Nest] 8736  - [39m09/06/2026, 11:11:39 pm [32m    LOG[39m [38;5;3m[RouterExplorer] [39m[32mMapped {/api/v1/contracts/:id/clauses, POST} route[39m[38;5;3m +0ms[39m
[32m[Nest] 8736  - [39m09/06/2026, 11:11:39 pm [32m    LOG[39m [38;5;3m[RoutesResolver] [39m[32mNotebookController {/api/v1/notebook}:[39m[38;5;3m +1ms[39m
[32m[Nest] 8736  - [39m09/06/2026, 11:11:39 pm [32m    LOG[39m [38;5;3m[RouterExplorer] [39m[32mMapped {/api/v1/notebook/documents, GET} route[39m[38;5;3m +0ms[39m
[32m[Nest] 8736  - [39m09/06/2026, 11:11:39 pm [32m    LOG[39m [38;5;3m[RouterExplorer] [39m[32mMapped {/api/v1/notebook/documents/:id, GET} route[39m[38;5;3m +0ms[39m
[32m[Nest] 8736  - [39m09/06/2026, 11:11:39 pm [32m    LOG[39m [38;5;3m[RouterExplorer] [39m[32mMapped {/api/v1/notebook/documents/:id/preview, GET} route[39m[38;5;3m +1ms[39m
[32m[Nest] 8736  - [39m09/06/2026, 11:11:39 pm [32m    LOG[39m [38;5;3m[RouterExplorer] [39m[32mMapped {/api/v1/notebook/documents/:id/file, GET} route[39m[38;5;3m +0ms[39m
[32m[Nest] 8736  - [39m09/06/2026, 11:11:39 pm [32m    LOG[39m [38;5;3m[RouterExplorer] [39m[32mMapped {/api/v1/notebook/documents/:id/chunks, GET} route[39m[38;5;3m +0ms[39m
[32m[Nest] 8736  - [39m09/06/2026, 11:11:39 pm [32m    LOG[39m [38;5;3m[RouterExplorer] [39m[32mMapped {/api/v1/notebook/documents/:id/chat-history, GET} route[39m[38;5;3m +1ms[39m
[32m[Nest] 8736  - [39m09/06/2026, 11:11:39 pm [32m    LOG[39m [38;5;3m[RouterExplorer] [39m[32mMapped {/api/v1/notebook/documents/:id/reprocess, POST} route[39m[38;5;3m +0ms[39m
[32m[Nest] 8736  - [39m09/06/2026, 11:11:39 pm [32m    LOG[39m [38;5;3m[RouterExplorer] [39m[32mMapped {/api/v1/notebook/documents/:id/extraction, GET} route[39m[38;5;3m +0ms[39m
[32m[Nest] 8736  - [39m09/06/2026, 11:11:39 pm [32m    LOG[39m [38;5;3m[RouterExplorer] [39m[32mMapped {/api/v1/notebook/documents/:id/extraction, POST} route[39m[38;5;3m +1ms[39m
[32m[Nest] 8736  - [39m09/06/2026, 11:11:39 pm [32m    LOG[39m [38;5;3m[RouterExplorer] [39m[32mMapped {/api/v1/notebook/documents/:id/study-forge/generate, POST} route[39m[38;5;3m +0ms[39m
[32m[Nest] 8736  - [39m09/06/2026, 11:11:39 pm [32m    LOG[39m [38;5;3m[RouterExplorer] [39m[32mMapped {/api/v1/notebook/documents/:id/study-forge/flashcards/:cardId/rate, POST} route[39m[38;5;3m +0ms[39m
[32m[Nest] 8736  - [39m09/06/2026, 11:11:39 pm [32m    LOG[39m [38;5;3m[RouterExplorer] [39m[32mMapped {/api/v1/notebook/documents/:id/study-forge/quiz-attempt, POST} route[39m[38;5;3m +0ms[39m
[32m[Nest] 8736  - [39m09/06/2026, 11:11:39 pm [32m    LOG[39m [38;5;3m[RouterExplorer] [39m[32mMapped {/api/v1/notebook/graph, GET} route[39m[38;5;3m +1ms[39m
[32m[Nest] 8736  - [39m09/06/2026, 11:11:39 pm [32m    LOG[39m [38;5;3m[RouterExplorer] [39m[32mMapped {/api/v1/notebook/search, GET} route[39m[38;5;3m +0ms[39m
[32m[Nest] 8736  - [39m09/06/2026, 11:11:39 pm [32m    LOG[39m [38;5;3m[RouterExplorer] [39m[32mMapped {/api/v1/notebook/documents/:id, DELETE} route[39m[38;5;3m +0ms[39m
[32m[Nest] 8736  - [39m09/06/2026, 11:11:39 pm [32m    LOG[39m [38;5;3m[RouterExplorer] [39m[32mMapped {/api/v1/notebook/upload, POST} route[39m[38;5;3m +1ms[39m
[32m[Nest] 8736  - [39m09/06/2026, 11:11:39 pm [32m    LOG[39m [38;5;3m[RouterExplorer] [39m[32mMapped {/api/v1/notebook/chat, POST} route[39m[38;5;3m +0ms[39m
[32m[Nest] 8736  - [39m09/06/2026, 11:11:39 pm [32m    LOG[39m [38;5;3m[RoutesResolver] [39m[32mResearchController {/api/v1/research}:[39m[38;5;3m +0ms[39m
[32m[Nest] 8736  - [39m09/06/2026, 11:11:39 pm [32m    LOG[39m [38;5;3m[RouterExplorer] [39m[32mMapped {/api/v1/research/query, POST} route[39m[38;5;3m +1ms[39m
[32m[Nest] 8736  - [39m09/06/2026, 11:11:39 pm [32m    LOG[39m [38;5;3m[RouterExplorer] [39m[32mMapped {/api/v1/research/query/all, GET} route[39m[38;5;3m +0ms[39m
[32m[Nest] 8736  - [39m09/06/2026, 11:11:39 pm [32m    LOG[39m [38;5;3m[RouterExplorer] [39m[32mMapped {/api/v1/research/query/:id, GET} route[39m[38;5;3m +0ms[39m
[32m[Nest] 8736  - [39m09/06/2026, 11:11:39 pm [32m    LOG[39m [38;5;3m[RouterExplorer] [39m[32mMapped {/api/v1/research/report, POST} route[39m[38;5;3m +1ms[39m
[32m[Nest] 8736  - [39m09/06/2026, 11:11:39 pm [32m    LOG[39m [38;5;3m[RouterExplorer] [39m[32mMapped {/api/v1/research/report/:id, GET} route[39m[38;5;3m +0ms[39m
[32m[Nest] 8736  - [39m09/06/2026, 11:11:39 pm [32m    LOG[39m [38;5;3m[RouterExplorer] [39m[32mMapped {/api/v1/research/report/:id, PUT} route[39m[38;5;3m +0ms[39m
[32m[Nest] 8736  - [39m09/06/2026, 11:11:39 pm [32m    LOG[39m [38;5;3m[RouterExplorer] [39m[32mMapped {/api/v1/research/report/:id, DELETE} route[39m[38;5;3m +0ms[39m
[32m[Nest] 8736  - [39m09/06/2026, 11:11:39 pm [32m    LOG[39m [38;5;3m[RouterExplorer] [39m[32mMapped {/api/v1/research/note, POST} route[39m[38;5;3m +1ms[39m
[32m[Nest] 8736  - [39m09/06/2026, 11:11:39 pm [32m    LOG[39m [38;5;3m[RouterExplorer] [39m[32mMapped {/api/v1/research/note/:id, GET} route[39m[38;5;3m +0ms[39m
[32m[Nest] 8736  - [39m09/06/2026, 11:11:39 pm [32m    LOG[39m [38;5;3m[RouterExplorer] [39m[32mMapped {/api/v1/research/note/:id, PUT} route[39m[38;5;3m +0ms[39m
[32m[Nest] 8736  - [39m09/06/2026, 11:11:39 pm [32m    LOG[39m [38;5;3m[RouterExplorer] [39m[32mMapped {/api/v1/research/note/:id, DELETE} route[39m[38;5;3m +1ms[39m
[32m[Nest] 8736  - [39m09/06/2026, 11:11:39 pm [32m    LOG[39m [38;5;3m[RouterExplorer] [39m[32mMapped {/api/v1/research/source, POST} route[39m[38;5;3m +0ms[39m
[32m[Nest] 8736  - [39m09/06/2026, 11:11:39 pm [32m    LOG[39m [38;5;3m[RouterExplorer] [39m[32mMapped {/api/v1/research/source/:id, GET} route[39m[38;5;3m +0ms[39m
[32m[Nest] 8736  - [39m09/06/2026, 11:11:39 pm [32m    LOG[39m [38;5;3m[RouterExplorer] [39m[32mMapped {/api/v1/research/source/:id, DELETE} route[39m[38;5;3m +0ms[39m
[32m[Nest] 8736  - [39m09/06/2026, 11:11:39 pm [32m    LOG[39m [38;5;3m[RouterExplorer] [39m[32mMapped {/api/v1/research/save, POST} route[39m[38;5;3m +1ms[39m
[32m[Nest] 8736  - [39m09/06/2026, 11:11:39 pm [32m    LOG[39m [38;5;3m[RouterExplorer] [39m[32mMapped {/api/v1/research/save/all, GET} route[39m[38;5;3m +0ms[39m
[32m[Nest] 8736  - [39m09/06/2026, 11:11:39 pm [32m    LOG[39m [38;5;3m[RouterExplorer] [39m[32mMapped {/api/v1/research/save/:id, DELETE} route[39m[38;5;3m +0ms[39m
[32m[Nest] 8736  - [39m09/06/2026, 11:11:39 pm [32m    LOG[39m [38;5;3m[RouterExplorer] [39m[32mMapped {/api/v1/research/asset, POST} route[39m[38;5;3m +1ms[39m
[32m[Nest] 8736  - [39m09/06/2026, 11:11:39 pm [32m    LOG[39m [38;5;3m[RouterExplorer] [39m[32mMapped {/api/v1/research/upload, POST} route[39m[38;5;3m +0ms[39m
[32m[Nest] 8736  - [39m09/06/2026, 11:11:39 pm [32m    LOG[39m [38;5;3m[RouterExplorer] [39m[32mMapped {/api/v1/research/documents/:queryId, GET} route[39m[38;5;3m +1ms[39m
[32m[Nest] 8736  - [39m09/06/2026, 11:11:39 pm [32m    LOG[39m [38;5;3m[RouterExplorer] [39m[32mMapped {/api/v1/research/generate, POST} route[39m[38;5;3m +0ms[39m
[32m[Nest] 8736  - [39m09/06/2026, 11:11:39 pm [32m    LOG[39m [38;5;3m[RouterExplorer] [39m[32mMapped {/api/v1/research/challenge, POST} route[39m[38;5;3m +0ms[39m
[32m[Nest] 8736  - [39m09/06/2026, 11:11:39 pm [32m    LOG[39m [38;5;3m[RoutesResolver] [39m[32mIngestionController {/api/v1/ingestion}:[39m[38;5;3m +1ms[39m
[32m[Nest] 8736  - [39m09/06/2026, 11:11:39 pm [32m    LOG[39m [38;5;3m[RouterExplorer] [39m[32mMapped {/api/v1/ingestion/status, GET} route[39m[38;5;3m +0ms[39m
[32m[Nest] 8736  - [39m09/06/2026, 11:11:39 pm [32m    LOG[39m [38;5;3m[RouterExplorer] [39m[32mMapped {/api/v1/ingestion/init-collections, POST} route[39m[38;5;3m +0ms[39m
[32m[Nest] 8736  - [39m09/06/2026, 11:11:39 pm [32m    LOG[39m [38;5;3m[RouterExplorer] [39m[32mMapped {/api/v1/ingestion/ingest, POST} route[39m[38;5;3m +0ms[39m
[32m[Nest] 8736  - [39m09/06/2026, 11:11:39 pm [32m    LOG[39m [38;5;3m[RouterExplorer] [39m[32mMapped {/api/v1/ingestion/ingest-text, POST} route[39m[38;5;3m +1ms[39m
[32m[Nest] 8736  - [39m09/06/2026, 11:11:39 pm [32m    LOG[39m [38;5;3m[RouterExplorer] [39m[32mMapped {/api/v1/ingestion/ingest-batch, POST} route[39m[38;5;3m +0ms[39m
[32m[Nest] 8736  - [39m09/06/2026, 11:11:39 pm [32m    LOG[39m [38;5;3m[RoutesResolver] [39m[32mExamController {/api/v1/exam}:[39m[38;5;3m +0ms[39m
[32m[Nest] 8736  - [39m09/06/2026, 11:11:39 pm [32m    LOG[39m [38;5;3m[RouterExplorer] [39m[32mMapped {/api/v1/exam, POST} route[39m[38;5;3m +1ms[39m
[32m[Nest] 8736  - [39m09/06/2026, 11:11:39 pm [32m    LOG[39m [38;5;3m[RouterExplorer] [39m[32mMapped {/api/v1/exam, GET} route[39m[38;5;3m +0ms[39m
[32m[Nest] 8736  - [39m09/06/2026, 11:11:39 pm [32m    LOG[39m [38;5;3m[RouterExplorer] [39m[32mMapped {/api/v1/exam/:id, GET} route[39m[38;5;3m +0ms[39m
[32m[Nest] 8736  - [39m09/06/2026, 11:11:39 pm [32m    LOG[39m [38;5;3m[RouterExplorer] [39m[32mMapped {/api/v1/exam/:id/mock, POST} route[39m[38;5;3m +1ms[39m
[32m[Nest] 8736  - [39m09/06/2026, 11:11:39 pm [32m    LOG[39m [38;5;3m[RouterExplorer] [39m[32mMapped {/api/v1/exam/assistant, POST} route[39m[38;5;3m +0ms[39m
[32m[Nest] 8736  - [39m09/06/2026, 11:11:39 pm [32m    LOG[39m [38;5;3m[RouterExplorer] [39m[32mMapped {/api/v1/exam/dashboard/recommendations, GET} route[39m[38;5;3m +0ms[39m
[32m[Nest] 8736  - [39m09/06/2026, 11:11:39 pm [32m    LOG[39m [38;5;3m[RouterExplorer] [39m[32mMapped {/api/v1/exam/doubt-solve, POST} route[39m[38;5;3m +1ms[39m
[32m[Nest] 8736  - [39m09/06/2026, 11:11:39 pm [32m    LOG[39m [38;5;3m[RouterExplorer] [39m[32mMapped {/api/v1/exam/oauth-tokens, POST} route[39m[38;5;3m +0ms[39m
[32m[Nest] 8736  - [39m09/06/2026, 11:11:39 pm [32m    LOG[39m [38;5;3m[RouterExplorer] [39m[32mMapped {/api/v1/exam/dashboard/notifications, GET} route[39m[38;5;3m +0ms[39m
[32m[Nest] 8736  - [39m09/06/2026, 11:11:39 pm [32m    LOG[39m [38;5;3m[RouterExplorer] [39m[32mMapped {/api/v1/exam/dashboard/notifications/read, POST} route[39m[38;5;3m +1ms[39m
[32m[Nest] 8736  - [39m09/06/2026, 11:11:39 pm [32m    LOG[39m [38;5;3m[RouterExplorer] [39m[32mMapped {/api/v1/exam/calendar/events, GET} route[39m[38;5;3m +0ms[39m
[32m[Nest] 8736  - [39m09/06/2026, 11:11:39 pm [32m    LOG[39m [38;5;3m[RouterExplorer] [39m[32mMapped {/api/v1/exam/calendar/events, POST} route[39m[38;5;3m +0ms[39m
[32m[Nest] 8736  - [39m09/06/2026, 11:11:39 pm [32m    LOG[39m [38;5;3m[RoutesResolver] [39m[32mFounderSecurityController {/api/v1/founder-security}:[39m[38;5;3m +1ms[39m
[32m[Nest] 8736  - [39m09/06/2026, 11:11:39 pm [32m    LOG[39m [38;5;3m[RouterExplorer] [39m[32mMapped {/api/v1/founder-security/settings, GET} route[39m[38;5;3m +0ms[39m
[32m[Nest] 8736  - [39m09/06/2026, 11:11:39 pm [32m    LOG[39m [38;5;3m[RouterExplorer] [39m[32mMapped {/api/v1/founder-security/settings, PUT} route[39m[38;5;3m +0ms[39m
[32m[Nest] 8736  - [39m09/06/2026, 11:11:39 pm [32m    LOG[39m [38;5;3m[RouterExplorer] [39m[32mMapped {/api/v1/founder-security/events, GET} route[39m[38;5;3m +1ms[39m
[32m[Nest] 8736  - [39m09/06/2026, 11:11:39 pm [32m    LOG[39m [38;5;3m[RouterExplorer] [39m[32mMapped {/api/v1/founder-security/events, POST} route[39m[38;5;3m +0ms[39m
[32m[Nest] 8736  - [39m09/06/2026, 11:11:39 pm [32m    LOG[39m [38;5;3m[RouterExplorer] [39m[32mMapped {/api/v1/founder-security/clear-locks, GET} route[39m[38;5;3m +0ms[39m
[32m[Nest] 8736  - [39m09/06/2026, 11:11:39 pm [32m    LOG[39m [38;5;3m[RouterExplorer] [39m[32mMapped {/api/v1/founder-security/admin-login, POST} route[39m[38;5;3m +0ms[39m
[32m[Nest] 8736  - [39m09/06/2026, 11:11:39 pm [32m    LOG[39m [38;5;3m[RouterExplorer] [39m[32mMapped {/api/v1/founder-security/verify-question, POST} route[39m[38;5;3m +1ms[39m
[32m[Nest] 8736  - [39m09/06/2026, 11:11:39 pm [32m    LOG[39m [38;5;3m[RouterExplorer] [39m[32mMapped {/api/v1/founder-security/login-approve, GET} route[39m[38;5;3m +0ms[39m
[32m[Nest] 8736  - [39m09/06/2026, 11:11:39 pm [32m    LOG[39m [38;5;3m[RouterExplorer] [39m[32mMapped {/api/v1/founder-security/login-reject, GET} route[39m[38;5;3m +0ms[39m
[32m[Nest] 8736  - [39m09/06/2026, 11:11:39 pm [32m    LOG[39m [38;5;3m[RouterExplorer] [39m[32mMapped {/api/v1/founder-security/login-status, GET} route[39m[38;5;3m +0ms[39m
[32m[Nest] 8736  - [39m09/06/2026, 11:11:39 pm [32m    LOG[39m [38;5;3m[RoutesResolver] [39m[32mSecurityTestController {/api/v1/api/security}:[39m[38;5;3m +1ms[39m
[32m[Nest] 8736  - [39m09/06/2026, 11:11:39 pm [32m    LOG[39m [38;5;3m[RouterExplorer] [39m[32mMapped {/api/security/test-email, GET} route[39m[38;5;3m +0ms[39m
[32m[Nest] 8736  - [39m09/06/2026, 11:11:39 pm [32m    LOG[39m [38;5;3m[RouterExplorer] [39m[32mMapped {/api/security/test-email, POST} route[39m[38;5;3m +0ms[39m
[32m[Nest] 8736  - [39m09/06/2026, 11:11:39 pm [32m    LOG[39m [38;5;3m[QdrantService] [39m[32mInitializing Qdrant client with URL: https://dd284eb5-9c7e-4f0e-92fd-815f87684ce0.us-west-1-0.aws.cloud.qdrant.io[39m
[32m[Nest] 8736  - [39m09/06/2026, 11:11:39 pm [32m    LOG[39m [38;5;3m[QdrantService] [39m[32mTesting Qdrant connection...[39m
[32m[Nest] 8736  - [39m09/06/2026, 11:11:39 pm [32m    LOG[39m [38;5;3m[BgeM3Provider] [39m[32mInitializing BGE-M3 provider → http://localhost:8100[39m
[32m[Nest] 8736  - [39m09/06/2026, 11:11:39 pm [32m    LOG[39m [38;5;3m[NestApplication] [39m[32mNest application successfully started[39m[38;5;3m +9ms[39m
[LEGATRIXON SERVER] NestJS Engine running on: http://localhost:4000/api/v1
[33m[Nest] 8736  - [39m09/06/2026, 11:11:39 pm [33m   WARN[39m [38;5;3m[BgeM3Provider] [39m[33mBGE-M3 sidecar unreachable at http://localhost:8100: . Embeddings will fail until the sidecar is started.[39m
[32m[Nest] 8736  - [39m09/06/2026, 11:11:40 pm [32m    LOG[39m [38;5;3m[QdrantService] [39m[32mSuccessfully connected to Qdrant.[39m
[32m[Nest] 8736  - [39m09/06/2026, 11:11:40 pm [32m    LOG[39m [38;5;3m[QdrantService] [39m[32mCollection judgments already exists.[39m
[32m[Nest] 8736  - [39m09/06/2026, 11:11:41 pm [32m    LOG[39m [38;5;3m[QdrantService] [39m[32mCollection acts already exists.[39m
[32m[Nest] 8736  - [39m09/06/2026, 11:11:41 pm [32m    LOG[39m [38;5;3m[QdrantService] [39m[32mCollection research_papers already exists.[39m
[32m[Nest] 8736  - [39m09/06/2026, 11:11:41 pm [32m    LOG[39m [38;5;3m[QdrantService] [39m[32mCollection law_commission_reports already exists.[39m
[32m[Nest] 8736  - [39m09/06/2026, 11:11:42 pm [32m    LOG[39m [38;5;3m[QdrantService] [39m[32mCollection user_documents already exists.[39m
[2J[3J[H[[90m11:15:14 pm[0m] File change detected. Starting incremental compilation...

[[90m11:15:14 pm[0m] Found 0 errors. Watching for file changes.

[32m[Nest] 33472  - [39m09/06/2026, 11:15:16 pm [32m    LOG[39m [38;5;3m[NestFactory] [39m[32mStarting Nest application...[39m
[32m[Nest] 33472  - [39m09/06/2026, 11:15:16 pm [32m    LOG[39m [38;5;3m[InstanceLoader] [39m[32mAppModule dependencies initialized[39m[38;5;3m +25ms[39m
[32m[Nest] 33472  - [39m09/06/2026, 11:15:16 pm [32m    LOG[39m [38;5;3m[InstanceLoader] [39m[32mTypeOrmModule dependencies initialized[39m[38;5;3m +0ms[39m
[32m[Nest] 33472  - [39m09/06/2026, 11:15:16 pm [32m    LOG[39m [38;5;3m[InstanceLoader] [39m[32mLegalDomainModule dependencies initialized[39m[38;5;3m +1ms[39m
[32m[Nest] 33472  - [39m09/06/2026, 11:15:16 pm [32m    LOG[39m [38;5;3m[InstanceLoader] [39m[32mRetrievalModule dependencies initialized[39m[38;5;3m +0ms[39m
[32m[Nest] 33472  - [39m09/06/2026, 11:15:16 pm [32m    LOG[39m [38;5;3m[InstanceLoader] [39m[32mJudgmentModule dependencies initialized[39m[38;5;3m +1ms[39m
[32m[Nest] 33472  - [39m09/06/2026, 11:15:16 pm [32m    LOG[39m [38;5;3m[InstanceLoader] [39m[32mContractModule dependencies initialized[39m[38;5;3m +0ms[39m
[32m[Nest] 33472  - [39m09/06/2026, 11:15:16 pm [32m    LOG[39m [38;5;3m[InstanceLoader] [39m[32mChatModule dependencies initialized[39m[38;5;3m +0ms[39m
[32m[Nest] 33472  - [39m09/06/2026, 11:15:16 pm [32m    LOG[39m [38;5;3m[InstanceLoader] [39m[32mIngestionModule dependencies initialized[39m[38;5;3m +0ms[39m
[32m[Nest] 33472  - [39m09/06/2026, 11:15:16 pm [32m    LOG[39m [38;5;3m[InstanceLoader] [39m[32mTypeOrmCoreModule dependencies initialized[39m[38;5;3m +38ms[39m
[32m[Nest] 33472  - [39m09/06/2026, 11:15:16 pm [32m    LOG[39m [38;5;3m[InstanceLoader] [39m[32mTypeOrmModule dependencies initialized[39m[38;5;3m +1ms[39m
[32m[Nest] 33472  - [39m09/06/2026, 11:15:16 pm [32m    LOG[39m [38;5;3m[InstanceLoader] [39m[32mTypeOrmModule dependencies initialized[39m[38;5;3m +0ms[39m
[32m[Nest] 33472  - [39m09/06/2026, 11:15:16 pm [32m    LOG[39m [38;5;3m[InstanceLoader] [39m[32mTypeOrmModule dependencies initialized[39m[38;5;3m +1ms[39m
[32m[Nest] 33472  - [39m09/06/2026, 11:15:16 pm [32m    LOG[39m [38;5;3m[InstanceLoader] [39m[32mTypeOrmModule dependencies initialized[39m[38;5;3m +0ms[39m
[32m[Nest] 33472  - [39m09/06/2026, 11:15:16 pm [32m    LOG[39m [38;5;3m[InstanceLoader] [39m[32mFounderSecurityModule dependencies initialized[39m[38;5;3m +1ms[39m
[32m[Nest] 33472  - [39m09/06/2026, 11:15:16 pm [32m    LOG[39m [38;5;3m[InstanceLoader] [39m[32mResearchModule dependencies initialized[39m[38;5;3m +0ms[39m
[32m[Nest] 33472  - [39m09/06/2026, 11:15:16 pm [32m    LOG[39m [38;5;3m[InstanceLoader] [39m[32mNotebookModule dependencies initialized[39m[38;5;3m +0ms[39m
[32m[Nest] 33472  - [39m09/06/2026, 11:15:16 pm [32m    LOG[39m [38;5;3m[InstanceLoader] [39m[32mExamModule dependencies initialized[39m[38;5;3m +1ms[39m
[32m[Nest] 33472  - [39m09/06/2026, 11:15:16 pm [32m    LOG[39m [38;5;3m[RoutesResolver] [39m[32mJudgmentController {/api/v1/judgments}:[39m[38;5;3m +24ms[39m
[32m[Nest] 33472  - [39m09/06/2026, 11:15:16 pm [32m    LOG[39m [38;5;3m[RouterExplorer] [39m[32mMapped {/api/v1/judgments/upload, POST} route[39m[38;5;3m +3ms[39m
[32m[Nest] 33472  - [39m09/06/2026, 11:15:16 pm [32m    LOG[39m [38;5;3m[RouterExplorer] [39m[32mMapped {/api/v1/judgments/:id/structure, GET} route[39m[38;5;3m +0ms[39m
[32m[Nest] 33472  - [39m09/06/2026, 11:15:16 pm [32m    LOG[39m [38;5;3m[RouterExplorer] [39m[32mMapped {/api/v1/judgments/:id/explain, POST} route[39m[38;5;3m +1ms[39m
[32m[Nest] 33472  - [39m09/06/2026, 11:15:16 pm [32m    LOG[39m [38;5;3m[RoutesResolver] [39m[32mChatController {/api/v1/chat}:[39m[38;5;3m +0ms[39m
[32m[Nest] 33472  - [39m09/06/2026, 11:15:16 pm [32m    LOG[39m [38;5;3m[RouterExplorer] [39m[32mMapped {/api/v1/chat/message, POST} route[39m[38;5;3m +0ms[39m
[32m[Nest] 33472  - [39m09/06/2026, 11:15:16 pm [32m    LOG[39m [38;5;3m[RouterExplorer] [39m[32mMapped {/api/v1/chat/history/:sessionId, GET} route[39m[38;5;3m +1ms[39m
[32m[Nest] 33472  - [39m09/06/2026, 11:15:16 pm [32m    LOG[39m [38;5;3m[RouterExplorer] [39m[32mMapped {/api/v1/chat/history/:sessionId, DELETE} route[39m[38;5;3m +0ms[39m
[32m[Nest] 33472  - [39m09/06/2026, 11:15:16 pm [32m    LOG[39m [38;5;3m[RouterExplorer] [39m[32mMapped {/api/v1/chat/search, POST} route[39m[38;5;3m +0ms[39m
[32m[Nest] 33472  - [39m09/06/2026, 11:15:16 pm [32m    LOG[39m [38;5;3m[RouterExplorer] [39m[32mMapped {/api/v1/chat/citations/:messageId, GET} route[39m[38;5;3m +1ms[39m
[32m[Nest] 33472  - [39m09/06/2026, 11:15:16 pm [32m    LOG[39m [38;5;3m[RoutesResolver] [39m[32mContractController {/api/v1/contracts}:[39m[38;5;3m +0ms[39m
[32m[Nest] 33472  - [39m09/06/2026, 11:15:16 pm [32m    LOG[39m [38;5;3m[RouterExplorer] [39m[32mMapped {/api/v1/contracts/review, POST} route[39m[38;5;3m +1ms[39m
[32m[Nest] 33472  - [39m09/06/2026, 11:15:16 pm [32m    LOG[39m [38;5;3m[RouterExplorer] [39m[32mMapped {/api/v1/contracts/:id/risks, GET} route[39m[38;5;3m +0ms[39m
[32m[Nest] 33472  - [39m09/06/2026, 11:15:16 pm [32m    LOG[39m [38;5;3m[RouterExplorer] [39m[32mMapped {/api/v1/contracts/:id/clauses, POST} route[39m[38;5;3m +1ms[39m
[32m[Nest] 33472  - [39m09/06/2026, 11:15:16 pm [32m    LOG[39m [38;5;3m[RoutesResolver] [39m[32mNotebookController {/api/v1/notebook}:[39m[38;5;3m +0ms[39m
[32m[Nest] 33472  - [39m09/06/2026, 11:15:16 pm [32m    LOG[39m [38;5;3m[RouterExplorer] [39m[32mMapped {/api/v1/notebook/documents, GET} route[39m[38;5;3m +0ms[39m
[32m[Nest] 33472  - [39m09/06/2026, 11:15:16 pm [32m    LOG[39m [38;5;3m[RouterExplorer] [39m[32mMapped {/api/v1/notebook/documents/:id, GET} route[39m[38;5;3m +0ms[39m
[32m[Nest] 33472  - [39m09/06/2026, 11:15:16 pm [32m    LOG[39m [38;5;3m[RouterExplorer] [39m[32mMapped {/api/v1/notebook/documents/:id/preview, GET} route[39m[38;5;3m +1ms[39m
[32m[Nest] 33472  - [39m09/06/2026, 11:15:16 pm [32m    LOG[39m [38;5;3m[RouterExplorer] [39m[32mMapped {/api/v1/notebook/documents/:id/file, GET} route[39m[38;5;3m +0ms[39m
[32m[Nest] 33472  - [39m09/06/2026, 11:15:16 pm [32m    LOG[39m [38;5;3m[RouterExplorer] [39m[32mMapped {/api/v1/notebook/documents/:id/chunks, GET} route[39m[38;5;3m +0ms[39m
[32m[Nest] 33472  - [39m09/06/2026, 11:15:16 pm [32m    LOG[39m [38;5;3m[RouterExplorer] [39m[32mMapped {/api/v1/notebook/documents/:id/chat-history, GET} route[39m[38;5;3m +0ms[39m
[32m[Nest] 33472  - [39m09/06/2026, 11:15:16 pm [32m    LOG[39m [38;5;3m[RouterExplorer] [39m[32mMapped {/api/v1/notebook/documents/:id/reprocess, POST} route[39m[38;5;3m +1ms[39m
[32m[Nest] 33472  - [39m09/06/2026, 11:15:16 pm [32m    LOG[39m [38;5;3m[RouterExplorer] [39m[32mMapped {/api/v1/notebook/documents/:id/extraction, GET} route[39m[38;5;3m +0ms[39m
[32m[Nest] 33472  - [39m09/06/2026, 11:15:16 pm [32m    LOG[39m [38;5;3m[RouterExplorer] [39m[32mMapped {/api/v1/notebook/documents/:id/extraction, POST} route[39m[38;5;3m +1ms[39m
[32m[Nest] 33472  - [39m09/06/2026, 11:15:16 pm [32m    LOG[39m [38;5;3m[RouterExplorer] [39m[32mMapped {/api/v1/notebook/documents/:id/study-forge/generate, POST} route[39m[38;5;3m +0ms[39m
[32m[Nest] 33472  - [39m09/06/2026, 11:15:16 pm [32m    LOG[39m [38;5;3m[RouterExplorer] [39m[32mMapped {/api/v1/notebook/documents/:id/study-forge/flashcards/:cardId/rate, POST} route[39m[38;5;3m +0ms[39m
[32m[Nest] 33472  - [39m09/06/2026, 11:15:16 pm [32m    LOG[39m [38;5;3m[RouterExplorer] [39m[32mMapped {/api/v1/notebook/documents/:id/study-forge/quiz-attempt, POST} route[39m[38;5;3m +0ms[39m
[32m[Nest] 33472  - [39m09/06/2026, 11:15:16 pm [32m    LOG[39m [38;5;3m[RouterExplorer] [39m[32mMapped {/api/v1/notebook/graph, GET} route[39m[38;5;3m +1ms[39m
[32m[Nest] 33472  - [39m09/06/2026, 11:15:16 pm [32m    LOG[39m [38;5;3m[RouterExplorer] [39m[32mMapped {/api/v1/notebook/search, GET} route[39m[38;5;3m +0ms[39m
[32m[Nest] 33472  - [39m09/06/2026, 11:15:16 pm [32m    LOG[39m [38;5;3m[RouterExplorer] [39m[32mMapped {/api/v1/notebook/documents/:id, DELETE} route[39m[38;5;3m +0ms[39m
[32m[Nest] 33472  - [39m09/06/2026, 11:15:16 pm [32m    LOG[39m [38;5;3m[RouterExplorer] [39m[32mMapped {/api/v1/notebook/upload, POST} route[39m[38;5;3m +0ms[39m
[32m[Nest] 33472  - [39m09/06/2026, 11:15:16 pm [32m    LOG[39m [38;5;3m[RouterExplorer] [39m[32mMapped {/api/v1/notebook/chat, POST} route[39m[38;5;3m +1ms[39m
[32m[Nest] 33472  - [39m09/06/2026, 11:15:16 pm [32m    LOG[39m [38;5;3m[RoutesResolver] [39m[32mResearchController {/api/v1/research}:[39m[38;5;3m +0ms[39m
[32m[Nest] 33472  - [39m09/06/2026, 11:15:16 pm [32m    LOG[39m [38;5;3m[RouterExplorer] [39m[32mMapped {/api/v1/research/query, POST} route[39m[38;5;3m +0ms[39m
[32m[Nest] 33472  - [39m09/06/2026, 11:15:16 pm [32m    LOG[39m [38;5;3m[RouterExplorer] [39m[32mMapped {/api/v1/research/query/all, GET} route[39m[38;5;3m +1ms[39m
[32m[Nest] 33472  - [39m09/06/2026, 11:15:16 pm [32m    LOG[39m [38;5;3m[RouterExplorer] [39m[32mMapped {/api/v1/research/query/:id, GET} route[39m[38;5;3m +0ms[39m
[32m[Nest] 33472  - [39m09/06/2026, 11:15:16 pm [32m    LOG[39m [38;5;3m[RouterExplorer] [39m[32mMapped {/api/v1/research/report, POST} route[39m[38;5;3m +0ms[39m
[32m[Nest] 33472  - [39m09/06/2026, 11:15:16 pm [32m    LOG[39m [38;5;3m[RouterExplorer] [39m[32mMapped {/api/v1/research/report/:id, GET} route[39m[38;5;3m +0ms[39m
[32m[Nest] 33472  - [39m09/06/2026, 11:15:16 pm [32m    LOG[39m [38;5;3m[RouterExplorer] [39m[32mMapped {/api/v1/research/report/:id, PUT} route[39m[38;5;3m +1ms[39m
[32m[Nest] 33472  - [39m09/06/2026, 11:15:16 pm [32m    LOG[39m [38;5;3m[RouterExplorer] [39m[32mMapped {/api/v1/research/report/:id, DELETE} route[39m[38;5;3m +0ms[39m
[32m[Nest] 33472  - [39m09/06/2026, 11:15:16 pm [32m    LOG[39m [38;5;3m[RouterExplorer] [39m[32mMapped {/api/v1/research/note, POST} route[39m[38;5;3m +0ms[39m
[32m[Nest] 33472  - [39m09/06/2026, 11:15:16 pm [32m    LOG[39m [38;5;3m[RouterExplorer] [39m[32mMapped {/api/v1/research/note/:id, GET} route[39m[38;5;3m +0ms[39m
[32m[Nest] 33472  - [39m09/06/2026, 11:15:16 pm [32m    LOG[39m [38;5;3m[RouterExplorer] [39m[32mMapped {/api/v1/research/note/:id, PUT} route[39m[38;5;3m +1ms[39m
[32m[Nest] 33472  - [39m09/06/2026, 11:15:16 pm [32m    LOG[39m [38;5;3m[RouterExplorer] [39m[32mMapped {/api/v1/research/note/:id, DELETE} route[39m[38;5;3m +0ms[39m
[32m[Nest] 33472  - [39m09/06/2026, 11:15:16 pm [32m    LOG[39m [38;5;3m[RouterExplorer] [39m[32mMapped {/api/v1/research/source, POST} route[39m[38;5;3m +0ms[39m
[32m[Nest] 33472  - [39m09/06/2026, 11:15:16 pm [32m    LOG[39m [38;5;3m[RouterExplorer] [39m[32mMapped {/api/v1/research/source/:id, GET} route[39m[38;5;3m +0ms[39m
[32m[Nest] 33472  - [39m09/06/2026, 11:15:16 pm [32m    LOG[39m [38;5;3m[RouterExplorer] [39m[32mMapped {/api/v1/research/source/:id, DELETE} route[39m[38;5;3m +0ms[39m
[32m[Nest] 33472  - [39m09/06/2026, 11:15:16 pm [32m    LOG[39m [38;5;3m[RouterExplorer] [39m[32mMapped {/api/v1/research/save, POST} route[39m[38;5;3m +1ms[39m
[32m[Nest] 33472  - [39m09/06/2026, 11:15:16 pm [32m    LOG[39m [38;5;3m[RouterExplorer] [39m[32mMapped {/api/v1/research/save/all, GET} route[39m[38;5;3m +0ms[39m
[32m[Nest] 33472  - [39m09/06/2026, 11:15:16 pm [32m    LOG[39m [38;5;3m[RouterExplorer] [39m[32mMapped {/api/v1/research/save/:id, DELETE} route[39m[38;5;3m +0ms[39m
[32m[Nest] 33472  - [39m09/06/2026, 11:15:16 pm [32m    LOG[39m [38;5;3m[RouterExplorer] [39m[32mMapped {/api/v1/research/asset, POST} route[39m[38;5;3m +0ms[39m
[32m[Nest] 33472  - [39m09/06/2026, 11:15:16 pm [32m    LOG[39m [38;5;3m[RouterExplorer] [39m[32mMapped {/api/v1/research/upload, POST} route[39m[38;5;3m +1ms[39m
[32m[Nest] 33472  - [39m09/06/2026, 11:15:16 pm [32m    LOG[39m [38;5;3m[RouterExplorer] [39m[32mMapped {/api/v1/research/documents/:queryId, GET} route[39m[38;5;3m +0ms[39m
[32m[Nest] 33472  - [39m09/06/2026, 11:15:16 pm [32m    LOG[39m [38;5;3m[RouterExplorer] [39m[32mMapped {/api/v1/research/generate, POST} route[39m[38;5;3m +0ms[39m
[32m[Nest] 33472  - [39m09/06/2026, 11:15:16 pm [32m    LOG[39m [38;5;3m[RouterExplorer] [39m[32mMapped {/api/v1/research/challenge, POST} route[39m[38;5;3m +0ms[39m
[32m[Nest] 33472  - [39m09/06/2026, 11:15:16 pm [32m    LOG[39m [38;5;3m[RoutesResolver] [39m[32mIngestionController {/api/v1/ingestion}:[39m[38;5;3m +0ms[39m
[32m[Nest] 33472  - [39m09/06/2026, 11:15:16 pm [32m    LOG[39m [38;5;3m[RouterExplorer] [39m[32mMapped {/api/v1/ingestion/status, GET} route[39m[38;5;3m +1ms[39m
[32m[Nest] 33472  - [39m09/06/2026, 11:15:16 pm [32m    LOG[39m [38;5;3m[RouterExplorer] [39m[32mMapped {/api/v1/ingestion/init-collections, POST} route[39m[38;5;3m +0ms[39m
[32m[Nest] 33472  - [39m09/06/2026, 11:15:16 pm [32m    LOG[39m [38;5;3m[RouterExplorer] [39m[32mMapped {/api/v1/ingestion/ingest, POST} route[39m[38;5;3m +0ms[39m
[32m[Nest] 33472  - [39m09/06/2026, 11:15:16 pm [32m    LOG[39m [38;5;3m[RouterExplorer] [39m[32mMapped {/api/v1/ingestion/ingest-text, POST} route[39m[38;5;3m +0ms[39m
[32m[Nest] 33472  - [39m09/06/2026, 11:15:16 pm [32m    LOG[39m [38;5;3m[RouterExplorer] [39m[32mMapped {/api/v1/ingestion/ingest-batch, POST} route[39m[38;5;3m +1ms[39m
[32m[Nest] 33472  - [39m09/06/2026, 11:15:16 pm [32m    LOG[39m [38;5;3m[RoutesResolver] [39m[32mExamController {/api/v1/exam}:[39m[38;5;3m +0ms[39m
[32m[Nest] 33472  - [39m09/06/2026, 11:15:16 pm [32m    LOG[39m [38;5;3m[RouterExplorer] [39m[32mMapped {/api/v1/exam, POST} route[39m[38;5;3m +0ms[39m
[32m[Nest] 33472  - [39m09/06/2026, 11:15:16 pm [32m    LOG[39m [38;5;3m[RouterExplorer] [39m[32mMapped {/api/v1/exam, GET} route[39m[38;5;3m +0ms[39m
[32m[Nest] 33472  - [39m09/06/2026, 11:15:16 pm [32m    LOG[39m [38;5;3m[RouterExplorer] [39m[32mMapped {/api/v1/exam/:id, GET} route[39m[38;5;3m +1ms[39m
[32m[Nest] 33472  - [39m09/06/2026, 11:15:16 pm [32m    LOG[39m [38;5;3m[RouterExplorer] [39m[32mMapped {/api/v1/exam/:id/mock, POST} route[39m[38;5;3m +0ms[39m
[32m[Nest] 33472  - [39m09/06/2026, 11:15:16 pm [32m    LOG[39m [38;5;3m[RouterExplorer] [39m[32mMapped {/api/v1/exam/assistant, POST} route[39m[38;5;3m +0ms[39m
[32m[Nest] 33472  - [39m09/06/2026, 11:15:16 pm [32m    LOG[39m [38;5;3m[RouterExplorer] [39m[32mMapped {/api/v1/exam/dashboard/recommendations, GET} route[39m[38;5;3m +0ms[39m
[32m[Nest] 33472  - [39m09/06/2026, 11:15:16 pm [32m    LOG[39m [38;5;3m[RouterExplorer] [39m[32mMapped {/api/v1/exam/doubt-solve, POST} route[39m[38;5;3m +1ms[39m
[32m[Nest] 33472  - [39m09/06/2026, 11:15:16 pm [32m    LOG[39m [38;5;3m[RouterExplorer] [39m[32mMapped {/api/v1/exam/oauth-tokens, POST} route[39m[38;5;3m +0ms[39m
[32m[Nest] 33472  - [39m09/06/2026, 11:15:16 pm [32m    LOG[39m [38;5;3m[RouterExplorer] [39m[32mMapped {/api/v1/exam/dashboard/notifications, GET} route[39m[38;5;3m +0ms[39m
[32m[Nest] 33472  - [39m09/06/2026, 11:15:16 pm [32m    LOG[39m [38;5;3m[RouterExplorer] [39m[32mMapped {/api/v1/exam/dashboard/notifications/read, POST} route[39m[38;5;3m +0ms[39m
[32m[Nest] 33472  - [39m09/06/2026, 11:15:16 pm [32m    LOG[39m [38;5;3m[RouterExplorer] [39m[32mMapped {/api/v1/exam/calendar/events, GET} route[39m[38;5;3m +1ms[39m
[32m[Nest] 33472  - [39m09/06/2026, 11:15:16 pm [32m    LOG[39m [38;5;3m[RouterExplorer] [39m[32mMapped {/api/v1/exam/calendar/events, POST} route[39m[38;5;3m +0ms[39m
[32m[Nest] 33472  - [39m09/06/2026, 11:15:16 pm [32m    LOG[39m [38;5;3m[RoutesResolver] [39m[32mFounderSecurityController {/api/v1/founder-security}:[39m[38;5;3m +0ms[39m
[32m[Nest] 33472  - [39m09/06/2026, 11:15:16 pm [32m    LOG[39m [38;5;3m[RouterExplorer] [39m[32mMapped {/api/v1/founder-security/settings, GET} route[39m[38;5;3m +0ms[39m
[32m[Nest] 33472  - [39m09/06/2026, 11:15:16 pm [32m    LOG[39m [38;5;3m[RouterExplorer] [39m[32mMapped {/api/v1/founder-security/settings, PUT} route[39m[38;5;3m +1ms[39m
[32m[Nest] 33472  - [39m09/06/2026, 11:15:16 pm [32m    LOG[39m [38;5;3m[RouterExplorer] [39m[32mMapped {/api/v1/founder-security/events, GET} route[39m[38;5;3m +0ms[39m
[32m[Nest] 33472  - [39m09/06/2026, 11:15:16 pm [32m    LOG[39m [38;5;3m[RouterExplorer] [39m[32mMapped {/api/v1/founder-security/events, POST} route[39m[38;5;3m +0ms[39m
[32m[Nest] 33472  - [39m09/06/2026, 11:15:16 pm [32m    LOG[39m [38;5;3m[RouterExplorer] [39m[32mMapped {/api/v1/founder-security/clear-locks, GET} route[39m[38;5;3m +0ms[39m
[32m[Nest] 33472  - [39m09/06/2026, 11:15:16 pm [32m    LOG[39m [38;5;3m[RouterExplorer] [39m[32mMapped {/api/v1/founder-security/admin-login, POST} route[39m[38;5;3m +1ms[39m
[32m[Nest] 33472  - [39m09/06/2026, 11:15:16 pm [32m    LOG[39m [38;5;3m[RouterExplorer] [39m[32mMapped {/api/v1/founder-security/verify-question, POST} route[39m[38;5;3m +0ms[39m
[32m[Nest] 33472  - [39m09/06/2026, 11:15:16 pm [32m    LOG[39m [38;5;3m[RouterExplorer] [39m[32mMapped {/api/v1/founder-security/login-approve, GET} route[39m[38;5;3m +0ms[39m
[32m[Nest] 33472  - [39m09/06/2026, 11:15:16 pm [32m    LOG[39m [38;5;3m[RouterExplorer] [39m[32mMapped {/api/v1/founder-security/login-reject, GET} route[39m[38;5;3m +0ms[39m
[32m[Nest] 33472  - [39m09/06/2026, 11:15:16 pm [32m    LOG[39m [38;5;3m[RouterExplorer] [39m[32mMapped {/api/v1/founder-security/login-status, GET} route[39m[38;5;3m +0ms[39m
[32m[Nest] 33472  - [39m09/06/2026, 11:15:16 pm [32m    LOG[39m [38;5;3m[RoutesResolver] [39m[32mSecurityTestController {/api/v1/api/security}:[39m[38;5;3m +1ms[39m
[32m[Nest] 33472  - [39m09/06/2026, 11:15:16 pm [32m    LOG[39m [38;5;3m[RouterExplorer] [39m[32mMapped {/api/security/test-email, GET} route[39m[38;5;3m +0ms[39m
[32m[Nest] 33472  - [39m09/06/2026, 11:15:16 pm [32m    LOG[39m [38;5;3m[RouterExplorer] [39m[32mMapped {/api/security/test-email, POST} route[39m[38;5;3m +0ms[39m
[32m[Nest] 33472  - [39m09/06/2026, 11:15:16 pm [32m    LOG[39m [38;5;3m[QdrantService] [39m[32mInitializing Qdrant client with URL: https://dd284eb5-9c7e-4f0e-92fd-815f87684ce0.us-west-1-0.aws.cloud.qdrant.io[39m
[32m[Nest] 33472  - [39m09/06/2026, 11:15:16 pm [32m    LOG[39m [38;5;3m[QdrantService] [39m[32mTesting Qdrant connection...[39m
[32m[Nest] 33472  - [39m09/06/2026, 11:15:16 pm [32m    LOG[39m [38;5;3m[BgeM3Provider] [39m[32mInitializing BGE-M3 provider → http://localhost:8100[39m
[32m[Nest] 33472  - [39m09/06/2026, 11:15:16 pm [32m    LOG[39m [38;5;3m[NestApplication] [39m[32mNest application successfully started[39m[38;5;3m +8ms[39m
[LEGATRIXON SERVER] NestJS Engine running on: http://localhost:4000/api/v1
[33m[Nest] 33472  - [39m09/06/2026, 11:15:16 pm [33m   WARN[39m [38;5;3m[BgeM3Provider] [39m[33mBGE-M3 sidecar unreachable at http://localhost:8100: . Embeddings will fail until the sidecar is started.[39m
[32m[Nest] 33472  - [39m09/06/2026, 11:15:17 pm [32m    LOG[39m [38;5;3m[QdrantService] [39m[32mSuccessfully connected to Qdrant.[39m
[32m[Nest] 33472  - [39m09/06/2026, 11:15:17 pm [32m    LOG[39m [38;5;3m[QdrantService] [39m[32mCollection judgments already exists.[39m
[32m[Nest] 33472  - [39m09/06/2026, 11:15:17 pm [32m    LOG[39m [38;5;3m[QdrantService] [39m[32mCollection acts already exists.[39m
[32m[Nest] 33472  - [39m09/06/2026, 11:15:18 pm [32m    LOG[39m [38;5;3m[QdrantService] [39m[32mCollection research_papers already exists.[39m
[32m[Nest] 33472  - [39m09/06/2026, 11:15:18 pm [32m    LOG[39m [38;5;3m[QdrantService] [39m[32mCollection law_commission_reports already exists.[39m
[32m[Nest] 33472  - [39m09/06/2026, 11:15:18 pm [32m    LOG[39m [38;5;3m[QdrantService] [39m[32mCollection user_documents already exists.[39m
[2J[3J[H[[90m11:15:37 pm[0m] File change detected. Starting incremental compilation...

[96msrc/modules/chat/lexmentor-ai.service.ts[0m:[93m56[0m:[93m34[0m - [91merror[0m[90m TS2339: [0mProperty 'retrieveLegalContext' does not exist on type 'LexMentorAiService'.

[7m56[0m     const retrieval = await this.retrieveLegalContext(input.query);
[7m  [0m [91m                                 ~~~~~~~~~~~~~~~~~~~~[0m

[96msrc/modules/chat/lexmentor-ai.service.ts[0m:[93m92[0m:[93m77[0m - [91merror[0m[90m TS2552: [0mCannot find name 'LexMentorRetrievalResult'. Did you mean 'LexMentorAiResult'?

[7m92[0m   private async generateWithDeepSeek(input: LexMentorAiInput & { retrieval: LexMentorRetrievalResult }): Promise<LexMentorAiResult> {
[7m  [0m [91m                                                                            ~~~~~~~~~~~~~~~~~~~~~~~~[0m

[96msrc/modules/chat/lexmentor-ai.service.ts[0m:[93m111[0m:[93m75[0m - [91merror[0m[90m TS2552: [0mCannot find name 'LexMentorRetrievalResult'. Did you mean 'LexMentorAiResult'?

[7m111[0m   private async generateWithGemini(input: LexMentorAiInput & { retrieval: LexMentorRetrievalResult }): Promise<LexMentorAiResult> {
[7m   [0m [91m                                                                          ~~~~~~~~~~~~~~~~~~~~~~~~[0m

[96msrc/modules/chat/lexmentor-ai.service.ts[0m:[93m126[0m:[93m75[0m - [91merror[0m[90m TS2552: [0mCannot find name 'LexMentorRetrievalResult'. Did you mean 'LexMentorAiResult'?

[7m126[0m   private async generateWithOpenAI(input: LexMentorAiInput & { retrieval: LexMentorRetrievalResult }): Promise<LexMentorAiResult> {
[7m   [0m [91m                                                                          ~~~~~~~~~~~~~~~~~~~~~~~~[0m

[96msrc/modules/chat/lexmentor-ai.service.ts[0m:[93m142[0m:[93m44[0m - [91merror[0m[90m TS2552: [0mCannot find name 'LexMentorRetrievalResult'. Did you mean 'LexMentorAiResult'?

[7m142[0m     input: LexMentorAiInput & { retrieval: LexMentorRetrievalResult };
[7m   [0m [91m                                           ~~~~~~~~~~~~~~~~~~~~~~~~[0m

[96msrc/modules/chat/lexmentor-ai.service.ts[0m:[93m161[0m:[93m79[0m - [91merror[0m[90m TS2554: [0mExpected 3 arguments, but got 4.

[7m161[0m             content: this.buildSystemPrompt(mode, intent, params.input.query, params.input.retrieval.contextBlock),
[7m   [0m [91m                                                                              ~~~~~~~~~~~~~~~~~~~~~~~~~~~~~~~~~~~[0m

[[90m11:15:37 pm[0m] Found 6 errors. Watching for file changes.

[2J[3J[H[[90m11:16:12 pm[0m] File change detected. Starting incremental compilation...

[[90m11:16:12 pm[0m] Found 0 errors. Watching for file changes.

[32m[Nest] 37548  - [39m09/06/2026, 11:16:14 pm [32m    LOG[39m [38;5;3m[NestFactory] [39m[32mStarting Nest application...[39m
[32m[Nest] 37548  - [39m09/06/2026, 11:16:14 pm [32m    LOG[39m [38;5;3m[InstanceLoader] [39m[32mAppModule dependencies initialized[39m[38;5;3m +25ms[39m
[32m[Nest] 37548  - [39m09/06/2026, 11:16:14 pm [32m    LOG[39m [38;5;3m[InstanceLoader] [39m[32mTypeOrmModule dependencies initialized[39m[38;5;3m +0ms[39m
[32m[Nest] 37548  - [39m09/06/2026, 11:16:14 pm [32m    LOG[39m [38;5;3m[InstanceLoader] [39m[32mLegalDomainModule dependencies initialized[39m[38;5;3m +0ms[39m
[32m[Nest] 37548  - [39m09/06/2026, 11:16:14 pm [32m    LOG[39m [38;5;3m[InstanceLoader] [39m[32mRetrievalModule dependencies initialized[39m[38;5;3m +1ms[39m
[32m[Nest] 37548  - [39m09/06/2026, 11:16:14 pm [32m    LOG[39m [38;5;3m[InstanceLoader] [39m[32mJudgmentModule dependencies initialized[39m[38;5;3m +0ms[39m
[32m[Nest] 37548  - [39m09/06/2026, 11:16:14 pm [32m    LOG[39m [38;5;3m[InstanceLoader] [39m[32mContractModule dependencies initialized[39m[38;5;3m +0ms[39m
[32m[Nest] 37548  - [39m09/06/2026, 11:16:14 pm [32m    LOG[39m [38;5;3m[InstanceLoader] [39m[32mIngestionModule dependencies initialized[39m[38;5;3m +1ms[39m
[32m[Nest] 37548  - [39m09/06/2026, 11:16:14 pm [32m    LOG[39m [38;5;3m[InstanceLoader] [39m[32mChatModule dependencies initialized[39m[38;5;3m +0ms[39m
[32m[Nest] 37548  - [39m09/06/2026, 11:16:14 pm [32m    LOG[39m [38;5;3m[InstanceLoader] [39m[32mTypeOrmCoreModule dependencies initialized[39m[38;5;3m +40ms[39m
[32m[Nest] 37548  - [39m09/06/2026, 11:16:14 pm [32m    LOG[39m [38;5;3m[InstanceLoader] [39m[32mTypeOrmModule dependencies initialized[39m[38;5;3m +1ms[39m
[32m[Nest] 37548  - [39m09/06/2026, 11:16:14 pm [32m    LOG[39m [38;5;3m[InstanceLoader] [39m[32mTypeOrmModule dependencies initialized[39m[38;5;3m +0ms[39m
[32m[Nest] 37548  - [39m09/06/2026, 11:16:14 pm [32m    LOG[39m [38;5;3m[InstanceLoader] [39m[32mTypeOrmModule dependencies initialized[39m[38;5;3m +0ms[39m
[32m[Nest] 37548  - [39m09/06/2026, 11:16:14 pm [32m    LOG[39m [38;5;3m[InstanceLoader] [39m[32mTypeOrmModule dependencies initialized[39m[38;5;3m +0ms[39m
[32m[Nest] 37548  - [39m09/06/2026, 11:16:14 pm [32m    LOG[39m [38;5;3m[InstanceLoader] [39m[32mFounderSecurityModule dependencies initialized[39m[38;5;3m +1ms[39m
[32m[Nest] 37548  - [39m09/06/2026, 11:16:14 pm [32m    LOG[39m [38;5;3m[InstanceLoader] [39m[32mResearchModule dependencies initialized[39m[38;5;3m +1ms[39m
[32m[Nest] 37548  - [39m09/06/2026, 11:16:14 pm [32m    LOG[39m [38;5;3m[InstanceLoader] [39m[32mNotebookModule dependencies initialized[39m[38;5;3m +0ms[39m
[32m[Nest] 37548  - [39m09/06/2026, 11:16:14 pm [32m    LOG[39m [38;5;3m[InstanceLoader] [39m[32mExamModule dependencies initialized[39m[38;5;3m +0ms[39m
[32m[Nest] 37548  - [39m09/06/2026, 11:16:14 pm [32m    LOG[39m [38;5;3m[RoutesResolver] [39m[32mJudgmentController {/api/v1/judgments}:[39m[38;5;3m +25ms[39m
[32m[Nest] 37548  - [39m09/06/2026, 11:16:14 pm [32m    LOG[39m [38;5;3m[RouterExplorer] [39m[32mMapped {/api/v1/judgments/upload, POST} route[39m[38;5;3m +2ms[39m
[32m[Nest] 37548  - [39m09/06/2026, 11:16:14 pm [32m    LOG[39m [38;5;3m[RouterExplorer] [39m[32mMapped {/api/v1/judgments/:id/structure, GET} route[39m[38;5;3m +1ms[39m
[32m[Nest] 37548  - [39m09/06/2026, 11:16:14 pm [32m    LOG[39m [38;5;3m[RouterExplorer] [39m[32mMapped {/api/v1/judgments/:id/explain, POST} route[39m[38;5;3m +0ms[39m
[32m[Nest] 37548  - [39m09/06/2026, 11:16:14 pm [32m    LOG[39m [38;5;3m[RoutesResolver] [39m[32mChatController {/api/v1/chat}:[39m[38;5;3m +0ms[39m
[32m[Nest] 37548  - [39m09/06/2026, 11:16:14 pm [32m    LOG[39m [38;5;3m[RouterExplorer] [39m[32mMapped {/api/v1/chat/message, POST} route[39m[38;5;3m +1ms[39m
[32m[Nest] 37548  - [39m09/06/2026, 11:16:14 pm [32m    LOG[39m [38;5;3m[RouterExplorer] [39m[32mMapped {/api/v1/chat/history/:sessionId, GET} route[39m[38;5;3m +0ms[39m
[32m[Nest] 37548  - [39m09/06/2026, 11:16:14 pm [32m    LOG[39m [38;5;3m[RouterExplorer] [39m[32mMapped {/api/v1/chat/history/:sessionId, DELETE} route[39m[38;5;3m +0ms[39m
[32m[Nest] 37548  - [39m09/06/2026, 11:16:14 pm [32m    LOG[39m [38;5;3m[RouterExplorer] [39m[32mMapped {/api/v1/chat/search, POST} route[39m[38;5;3m +1ms[39m
[32m[Nest] 37548  - [39m09/06/2026, 11:16:14 pm [32m    LOG[39m [38;5;3m[RouterExplorer] [39m[32mMapped {/api/v1/chat/citations/:messageId, GET} route[39m[38;5;3m +0ms[39m
[32m[Nest] 37548  - [39m09/06/2026, 11:16:14 pm [32m    LOG[39m [38;5;3m[RoutesResolver] [39m[32mContractController {/api/v1/contracts}:[39m[38;5;3m +0ms[39m
[32m[Nest] 37548  - [39m09/06/2026, 11:16:14 pm [32m    LOG[39m [38;5;3m[RouterExplorer] [39m[32mMapped {/api/v1/contracts/review, POST} route[39m[38;5;3m +1ms[39m
[32m[Nest] 37548  - [39m09/06/2026, 11:16:14 pm [32m    LOG[39m [38;5;3m[RouterExplorer] [39m[32mMapped {/api/v1/contracts/:id/risks, GET} route[39m[38;5;3m +0ms[39m
[32m[Nest] 37548  - [39m09/06/2026, 11:16:14 pm [32m    LOG[39m [38;5;3m[RouterExplorer] [39m[32mMapped {/api/v1/contracts/:id/clauses, POST} route[39m[38;5;3m +1ms[39m
[32m[Nest] 37548  - [39m09/06/2026, 11:16:14 pm [32m    LOG[39m [38;5;3m[RoutesResolver] [39m[32mNotebookController {/api/v1/notebook}:[39m[38;5;3m +0ms[39m
[32m[Nest] 37548  - [39m09/06/2026, 11:16:14 pm [32m    LOG[39m [38;5;3m[RouterExplorer] [39m[32mMapped {/api/v1/notebook/documents, GET} route[39m[38;5;3m +1ms[39m
[32m[Nest] 37548  - [39m09/06/2026, 11:16:14 pm [32m    LOG[39m [38;5;3m[RouterExplorer] [39m[32mMapped {/api/v1/notebook/documents/:id, GET} route[39m[38;5;3m +0ms[39m
[32m[Nest] 37548  - [39m09/06/2026, 11:16:14 pm [32m    LOG[39m [38;5;3m[RouterExplorer] [39m[32mMapped {/api/v1/notebook/documents/:id/preview, GET} route[39m[38;5;3m +0ms[39m
[32m[Nest] 37548  - [39m09/06/2026, 11:16:14 pm [32m    LOG[39m [38;5;3m[RouterExplorer] [39m[32mMapped {/api/v1/notebook/documents/:id/file, GET} route[39m[38;5;3m +0ms[39m
[32m[Nest] 37548  - [39m09/06/2026, 11:16:14 pm [32m    LOG[39m [38;5;3m[RouterExplorer] [39m[32mMapped {/api/v1/notebook/documents/:id/chunks, GET} route[39m[38;5;3m +1ms[39m
[32m[Nest] 37548  - [39m09/06/2026, 11:16:14 pm [32m    LOG[39m [38;5;3m[RouterExplorer] [39m[32mMapped {/api/v1/notebook/documents/:id/chat-history, GET} route[39m[38;5;3m +0ms[39m
[32m[Nest] 37548  - [39m09/06/2026, 11:16:14 pm [32m    LOG[39m [38;5;3m[RouterExplorer] [39m[32mMapped {/api/v1/notebook/documents/:id/reprocess, POST} route[39m[38;5;3m +0ms[39m
[32m[Nest] 37548  - [39m09/06/2026, 11:16:14 pm [32m    LOG[39m [38;5;3m[RouterExplorer] [39m[32mMapped {/api/v1/notebook/documents/:id/extraction, GET} route[39m[38;5;3m +1ms[39m
[32m[Nest] 37548  - [39m09/06/2026, 11:16:14 pm [32m    LOG[39m [38;5;3m[RouterExplorer] [39m[32mMapped {/api/v1/notebook/documents/:id/extraction, POST} route[39m[38;5;3m +0ms[39m
[32m[Nest] 37548  - [39m09/06/2026, 11:16:14 pm [32m    LOG[39m [38;5;3m[RouterExplorer] [39m[32mMapped {/api/v1/notebook/documents/:id/study-forge/generate, POST} route[39m[38;5;3m +0ms[39m
[32m[Nest] 37548  - [39m09/06/2026, 11:16:14 pm [32m    LOG[39m [38;5;3m[RouterExplorer] [39m[32mMapped {/api/v1/notebook/documents/:id/study-forge/flashcards/:cardId/rate, POST} route[39m[38;5;3m +0ms[39m
[32m[Nest] 37548  - [39m09/06/2026, 11:16:14 pm [32m    LOG[39m [38;5;3m[RouterExplorer] [39m[32mMapped {/api/v1/notebook/documents/:id/study-forge/quiz-attempt, POST} route[39m[38;5;3m +1ms[39m
[32m[Nest] 37548  - [39m09/06/2026, 11:16:14 pm [32m    LOG[39m [38;5;3m[RouterExplorer] [39m[32mMapped {/api/v1/notebook/graph, GET} route[39m[38;5;3m +0ms[39m
[32m[Nest] 37548  - [39m09/06/2026, 11:16:14 pm [32m    LOG[39m [38;5;3m[RouterExplorer] [39m[32mMapped {/api/v1/notebook/search, GET} route[39m[38;5;3m +0ms[39m
[32m[Nest] 37548  - [39m09/06/2026, 11:16:14 pm [32m    LOG[39m [38;5;3m[RouterExplorer] [39m[32mMapped {/api/v1/notebook/documents/:id, DELETE} route[39m[38;5;3m +0ms[39m
[32m[Nest] 37548  - [39m09/06/2026, 11:16:14 pm [32m    LOG[39m [38;5;3m[RouterExplorer] [39m[32mMapped {/api/v1/notebook/upload, POST} route[39m[38;5;3m +1ms[39m
[32m[Nest] 37548  - [39m09/06/2026, 11:16:14 pm [32m    LOG[39m [38;5;3m[RouterExplorer] [39m[32mMapped {/api/v1/notebook/chat, POST} route[39m[38;5;3m +0ms[39m
[32m[Nest] 37548  - [39m09/06/2026, 11:16:14 pm [32m    LOG[39m [38;5;3m[RoutesResolver] [39m[32mResearchController {/api/v1/research}:[39m[38;5;3m +0ms[39m
[32m[Nest] 37548  - [39m09/06/2026, 11:16:14 pm [32m    LOG[39m [38;5;3m[RouterExplorer] [39m[32mMapped {/api/v1/research/query, POST} route[39m[38;5;3m +1ms[39m
[32m[Nest] 37548  - [39m09/06/2026, 11:16:14 pm [32m    LOG[39m [38;5;3m[RouterExplorer] [39m[32mMapped {/api/v1/research/query/all, GET} route[39m[38;5;3m +0ms[39m
[32m[Nest] 37548  - [39m09/06/2026, 11:16:14 pm [32m    LOG[39m [38;5;3m[RouterExplorer] [39m[32mMapped {/api/v1/research/query/:id, GET} route[39m[38;5;3m +0ms[39m
[32m[Nest] 37548  - [39m09/06/2026, 11:16:14 pm [32m    LOG[39m [38;5;3m[RouterExplorer] [39m[32mMapped {/api/v1/research/report, POST} route[39m[38;5;3m +0ms[39m
[32m[Nest] 37548  - [39m09/06/2026, 11:16:14 pm [32m    LOG[39m [38;5;3m[RouterExplorer] [39m[32mMapped {/api/v1/research/report/:id, GET} route[39m[38;5;3m +1ms[39m
[32m[Nest] 37548  - [39m09/06/2026, 11:16:14 pm [32m    LOG[39m [38;5;3m[RouterExplorer] [39m[32mMapped {/api/v1/research/report/:id, PUT} route[39m[38;5;3m +0ms[39m
[32m[Nest] 37548  - [39m09/06/2026, 11:16:14 pm [32m    LOG[39m [38;5;3m[RouterExplorer] [39m[32mMapped {/api/v1/research/report/:id, DELETE} route[39m[38;5;3m +0ms[39m
[32m[Nest] 37548  - [39m09/06/2026, 11:16:14 pm [32m    LOG[39m [38;5;3m[RouterExplorer] [39m[32mMapped {/api/v1/research/note, POST} route[39m[38;5;3m +0ms[39m
[32m[Nest] 37548  - [39m09/06/2026, 11:16:14 pm [32m    LOG[39m [38;5;3m[RouterExplorer] [39m[32mMapped {/api/v1/research/note/:id, GET} route[39m[38;5;3m +1ms[39m
[32m[Nest] 37548  - [39m09/06/2026, 11:16:14 pm [32m    LOG[39m [38;5;3m[RouterExplorer] [39m[32mMapped {/api/v1/research/note/:id, PUT} route[39m[38;5;3m +0ms[39m
[32m[Nest] 37548  - [39m09/06/2026, 11:16:14 pm [32m    LOG[39m [38;5;3m[RouterExplorer] [39m[32mMapped {/api/v1/research/note/:id, DELETE} route[39m[38;5;3m +0ms[39m
[32m[Nest] 37548  - [39m09/06/2026, 11:16:14 pm [32m    LOG[39m [38;5;3m[RouterExplorer] [39m[32mMapped {/api/v1/research/source, POST} route[39m[38;5;3m +1ms[39m
[32m[Nest] 37548  - [39m09/06/2026, 11:16:14 pm [32m    LOG[39m [38;5;3m[RouterExplorer] [39m[32mMapped {/api/v1/research/source/:id, GET} route[39m[38;5;3m +0ms[39m
[32m[Nest] 37548  - [39m09/06/2026, 11:16:14 pm [32m    LOG[39m [38;5;3m[RouterExplorer] [39m[32mMapped {/api/v1/research/source/:id, DELETE} route[39m[38;5;3m +0ms[39m
[32m[Nest] 37548  - [39m09/06/2026, 11:16:14 pm [32m    LOG[39m [38;5;3m[RouterExplorer] [39m[32mMapped {/api/v1/research/save, POST} route[39m[38;5;3m +0ms[39m
[32m[Nest] 37548  - [39m09/06/2026, 11:16:14 pm [32m    LOG[39m [38;5;3m[RouterExplorer] [39m[32mMapped {/api/v1/research/save/all, GET} route[39m[38;5;3m +1ms[39m
[32m[Nest] 37548  - [39m09/06/2026, 11:16:14 pm [32m    LOG[39m [38;5;3m[RouterExplorer] [39m[32mMapped {/api/v1/research/save/:id, DELETE} route[39m[38;5;3m +0ms[39m
[32m[Nest] 37548  - [39m09/06/2026, 11:16:14 pm [32m    LOG[39m [38;5;3m[RouterExplorer] [39m[32mMapped {/api/v1/research/asset, POST} route[39m[38;5;3m +0ms[39m
[32m[Nest] 37548  - [39m09/06/2026, 11:16:14 pm [32m    LOG[39m [38;5;3m[RouterExplorer] [39m[32mMapped {/api/v1/research/upload, POST} route[39m[38;5;3m +0ms[39m
[32m[Nest] 37548  - [39m09/06/2026, 11:16:14 pm [32m    LOG[39m [38;5;3m[RouterExplorer] [39m[32mMapped {/api/v1/research/documents/:queryId, GET} route[39m[38;5;3m +1ms[39m
[32m[Nest] 37548  - [39m09/06/2026, 11:16:14 pm [32m    LOG[39m [38;5;3m[RouterExplorer] [39m[32mMapped {/api/v1/research/generate, POST} route[39m[38;5;3m +0ms[39m
[32m[Nest] 37548  - [39m09/06/2026, 11:16:14 pm [32m    LOG[39m [38;5;3m[RouterExplorer] [39m[32mMapped {/api/v1/research/challenge, POST} route[39m[38;5;3m +0ms[39m
[32m[Nest] 37548  - [39m09/06/2026, 11:16:14 pm [32m    LOG[39m [38;5;3m[RoutesResolver] [39m[32mIngestionController {/api/v1/ingestion}:[39m[38;5;3m +0ms[39m
[32m[Nest] 37548  - [39m09/06/2026, 11:16:14 pm [32m    LOG[39m [38;5;3m[RouterExplorer] [39m[32mMapped {/api/v1/ingestion/status, GET} route[39m[38;5;3m +1ms[39m
[32m[Nest] 37548  - [39m09/06/2026, 11:16:14 pm [32m    LOG[39m [38;5;3m[RouterExplorer] [39m[32mMapped {/api/v1/ingestion/init-collections, POST} route[39m[38;5;3m +0ms[39m
[32m[Nest] 37548  - [39m09/06/2026, 11:16:14 pm [32m    LOG[39m [38;5;3m[RouterExplorer] [39m[32mMapped {/api/v1/ingestion/ingest, POST} route[39m[38;5;3m +0ms[39m
[32m[Nest] 37548  - [39m09/06/2026, 11:16:14 pm [32m    LOG[39m [38;5;3m[RouterExplorer] [39m[32mMapped {/api/v1/ingestion/ingest-text, POST} route[39m[38;5;3m +0ms[39m
[32m[Nest] 37548  - [39m09/06/2026, 11:16:14 pm [32m    LOG[39m [38;5;3m[RouterExplorer] [39m[32mMapped {/api/v1/ingestion/ingest-batch, POST} route[39m[38;5;3m +1ms[39m
[32m[Nest] 37548  - [39m09/06/2026, 11:16:14 pm [32m    LOG[39m [38;5;3m[RoutesResolver] [39m[32mExamController {/api/v1/exam}:[39m[38;5;3m +0ms[39m
[32m[Nest] 37548  - [39m09/06/2026, 11:16:14 pm [32m    LOG[39m [38;5;3m[RouterExplorer] [39m[32mMapped {/api/v1/exam, POST} route[39m[38;5;3m +0ms[39m
[32m[Nest] 37548  - [39m09/06/2026, 11:16:14 pm [32m    LOG[39m [38;5;3m[RouterExplorer] [39m[32mMapped {/api/v1/exam, GET} route[39m[38;5;3m +0ms[39m
[32m[Nest] 37548  - [39m09/06/2026, 11:16:14 pm [32m    LOG[39m [38;5;3m[RouterExplorer] [39m[32mMapped {/api/v1/exam/:id, GET} route[39m[38;5;3m +1ms[39m
[32m[Nest] 37548  - [39m09/06/2026, 11:16:14 pm [32m    LOG[39m [38;5;3m[RouterExplorer] [39m[32mMapped {/api/v1/exam/:id/mock, POST} route[39m[38;5;3m +0ms[39m
[32m[Nest] 37548  - [39m09/06/2026, 11:16:14 pm [32m    LOG[39m [38;5;3m[RouterExplorer] [39m[32mMapped {/api/v1/exam/assistant, POST} route[39m[38;5;3m +0ms[39m
[32m[Nest] 37548  - [39m09/06/2026, 11:16:14 pm [32m    LOG[39m [38;5;3m[RouterExplorer] [39m[32mMapped {/api/v1/exam/dashboard/recommendations, GET} route[39m[38;5;3m +0ms[39m
[32m[Nest] 37548  - [39m09/06/2026, 11:16:14 pm [32m    LOG[39m [38;5;3m[RouterExplorer] [39m[32mMapped {/api/v1/exam/doubt-solve, POST} route[39m[38;5;3m +1ms[39m
[32m[Nest] 37548  - [39m09/06/2026, 11:16:14 pm [32m    LOG[39m [38;5;3m[RouterExplorer] [39m[32mMapped {/api/v1/exam/oauth-tokens, POST} route[39m[38;5;3m +0ms[39m
[32m[Nest] 37548  - [39m09/06/2026, 11:16:14 pm [32m    LOG[39m [38;5;3m[RouterExplorer] [39m[32mMapped {/api/v1/exam/dashboard/notifications, GET} route[39m[38;5;3m +0ms[39m
[32m[Nest] 37548  - [39m09/06/2026, 11:16:14 pm [32m    LOG[39m [38;5;3m[RouterExplorer] [39m[32mMapped {/api/v1/exam/dashboard/notifications/read, POST} route[39m[38;5;3m +0ms[39m
[32m[Nest] 37548  - [39m09/06/2026, 11:16:14 pm [32m    LOG[39m [38;5;3m[RouterExplorer] [39m[32mMapped {/api/v1/exam/calendar/events, GET} route[39m[38;5;3m +1ms[39m
[32m[Nest] 37548  - [39m09/06/2026, 11:16:14 pm [32m    LOG[39m [38;5;3m[RouterExplorer] [39m[32mMapped {/api/v1/exam/calendar/events, POST} route[39m[38;5;3m +0ms[39m
[32m[Nest] 37548  - [39m09/06/2026, 11:16:14 pm [32m    LOG[39m [38;5;3m[RoutesResolver] [39m[32mFounderSecurityController {/api/v1/founder-security}:[39m[38;5;3m +0ms[39m
[32m[Nest] 37548  - [39m09/06/2026, 11:16:14 pm [32m    LOG[39m [38;5;3m[RouterExplorer] [39m[32mMapped {/api/v1/founder-security/settings, GET} route[39m[38;5;3m +0ms[39m
[32m[Nest] 37548  - [39m09/06/2026, 11:16:14 pm [32m    LOG[39m [38;5;3m[RouterExplorer] [39m[32mMapped {/api/v1/founder-security/settings, PUT} route[39m[38;5;3m +0ms[39m
[32m[Nest] 37548  - [39m09/06/2026, 11:16:14 pm [32m    LOG[39m [38;5;3m[RouterExplorer] [39m[32mMapped {/api/v1/founder-security/events, GET} route[39m[38;5;3m +1ms[39m
[32m[Nest] 37548  - [39m09/06/2026, 11:16:14 pm [32m    LOG[39m [38;5;3m[RouterExplorer] [39m[32mMapped {/api/v1/founder-security/events, POST} route[39m[38;5;3m +0ms[39m
[32m[Nest] 37548  - [39m09/06/2026, 11:16:14 pm [32m    LOG[39m [38;5;3m[RouterExplorer] [39m[32mMapped {/api/v1/founder-security/clear-locks, GET} route[39m[38;5;3m +0ms[39m
[32m[Nest] 37548  - [39m09/06/2026, 11:16:14 pm [32m    LOG[39m [38;5;3m[RouterExplorer] [39m[32mMapped {/api/v1/founder-security/admin-login, POST} route[39m[38;5;3m +0ms[39m
[32m[Nest] 37548  - [39m09/06/2026, 11:16:14 pm [32m    LOG[39m [38;5;3m[RouterExplorer] [39m[32mMapped {/api/v1/founder-security/verify-question, POST} route[39m[38;5;3m +1ms[39m
[32m[Nest] 37548  - [39m09/06/2026, 11:16:14 pm [32m    LOG[39m [38;5;3m[RouterExplorer] [39m[32mMapped {/api/v1/founder-security/login-approve, GET} route[39m[38;5;3m +0ms[39m
[32m[Nest] 37548  - [39m09/06/2026, 11:16:14 pm [32m    LOG[39m [38;5;3m[RouterExplorer] [39m[32mMapped {/api/v1/founder-security/login-reject, GET} route[39m[38;5;3m +0ms[39m
[32m[Nest] 37548  - [39m09/06/2026, 11:16:14 pm [32m    LOG[39m [38;5;3m[RouterExplorer] [39m[32mMapped {/api/v1/founder-security/login-status, GET} route[39m[38;5;3m +0ms[39m
[32m[Nest] 37548  - [39m09/06/2026, 11:16:14 pm [32m    LOG[39m [38;5;3m[RoutesResolver] [39m[32mSecurityTestController {/api/v1/api/security}:[39m[38;5;3m +1ms[39m
[32m[Nest] 37548  - [39m09/06/2026, 11:16:14 pm [32m    LOG[39m [38;5;3m[RouterExplorer] [39m[32mMapped {/api/security/test-email, GET} route[39m[38;5;3m +0ms[39m
[32m[Nest] 37548  - [39m09/06/2026, 11:16:14 pm [32m    LOG[39m [38;5;3m[RouterExplorer] [39m[32mMapped {/api/security/test-email, POST} route[39m[38;5;3m +0ms[39m
[32m[Nest] 37548  - [39m09/06/2026, 11:16:14 pm [32m    LOG[39m [38;5;3m[QdrantService] [39m[32mInitializing Qdrant client with URL: https://dd284eb5-9c7e-4f0e-92fd-815f87684ce0.us-west-1-0.aws.cloud.qdrant.io[39m
[32m[Nest] 37548  - [39m09/06/2026, 11:16:14 pm [32m    LOG[39m [38;5;3m[QdrantService] [39m[32mTesting Qdrant connection...[39m
[32m[Nest] 37548  - [39m09/06/2026, 11:16:14 pm [32m    LOG[39m [38;5;3m[BgeM3Provider] [39m[32mInitializing BGE-M3 provider → http://localhost:8100[39m
[32m[Nest] 37548  - [39m09/06/2026, 11:16:14 pm [32m    LOG[39m [38;5;3m[NestApplication] [39m[32mNest application successfully started[39m[38;5;3m +8ms[39m
[LEGATRIXON SERVER] NestJS Engine running on: http://localhost:4000/api/v1
[33m[Nest] 37548  - [39m09/06/2026, 11:16:14 pm [33m   WARN[39m [38;5;3m[BgeM3Provider] [39m[33mBGE-M3 sidecar unreachable at http://localhost:8100: . Embeddings will fail until the sidecar is started.[39m
[32m[Nest] 37548  - [39m09/06/2026, 11:16:15 pm [32m    LOG[39m [38;5;3m[QdrantService] [39m[32mSuccessfully connected to Qdrant.[39m
[32m[Nest] 37548  - [39m09/06/2026, 11:16:15 pm [32m    LOG[39m [38;5;3m[QdrantService] [39m[32mCollection judgments already exists.[39m
[32m[Nest] 37548  - [39m09/06/2026, 11:16:15 pm [32m    LOG[39m [38;5;3m[QdrantService] [39m[32mCollection acts already exists.[39m
[32m[Nest] 37548  - [39m09/06/2026, 11:16:16 pm [32m    LOG[39m [38;5;3m[QdrantService] [39m[32mCollection research_papers already exists.[39m
[32m[Nest] 37548  - [39m09/06/2026, 11:16:16 pm [32m    LOG[39m [38;5;3m[QdrantService] [39m[32mCollection law_commission_reports already exists.[39m
[32m[Nest] 37548  - [39m09/06/2026, 11:16:17 pm [32m    LOG[39m [38;5;3m[QdrantService] [39m[32mCollection user_documents already exists.[39m
[2J[3J[H[[90m11:16:23 pm[0m] File change detected. Starting incremental compilation...

[[90m11:16:23 pm[0m] Found 0 errors. Watching for file changes.

[32m[Nest] 10984  - [39m09/06/2026, 11:16:25 pm [32m    LOG[39m [38;5;3m[NestFactory] [39m[32mStarting Nest application...[39m
[32m[Nest] 10984  - [39m09/06/2026, 11:16:25 pm [32m    LOG[39m [38;5;3m[InstanceLoader] [39m[32mAppModule dependencies initialized[39m[38;5;3m +23ms[39m
[32m[Nest] 10984  - [39m09/06/2026, 11:16:25 pm [32m    LOG[39m [38;5;3m[InstanceLoader] [39m[32mTypeOrmModule dependencies initialized[39m[38;5;3m +0ms[39m
[32m[Nest] 10984  - [39m09/06/2026, 11:16:25 pm [32m    LOG[39m [38;5;3m[InstanceLoader] [39m[32mLegalDomainModule dependencies initialized[39m[38;5;3m +0ms[39m
[32m[Nest] 10984  - [39m09/06/2026, 11:16:25 pm [32m    LOG[39m [38;5;3m[InstanceLoader] [39m[32mRetrievalModule dependencies initialized[39m[38;5;3m +0ms[39m
[32m[Nest] 10984  - [39m09/06/2026, 11:16:25 pm [32m    LOG[39m [38;5;3m[InstanceLoader] [39m[32mJudgmentModule dependencies initialized[39m[38;5;3m +1ms[39m
[32m[Nest] 10984  - [39m09/06/2026, 11:16:25 pm [32m    LOG[39m [38;5;3m[InstanceLoader] [39m[32mContractModule dependencies initialized[39m[38;5;3m +0ms[39m
[32m[Nest] 10984  - [39m09/06/2026, 11:16:25 pm [32m    LOG[39m [38;5;3m[InstanceLoader] [39m[32mIngestionModule dependencies initialized[39m[38;5;3m +0ms[39m
[32m[Nest] 10984  - [39m09/06/2026, 11:16:25 pm [32m    LOG[39m [38;5;3m[InstanceLoader] [39m[32mChatModule dependencies initialized[39m[38;5;3m +1ms[39m
[32m[Nest] 10984  - [39m09/06/2026, 11:16:25 pm [32m    LOG[39m [38;5;3m[InstanceLoader] [39m[32mTypeOrmCoreModule dependencies initialized[39m[38;5;3m +39ms[39m
[32m[Nest] 10984  - [39m09/06/2026, 11:16:25 pm [32m    LOG[39m [38;5;3m[InstanceLoader] [39m[32mTypeOrmModule dependencies initialized[39m[38;5;3m +1ms[39m
[32m[Nest] 10984  - [39m09/06/2026, 11:16:25 pm [32m    LOG[39m [38;5;3m[InstanceLoader] [39m[32mTypeOrmModule dependencies initialized[39m[38;5;3m +0ms[39m
[32m[Nest] 10984  - [39m09/06/2026, 11:16:25 pm [32m    LOG[39m [38;5;3m[InstanceLoader] [39m[32mTypeOrmModule dependencies initialized[39m[38;5;3m +0ms[39m
[32m[Nest] 10984  - [39m09/06/2026, 11:16:25 pm [32m    LOG[39m [38;5;3m[InstanceLoader] [39m[32mTypeOrmModule dependencies initialized[39m[38;5;3m +0ms[39m
[32m[Nest] 10984  - [39m09/06/2026, 11:16:25 pm [32m    LOG[39m [38;5;3m[InstanceLoader] [39m[32mFounderSecurityModule dependencies initialized[39m[38;5;3m +1ms[39m
[32m[Nest] 10984  - [39m09/06/2026, 11:16:25 pm [32m    LOG[39m [38;5;3m[InstanceLoader] [39m[32mResearchModule dependencies initialized[39m[38;5;3m +1ms[39m
[32m[Nest] 10984  - [39m09/06/2026, 11:16:25 pm [32m    LOG[39m [38;5;3m[InstanceLoader] [39m[32mNotebookModule dependencies initialized[39m[38;5;3m +0ms[39m
[32m[Nest] 10984  - [39m09/06/2026, 11:16:25 pm [32m    LOG[39m [38;5;3m[InstanceLoader] [39m[32mExamModule dependencies initialized[39m[38;5;3m +0ms[39m
[32m[Nest] 10984  - [39m09/06/2026, 11:16:25 pm [32m    LOG[39m [38;5;3m[RoutesResolver] [39m[32mJudgmentController {/api/v1/judgments}:[39m[38;5;3m +25ms[39m
[32m[Nest] 10984  - [39m09/06/2026, 11:16:25 pm [32m    LOG[39m [38;5;3m[RouterExplorer] [39m[32mMapped {/api/v1/judgments/upload, POST} route[39m[38;5;3m +3ms[39m
[32m[Nest] 10984  - [39m09/06/2026, 11:16:25 pm [32m    LOG[39m [38;5;3m[RouterExplorer] [39m[32mMapped {/api/v1/judgments/:id/structure, GET} route[39m[38;5;3m +0ms[39m
[32m[Nest] 10984  - [39m09/06/2026, 11:16:25 pm [32m    LOG[39m [38;5;3m[RouterExplorer] [39m[32mMapped {/api/v1/judgments/:id/explain, POST} route[39m[38;5;3m +1ms[39m
[32m[Nest] 10984  - [39m09/06/2026, 11:16:25 pm [32m    LOG[39m [38;5;3m[RoutesResolver] [39m[32mChatController {/api/v1/chat}:[39m[38;5;3m +0ms[39m
[32m[Nest] 10984  - [39m09/06/2026, 11:16:25 pm [32m    LOG[39m [38;5;3m[RouterExplorer] [39m[32mMapped {/api/v1/chat/message, POST} route[39m[38;5;3m +0ms[39m
[32m[Nest] 10984  - [39m09/06/2026, 11:16:25 pm [32m    LOG[39m [38;5;3m[RouterExplorer] [39m[32mMapped {/api/v1/chat/history/:sessionId, GET} route[39m[38;5;3m +1ms[39m
[32m[Nest] 10984  - [39m09/06/2026, 11:16:25 pm [32m    LOG[39m [38;5;3m[RouterExplorer] [39m[32mMapped {/api/v1/chat/history/:sessionId, DELETE} route[39m[38;5;3m +0ms[39m
[32m[Nest] 10984  - [39m09/06/2026, 11:16:25 pm [32m    LOG[39m [38;5;3m[RouterExplorer] [39m[32mMapped {/api/v1/chat/search, POST} route[39m[38;5;3m +0ms[39m
[32m[Nest] 10984  - [39m09/06/2026, 11:16:25 pm [32m    LOG[39m [38;5;3m[RouterExplorer] [39m[32mMapped {/api/v1/chat/citations/:messageId, GET} route[39m[38;5;3m +1ms[39m
[32m[Nest] 10984  - [39m09/06/2026, 11:16:25 pm [32m    LOG[39m [38;5;3m[RoutesResolver] [39m[32mContractController {/api/v1/contracts}:[39m[38;5;3m +0ms[39m
[32m[Nest] 10984  - [39m09/06/2026, 11:16:25 pm [32m    LOG[39m [38;5;3m[RouterExplorer] [39m[32mMapped {/api/v1/contracts/review, POST} route[39m[38;5;3m +0ms[39m
[32m[Nest] 10984  - [39m09/06/2026, 11:16:25 pm [32m    LOG[39m [38;5;3m[RouterExplorer] [39m[32mMapped {/api/v1/contracts/:id/risks, GET} route[39m[38;5;3m +1ms[39m
[32m[Nest] 10984  - [39m09/06/2026, 11:16:25 pm [32m    LOG[39m [38;5;3m[RouterExplorer] [39m[32mMapped {/api/v1/contracts/:id/clauses, POST} route[39m[38;5;3m +0ms[39m
[32m[Nest] 10984  - [39m09/06/2026, 11:16:25 pm [32m    LOG[39m [38;5;3m[RoutesResolver] [39m[32mNotebookController {/api/v1/notebook}:[39m[38;5;3m +0ms[39m
[32m[Nest] 10984  - [39m09/06/2026, 11:16:25 pm [32m    LOG[39m [38;5;3m[RouterExplorer] [39m[32mMapped {/api/v1/notebook/documents, GET} route[39m[38;5;3m +1ms[39m
[32m[Nest] 10984  - [39m09/06/2026, 11:16:25 pm [32m    LOG[39m [38;5;3m[RouterExplorer] [39m[32mMapped {/api/v1/notebook/documents/:id, GET} route[39m[38;5;3m +0ms[39m
[32m[Nest] 10984  - [39m09/06/2026, 11:16:25 pm [32m    LOG[39m [38;5;3m[RouterExplorer] [39m[32mMapped {/api/v1/notebook/documents/:id/preview, GET} route[39m[38;5;3m +0ms[39m
[32m[Nest] 10984  - [39m09/06/2026, 11:16:25 pm [32m    LOG[39m [38;5;3m[RouterExplorer] [39m[32mMapped {/api/v1/notebook/documents/:id/file, GET} route[39m[38;5;3m +1ms[39m
[32m[Nest] 10984  - [39m09/06/2026, 11:16:25 pm [32m    LOG[39m [38;5;3m[RouterExplorer] [39m[32mMapped {/api/v1/notebook/documents/:id/chunks, GET} route[39m[38;5;3m +0ms[39m
[32m[Nest] 10984  - [39m09/06/2026, 11:16:25 pm [32m    LOG[39m [38;5;3m[RouterExplorer] [39m[32mMapped {/api/v1/notebook/documents/:id/chat-history, GET} route[39m[38;5;3m +0ms[39m
[32m[Nest] 10984  - [39m09/06/2026, 11:16:25 pm [32m    LOG[39m [38;5;3m[RouterExplorer] [39m[32mMapped {/api/v1/notebook/documents/:id/reprocess, POST} route[39m[38;5;3m +0ms[39m
[32m[Nest] 10984  - [39m09/06/2026, 11:16:25 pm [32m    LOG[39m [38;5;3m[RouterExplorer] [39m[32mMapped {/api/v1/notebook/documents/:id/extraction, GET} route[39m[38;5;3m +1ms[39m
[32m[Nest] 10984  - [39m09/06/2026, 11:16:25 pm [32m    LOG[39m [38;5;3m[RouterExplorer] [39m[32mMapped {/api/v1/notebook/documents/:id/extraction, POST} route[39m[38;5;3m +0ms[39m
[32m[Nest] 10984  - [39m09/06/2026, 11:16:25 pm [32m    LOG[39m [38;5;3m[RouterExplorer] [39m[32mMapped {/api/v1/notebook/documents/:id/study-forge/generate, POST} route[39m[38;5;3m +0ms[39m
[32m[Nest] 10984  - [39m09/06/2026, 11:16:25 pm [32m    LOG[39m [38;5;3m[RouterExplorer] [39m[32mMapped {/api/v1/notebook/documents/:id/study-forge/flashcards/:cardId/rate, POST} route[39m[38;5;3m +0ms[39m
[32m[Nest] 10984  - [39m09/06/2026, 11:16:25 pm [32m    LOG[39m [38;5;3m[RouterExplorer] [39m[32mMapped {/api/v1/notebook/documents/:id/study-forge/quiz-attempt, POST} route[39m[38;5;3m +1ms[39m
[32m[Nest] 10984  - [39m09/06/2026, 11:16:25 pm [32m    LOG[39m [38;5;3m[RouterExplorer] [39m[32mMapped {/api/v1/notebook/graph, GET} route[39m[38;5;3m +0ms[39m
[32m[Nest] 10984  - [39m09/06/2026, 11:16:25 pm [32m    LOG[39m [38;5;3m[RouterExplorer] [39m[32mMapped {/api/v1/notebook/search, GET} route[39m[38;5;3m +0ms[39m
[32m[Nest] 10984  - [39m09/06/2026, 11:16:25 pm [32m    LOG[39m [38;5;3m[RouterExplorer] [39m[32mMapped {/api/v1/notebook/documents/:id, DELETE} route[39m[38;5;3m +1ms[39m
[32m[Nest] 10984  - [39m09/06/2026, 11:16:25 pm [32m    LOG[39m [38;5;3m[RouterExplorer] [39m[32mMapped {/api/v1/notebook/upload, POST} route[39m[38;5;3m +0ms[39m
[32m[Nest] 10984  - [39m09/06/2026, 11:16:25 pm [32m    LOG[39m [38;5;3m[RouterExplorer] [39m[32mMapped {/api/v1/notebook/chat, POST} route[39m[38;5;3m +1ms[39m
[32m[Nest] 10984  - [39m09/06/2026, 11:16:25 pm [32m    LOG[39m [38;5;3m[RoutesResolver] [39m[32mResearchController {/api/v1/research}:[39m[38;5;3m +0ms[39m
[32m[Nest] 10984  - [39m09/06/2026, 11:16:25 pm [32m    LOG[39m [38;5;3m[RouterExplorer] [39m[32mMapped {/api/v1/research/query, POST} route[39m[38;5;3m +0ms[39m
[32m[Nest] 10984  - [39m09/06/2026, 11:16:25 pm [32m    LOG[39m [38;5;3m[RouterExplorer] [39m[32mMapped {/api/v1/research/query/all, GET} route[39m[38;5;3m +0ms[39m
[32m[Nest] 10984  - [39m09/06/2026, 11:16:25 pm [32m    LOG[39m [38;5;3m[RouterExplorer] [39m[32mMapped {/api/v1/research/query/:id, GET} route[39m[38;5;3m +1ms[39m
[32m[Nest] 10984  - [39m09/06/2026, 11:16:25 pm [32m    LOG[39m [38;5;3m[RouterExplorer] [39m[32mMapped {/api/v1/research/report, POST} route[39m[38;5;3m +0ms[39m
[32m[Nest] 10984  - [39m09/06/2026, 11:16:25 pm [32m    LOG[39m [38;5;3m[RouterExplorer] [39m[32mMapped {/api/v1/research/report/:id, GET} route[39m[38;5;3m +0ms[39m
[32m[Nest] 10984  - [39m09/06/2026, 11:16:25 pm [32m    LOG[39m [38;5;3m[RouterExplorer] [39m[32mMapped {/api/v1/research/report/:id, PUT} route[39m[38;5;3m +0ms[39m
[32m[Nest] 10984  - [39m09/06/2026, 11:16:25 pm [32m    LOG[39m [38;5;3m[RouterExplorer] [39m[32mMapped {/api/v1/research/report/:id, DELETE} route[39m[38;5;3m +1ms[39m
[32m[Nest] 10984  - [39m09/06/2026, 11:16:25 pm [32m    LOG[39m [38;5;3m[RouterExplorer] [39m[32mMapped {/api/v1/research/note, POST} route[39m[38;5;3m +0ms[39m
[32m[Nest] 10984  - [39m09/06/2026, 11:16:25 pm [32m    LOG[39m [38;5;3m[RouterExplorer] [39m[32mMapped {/api/v1/research/note/:id, GET} route[39m[38;5;3m +0ms[39m
[32m[Nest] 10984  - [39m09/06/2026, 11:16:25 pm [32m    LOG[39m [38;5;3m[RouterExplorer] [39m[32mMapped {/api/v1/research/note/:id, PUT} route[39m[38;5;3m +1ms[39m
[32m[Nest] 10984  - [39m09/06/2026, 11:16:25 pm [32m    LOG[39m [38;5;3m[RouterExplorer] [39m[32mMapped {/api/v1/research/note/:id, DELETE} route[39m[38;5;3m +0ms[39m
[32m[Nest] 10984  - [39m09/06/2026, 11:16:25 pm [32m    LOG[39m [38;5;3m[RouterExplorer] [39m[32mMapped {/api/v1/research/source, POST} route[39m[38;5;3m +0ms[39m
[32m[Nest] 10984  - [39m09/06/2026, 11:16:25 pm [32m    LOG[39m [38;5;3m[RouterExplorer] [39m[32mMapped {/api/v1/research/source/:id, GET} route[39m[38;5;3m +0ms[39m
[32m[Nest] 10984  - [39m09/06/2026, 11:16:25 pm [32m    LOG[39m [38;5;3m[RouterExplorer] [39m[32mMapped {/api/v1/research/source/:id, DELETE} route[39m[38;5;3m +1ms[39m
[32m[Nest] 10984  - [39m09/06/2026, 11:16:25 pm [32m    LOG[39m [38;5;3m[RouterExplorer] [39m[32mMapped {/api/v1/research/save, POST} route[39m[38;5;3m +0ms[39m
[32m[Nest] 10984  - [39m09/06/2026, 11:16:25 pm [32m    LOG[39m [38;5;3m[RouterExplorer] [39m[32mMapped {/api/v1/research/save/all, GET} route[39m[38;5;3m +0ms[39m
[32m[Nest] 10984  - [39m09/06/2026, 11:16:25 pm [32m    LOG[39m [38;5;3m[RouterExplorer] [39m[32mMapped {/api/v1/research/save/:id, DELETE} route[39m[38;5;3m +0ms[39m
[32m[Nest] 10984  - [39m09/06/2026, 11:16:25 pm [32m    LOG[39m [38;5;3m[RouterExplorer] [39m[32mMapped {/api/v1/research/asset, POST} route[39m[38;5;3m +0ms[39m
[32m[Nest] 10984  - [39m09/06/2026, 11:16:25 pm [32m    LOG[39m [38;5;3m[RouterExplorer] [39m[32mMapped {/api/v1/research/upload, POST} route[39m[38;5;3m +1ms[39m
[32m[Nest] 10984  - [39m09/06/2026, 11:16:25 pm [32m    LOG[39m [38;5;3m[RouterExplorer] [39m[32mMapped {/api/v1/research/documents/:queryId, GET} route[39m[38;5;3m +0ms[39m
[32m[Nest] 10984  - [39m09/06/2026, 11:16:25 pm [32m    LOG[39m [38;5;3m[RouterExplorer] [39m[32mMapped {/api/v1/research/generate, POST} route[39m[38;5;3m +0ms[39m
[32m[Nest] 10984  - [39m09/06/2026, 11:16:25 pm [32m    LOG[39m [38;5;3m[RouterExplorer] [39m[32mMapped {/api/v1/research/challenge, POST} route[39m[38;5;3m +0ms[39m
[32m[Nest] 10984  - [39m09/06/2026, 11:16:25 pm [32m    LOG[39m [38;5;3m[RoutesResolver] [39m[32mIngestionController {/api/v1/ingestion}:[39m[38;5;3m +1ms[39m
[32m[Nest] 10984  - [39m09/06/2026, 11:16:25 pm [32m    LOG[39m [38;5;3m[RouterExplorer] [39m[32mMapped {/api/v1/ingestion/status, GET} route[39m[38;5;3m +0ms[39m
[32m[Nest] 10984  - [39m09/06/2026, 11:16:25 pm [32m    LOG[39m [38;5;3m[RouterExplorer] [39m[32mMapped {/api/v1/ingestion/init-collections, POST} route[39m[38;5;3m +0ms[39m
[32m[Nest] 10984  - [39m09/06/2026, 11:16:25 pm [32m    LOG[39m [38;5;3m[RouterExplorer] [39m[32mMapped {/api/v1/ingestion/ingest, POST} route[39m[38;5;3m +0ms[39m
[32m[Nest] 10984  - [39m09/06/2026, 11:16:25 pm [32m    LOG[39m [38;5;3m[RouterExplorer] [39m[32mMapped {/api/v1/ingestion/ingest-text, POST} route[39m[38;5;3m +1ms[39m
[32m[Nest] 10984  - [39m09/06/2026, 11:16:25 pm [32m    LOG[39m [38;5;3m[RouterExplorer] [39m[32mMapped {/api/v1/ingestion/ingest-batch, POST} route[39m[38;5;3m +0ms[39m
[32m[Nest] 10984  - [39m09/06/2026, 11:16:25 pm [32m    LOG[39m [38;5;3m[RoutesResolver] [39m[32mExamController {/api/v1/exam}:[39m[38;5;3m +0ms[39m
[32m[Nest] 10984  - [39m09/06/2026, 11:16:25 pm [32m    LOG[39m [38;5;3m[RouterExplorer] [39m[32mMapped {/api/v1/exam, POST} route[39m[38;5;3m +0ms[39m
[32m[Nest] 10984  - [39m09/06/2026, 11:16:25 pm [32m    LOG[39m [38;5;3m[RouterExplorer] [39m[32mMapped {/api/v1/exam, GET} route[39m[38;5;3m +1ms[39m
[32m[Nest] 10984  - [39m09/06/2026, 11:16:25 pm [32m    LOG[39m [38;5;3m[RouterExplorer] [39m[32mMapped {/api/v1/exam/:id, GET} route[39m[38;5;3m +0ms[39m
[32m[Nest] 10984  - [39m09/06/2026, 11:16:25 pm [32m    LOG[39m [38;5;3m[RouterExplorer] [39m[32mMapped {/api/v1/exam/:id/mock, POST} route[39m[38;5;3m +0ms[39m
[32m[Nest] 10984  - [39m09/06/2026, 11:16:25 pm [32m    LOG[39m [38;5;3m[RouterExplorer] [39m[32mMapped {/api/v1/exam/assistant, POST} route[39m[38;5;3m +0ms[39m
[32m[Nest] 10984  - [39m09/06/2026, 11:16:25 pm [32m    LOG[39m [38;5;3m[RouterExplorer] [39m[32mMapped {/api/v1/exam/dashboard/recommendations, GET} route[39m[38;5;3m +0ms[39m
[32m[Nest] 10984  - [39m09/06/2026, 11:16:25 pm [32m    LOG[39m [38;5;3m[RouterExplorer] [39m[32mMapped {/api/v1/exam/doubt-solve, POST} route[39m[38;5;3m +1ms[39m
[32m[Nest] 10984  - [39m09/06/2026, 11:16:25 pm [32m    LOG[39m [38;5;3m[RouterExplorer] [39m[32mMapped {/api/v1/exam/oauth-tokens, POST} route[39m[38;5;3m +0ms[39m
[32m[Nest] 10984  - [39m09/06/2026, 11:16:25 pm [32m    LOG[39m [38;5;3m[RouterExplorer] [39m[32mMapped {/api/v1/exam/dashboard/notifications, GET} route[39m[38;5;3m +0ms[39m
[32m[Nest] 10984  - [39m09/06/2026, 11:16:25 pm [32m    LOG[39m [38;5;3m[RouterExplorer] [39m[32mMapped {/api/v1/exam/dashboard/notifications/read, POST} route[39m[38;5;3m +0ms[39m
[32m[Nest] 10984  - [39m09/06/2026, 11:16:25 pm [32m    LOG[39m [38;5;3m[RouterExplorer] [39m[32mMapped {/api/v1/exam/calendar/events, GET} route[39m[38;5;3m +1ms[39m
[32m[Nest] 10984  - [39m09/06/2026, 11:16:25 pm [32m    LOG[39m [38;5;3m[RouterExplorer] [39m[32mMapped {/api/v1/exam/calendar/events, POST} route[39m[38;5;3m +0ms[39m
[32m[Nest] 10984  - [39m09/06/2026, 11:16:25 pm [32m    LOG[39m [38;5;3m[RoutesResolver] [39m[32mFounderSecurityController {/api/v1/founder-security}:[39m[38;5;3m +0ms[39m
[32m[Nest] 10984  - [39m09/06/2026, 11:16:25 pm [32m    LOG[39m [38;5;3m[RouterExplorer] [39m[32mMapped {/api/v1/founder-security/settings, GET} route[39m[38;5;3m +0ms[39m
[32m[Nest] 10984  - [39m09/06/2026, 11:16:25 pm [32m    LOG[39m [38;5;3m[RouterExplorer] [39m[32mMapped {/api/v1/founder-security/settings, PUT} route[39m[38;5;3m +0ms[39m
[32m[Nest] 10984  - [39m09/06/2026, 11:16:25 pm [32m    LOG[39m [38;5;3m[RouterExplorer] [39m[32mMapped {/api/v1/founder-security/events, GET} route[39m[38;5;3m +1ms[39m
[32m[Nest] 10984  - [39m09/06/2026, 11:16:25 pm [32m    LOG[39m [38;5;3m[RouterExplorer] [39m[32mMapped {/api/v1/founder-security/events, POST} route[39m[38;5;3m +0ms[39m
[32m[Nest] 10984  - [39m09/06/2026, 11:16:25 pm [32m    LOG[39m [38;5;3m[RouterExplorer] [39m[32mMapped {/api/v1/founder-security/clear-locks, GET} route[39m[38;5;3m +0ms[39m
[32m[Nest] 10984  - [39m09/06/2026, 11:16:25 pm [32m    LOG[39m [38;5;3m[RouterExplorer] [39m[32mMapped {/api/v1/founder-security/admin-login, POST} route[39m[38;5;3m +0ms[39m
[32m[Nest] 10984  - [39m09/06/2026, 11:16:25 pm [32m    LOG[39m [38;5;3m[RouterExplorer] [39m[32mMapped {/api/v1/founder-security/verify-question, POST} route[39m[38;5;3m +1ms[39m
[32m[Nest] 10984  - [39m09/06/2026, 11:16:25 pm [32m    LOG[39m [38;5;3m[RouterExplorer] [39m[32mMapped {/api/v1/founder-security/login-approve, GET} route[39m[38;5;3m +0ms[39m
[32m[Nest] 10984  - [39m09/06/2026, 11:16:25 pm [32m    LOG[39m [38;5;3m[RouterExplorer] [39m[32mMapped {/api/v1/founder-security/login-reject, GET} route[39m[38;5;3m +0ms[39m
[32m[Nest] 10984  - [39m09/06/2026, 11:16:25 pm [32m    LOG[39m [38;5;3m[RouterExplorer] [39m[32mMapped {/api/v1/founder-security/login-status, GET} route[39m[38;5;3m +0ms[39m
[32m[Nest] 10984  - [39m09/06/2026, 11:16:25 pm [32m    LOG[39m [38;5;3m[RoutesResolver] [39m[32mSecurityTestController {/api/v1/api/security}:[39m[38;5;3m +0ms[39m
[32m[Nest] 10984  - [39m09/06/2026, 11:16:25 pm [32m    LOG[39m [38;5;3m[RouterExplorer] [39m[32mMapped {/api/security/test-email, GET} route[39m[38;5;3m +1ms[39m
[32m[Nest] 10984  - [39m09/06/2026, 11:16:25 pm [32m    LOG[39m [38;5;3m[RouterExplorer] [39m[32mMapped {/api/security/test-email, POST} route[39m[38;5;3m +0ms[39m
[32m[Nest] 10984  - [39m09/06/2026, 11:16:25 pm [32m    LOG[39m [38;5;3m[QdrantService] [39m[32mInitializing Qdrant client with URL: https://dd284eb5-9c7e-4f0e-92fd-815f87684ce0.us-west-1-0.aws.cloud.qdrant.io[39m
[32m[Nest] 10984  - [39m09/06/2026, 11:16:25 pm [32m    LOG[39m [38;5;3m[QdrantService] [39m[32mTesting Qdrant connection...[39m
[32m[Nest] 10984  - [39m09/06/2026, 11:16:25 pm [32m    LOG[39m [38;5;3m[BgeM3Provider] [39m[32mInitializing BGE-M3 provider → http://localhost:8100[39m
[32m[Nest] 10984  - [39m09/06/2026, 11:16:25 pm [32m    LOG[39m [38;5;3m[NestApplication] [39m[32mNest application successfully started[39m[38;5;3m +8ms[39m
[LEGATRIXON SERVER] NestJS Engine running on: http://localhost:4000/api/v1
[33m[Nest] 10984  - [39m09/06/2026, 11:16:25 pm [33m   WARN[39m [38;5;3m[BgeM3Provider] [39m[33mBGE-M3 sidecar unreachable at http://localhost:8100: . Embeddings will fail until the sidecar is started.[39m
[32m[Nest] 10984  - [39m09/06/2026, 11:16:26 pm [32m    LOG[39m [38;5;3m[QdrantService] [39m[32mSuccessfully connected to Qdrant.[39m
[32m[Nest] 10984  - [39m09/06/2026, 11:16:26 pm [32m    LOG[39m [38;5;3m[QdrantService] [39m[32mCollection judgments already exists.[39m
[32m[Nest] 10984  - [39m09/06/2026, 11:16:28 pm [32m    LOG[39m [38;5;3m[QdrantService] [39m[32mCollection acts already exists.[39m
[32m[Nest] 10984  - [39m09/06/2026, 11:16:28 pm [32m    LOG[39m [38;5;3m[QdrantService] [39m[32mCollection research_papers already exists.[39m
[32m[Nest] 10984  - [39m09/06/2026, 11:16:28 pm [32m    LOG[39m [38;5;3m[QdrantService] [39m[32mCollection law_commission_reports already exists.[39m
[32m[Nest] 10984  - [39m09/06/2026, 11:16:29 pm [32m    LOG[39m [38;5;3m[QdrantService] [39m[32mCollection user_documents already exists.[39m
[33m[Nest] 10984  - [39m09/06/2026, 11:16:52 pm [33m   WARN[39m [38;5;3m[LegalDomainClassifierService] [39m[33mLegal intent classifier DeepSeek failed. Trying next classifier. Reason: Request failed with status code 402[39m
[33m[Nest] 10984  - [39m09/06/2026, 11:16:54 pm [33m   WARN[39m [38;5;3m[LegalDomainClassifierService] [39m[33mLegal intent classifier Gemini failed. Trying next classifier. Reason: Request failed with status code 429[39m
[33m[Nest] 10984  - [39m09/06/2026, 11:16:56 pm [33m   WARN[39m [38;5;3m[LegalDomainClassifierService] [39m[33mLegal intent classifier OpenAI failed. Trying next classifier. Reason: Request failed with status code 429[39m
[33m[Nest] 10984  - [39m09/06/2026, 11:16:56 pm [33m   WARN[39m [38;5;3m[LegalDomainClassifierService] [39m[33mLegal intent classifiers unavailable. Allowing query by uncertainty rule.[39m
[33m[Nest] 10984  - [39m09/06/2026, 11:16:56 pm [33m   WARN[39m [38;5;3m[BgeM3Provider] [39m[33m[generateEmbedding] Attempt 1/3 failed: . Retrying in 1000ms…[39m
[33m[Nest] 10984  - [39m09/06/2026, 11:16:57 pm [33m   WARN[39m [38;5;3m[BgeM3Provider] [39m[33m[generateEmbedding] Attempt 2/3 failed: . Retrying in 2000ms…[39m
[33m[Nest] 10984  - [39m09/06/2026, 11:16:59 pm [33m   WARN[39m [38;5;3m[LexMentorAiService] [39m[33mLexMentor Qdrant retrieval skipped: BGE-M3 embedding failed. Reason: [39m
[32m[Nest] 10984  - [39m09/06/2026, 11:16:59 pm [32m    LOG[39m [38;5;3m[LexMentorAiService] [39m[32mLexMentor Intent Detected: Definition Request[39m
[32m[Nest] 10984  - [39m09/06/2026, 11:16:59 pm [32m    LOG[39m [38;5;3m[LexMentorAiService] [39m[32mLexMentor Mode: Intermediate[39m
[33m[Nest] 10984  - [39m09/06/2026, 11:16:59 pm [33m   WARN[39m [38;5;3m[LexMentorAiService] [39m[33mDeepSeek failed for LexMentor. Trying Gemini fallback. Reason: Request failed with status code 402[39m
[32m[Nest] 10984  - [39m09/06/2026, 11:16:59 pm [32m    LOG[39m [38;5;3m[LexMentorAiService] [39m[32mLexMentor Intent Detected: Definition Request[39m
[32m[Nest] 10984  - [39m09/06/2026, 11:16:59 pm [32m    LOG[39m [38;5;3m[LexMentorAiService] [39m[32mLexMentor Mode: Intermediate[39m
[33m[Nest] 10984  - [39m09/06/2026, 11:17:00 pm [33m   WARN[39m [38;5;3m[LexMentorAiService] [39m[33mGemini fallback failed for LexMentor. Trying OpenAI fallback. Reason: Request failed with status code 429[39m
[32m[Nest] 10984  - [39m09/06/2026, 11:17:00 pm [32m    LOG[39m [38;5;3m[LexMentorAiService] [39m[32mLexMentor Intent Detected: Definition Request[39m
[32m[Nest] 10984  - [39m09/06/2026, 11:17:00 pm [32m    LOG[39m [38;5;3m[LexMentorAiService] [39m[32mLexMentor Mode: Intermediate[39m
[33m[Nest] 10984  - [39m09/06/2026, 11:18:08 pm [33m   WARN[39m [38;5;3m[LegalDomainClassifierService] [39m[33mLegal intent classifier DeepSeek failed. Trying next classifier. Reason: Request failed with status code 402[39m
[33m[Nest] 10984  - [39m09/06/2026, 11:18:11 pm [33m   WARN[39m [38;5;3m[LegalDomainClassifierService] [39m[33mLegal intent classifier Gemini failed. Trying next classifier. Reason: Request failed with status code 429[39m
[33m[Nest] 10984  - [39m09/06/2026, 11:18:13 pm [33m   WARN[39m [38;5;3m[LegalDomainClassifierService] [39m[33mLegal intent classifier OpenAI failed. Trying next classifier. Reason: Request failed with status code 429[39m
[33m[Nest] 10984  - [39m09/06/2026, 11:18:13 pm [33m   WARN[39m [38;5;3m[LegalDomainClassifierService] [39m[33mLegal intent classifiers unavailable. Allowing query by uncertainty rule.[39m
[33m[Nest] 10984  - [39m09/06/2026, 11:18:13 pm [33m   WARN[39m [38;5;3m[BgeM3Provider] [39m[33m[generateEmbedding] Attempt 1/3 failed: . Retrying in 1000ms…[39m
[33m[Nest] 10984  - [39m09/06/2026, 11:18:14 pm [33m   WARN[39m [38;5;3m[BgeM3Provider] [39m[33m[generateEmbedding] Attempt 2/3 failed: . Retrying in 2000ms…[39m
[33m[Nest] 10984  - [39m09/06/2026, 11:18:16 pm [33m   WARN[39m [38;5;3m[LexMentorAiService] [39m[33mLexMentor Qdrant retrieval skipped: BGE-M3 embedding failed. Reason: [39m
[32m[Nest] 10984  - [39m09/06/2026, 11:18:16 pm [32m    LOG[39m [38;5;3m[LexMentorAiService] [39m[32mLexMentor Intent Detected: Definition Request[39m
[32m[Nest] 10984  - [39m09/06/2026, 11:18:16 pm [32m    LOG[39m [38;5;3m[LexMentorAiService] [39m[32mLexMentor Mode: Intermediate[39m
[33m[Nest] 10984  - [39m09/06/2026, 11:18:16 pm [33m   WARN[39m [38;5;3m[LexMentorAiService] [39m[33mDeepSeek failed for LexMentor. Trying Gemini fallback. Reason: Request failed with status code 402[39m
[32m[Nest] 10984  - [39m09/06/2026, 11:18:16 pm [32m    LOG[39m [38;5;3m[LexMentorAiService] [39m[32mLexMentor Intent Detected: Definition Request[39m
[32m[Nest] 10984  - [39m09/06/2026, 11:18:16 pm [32m    LOG[39m [38;5;3m[LexMentorAiService] [39m[32mLexMentor Mode: Intermediate[39m
[33m[Nest] 10984  - [39m09/06/2026, 11:18:17 pm [33m   WARN[39m [38;5;3m[LexMentorAiService] [39m[33mGemini fallback failed for LexMentor. Trying OpenAI fallback. Reason: Request failed with status code 429[39m
[32m[Nest] 10984  - [39m09/06/2026, 11:18:17 pm [32m    LOG[39m [38;5;3m[LexMentorAiService] [39m[32mLexMentor Intent Detected: Definition Request[39m
[32m[Nest] 10984  - [39m09/06/2026, 11:18:17 pm [32m    LOG[39m [38;5;3m[LexMentorAiService] [39m[32mLexMentor Mode: Intermediate[39m
[33m[Nest] 10984  - [39m09/06/2026, 11:18:19 pm [33m   WARN[39m [38;5;3m[LegalDomainClassifierService] [39m[33mLegal intent classifier DeepSeek failed. Trying next classifier. Reason: Request failed with status code 402[39m
[33m[Nest] 10984  - [39m09/06/2026, 11:18:21 pm [33m   WARN[39m [38;5;3m[LegalDomainClassifierService] [39m[33mLegal intent classifier Gemini failed. Trying next classifier. Reason: Request failed with status code 429[39m
[33m[Nest] 10984  - [39m09/06/2026, 11:18:23 pm [33m   WARN[39m [38;5;3m[LegalDomainClassifierService] [39m[33mLegal intent classifier OpenAI failed. Trying next classifier. Reason: Request failed with status code 429[39m
[33m[Nest] 10984  - [39m09/06/2026, 11:18:23 pm [33m   WARN[39m [38;5;3m[LegalDomainClassifierService] [39m[33mLegal intent classifiers unavailable. Allowing query by uncertainty rule.[39m
[33m[Nest] 10984  - [39m09/06/2026, 11:18:23 pm [33m   WARN[39m [38;5;3m[BgeM3Provider] [39m[33m[generateEmbedding] Attempt 1/3 failed: . Retrying in 1000ms…[39m
[33m[Nest] 10984  - [39m09/06/2026, 11:18:24 pm [33m   WARN[39m [38;5;3m[BgeM3Provider] [39m[33m[generateEmbedding] Attempt 2/3 failed: . Retrying in 2000ms…[39m
[33m[Nest] 10984  - [39m09/06/2026, 11:18:26 pm [33m   WARN[39m [38;5;3m[LexMentorAiService] [39m[33mLexMentor Qdrant retrieval skipped: BGE-M3 embedding failed. Reason: [39m
[32m[Nest] 10984  - [39m09/06/2026, 11:18:26 pm [32m    LOG[39m [38;5;3m[LexMentorAiService] [39m[32mLexMentor Intent Detected: Definition Request[39m
[32m[Nest] 10984  - [39m09/06/2026, 11:18:26 pm [32m    LOG[39m [38;5;3m[LexMentorAiService] [39m[32mLexMentor Mode: Intermediate[39m
[33m[Nest] 10984  - [39m09/06/2026, 11:18:27 pm [33m   WARN[39m [38;5;3m[LexMentorAiService] [39m[33mDeepSeek failed for LexMentor. Trying Gemini fallback. Reason: Request failed with status code 402[39m
[32m[Nest] 10984  - [39m09/06/2026, 11:18:27 pm [32m    LOG[39m [38;5;3m[LexMentorAiService] [39m[32mLexMentor Intent Detected: Definition Request[39m
[32m[Nest] 10984  - [39m09/06/2026, 11:18:27 pm [32m    LOG[39m [38;5;3m[LexMentorAiService] [39m[32mLexMentor Mode: Intermediate[39m
[33m[Nest] 10984  - [39m09/06/2026, 11:18:27 pm [33m   WARN[39m [38;5;3m[LexMentorAiService] [39m[33mGemini fallback failed for LexMentor. Trying OpenAI fallback. Reason: Request failed with status code 429[39m
[32m[Nest] 10984  - [39m09/06/2026, 11:18:27 pm [32m    LOG[39m [38;5;3m[LexMentorAiService] [39m[32mLexMentor Intent Detected: Definition Request[39m
[32m[Nest] 10984  - [39m09/06/2026, 11:18:27 pm [32m    LOG[39m [38;5;3m[LexMentorAiService] [39m[32mLexMentor Mode: Intermediate[39m
[33m[Nest] 10984  - [39m09/06/2026, 11:18:30 pm [33m   WARN[39m [38;5;3m[LegalDomainClassifierService] [39m[33mLegal intent classifier DeepSeek failed. Trying next classifier. Reason: Request failed with status code 402[39m
[33m[Nest] 10984  - [39m09/06/2026, 11:18:32 pm [33m   WARN[39m [38;5;3m[LegalDomainClassifierService] [39m[33mLegal intent classifier Gemini failed. Trying next classifier. Reason: Request failed with status code 429[39m
[33m[Nest] 10984  - [39m09/06/2026, 11:18:33 pm [33m   WARN[39m [38;5;3m[LegalDomainClassifierService] [39m[33mLegal intent classifier OpenAI failed. Trying next classifier. Reason: Request failed with status code 429[39m
[33m[Nest] 10984  - [39m09/06/2026, 11:18:33 pm [33m   WARN[39m [38;5;3m[LegalDomainClassifierService] [39m[33mLegal intent classifiers unavailable. Allowing query by uncertainty rule.[39m
[33m[Nest] 10984  - [39m09/06/2026, 11:18:33 pm [33m   WARN[39m [38;5;3m[BgeM3Provider] [39m[33m[generateEmbedding] Attempt 1/3 failed: . Retrying in 1000ms…[39m
[33m[Nest] 10984  - [39m09/06/2026, 11:18:34 pm [33m   WARN[39m [38;5;3m[BgeM3Provider] [39m[33m[generateEmbedding] Attempt 2/3 failed: . Retrying in 2000ms…[39m
[33m[Nest] 10984  - [39m09/06/2026, 11:18:36 pm [33m   WARN[39m [38;5;3m[LexMentorAiService] [39m[33mLexMentor Qdrant retrieval skipped: BGE-M3 embedding failed. Reason: [39m
[32m[Nest] 10984  - [39m09/06/2026, 11:18:36 pm [32m    LOG[39m [38;5;3m[LexMentorAiService] [39m[32mLexMentor Intent Detected: Definition Request[39m
[32m[Nest] 10984  - [39m09/06/2026, 11:18:36 pm [32m    LOG[39m [38;5;3m[LexMentorAiService] [39m[32mLexMentor Mode: Intermediate[39m
[33m[Nest] 10984  - [39m09/06/2026, 11:18:37 pm [33m   WARN[39m [38;5;3m[LexMentorAiService] [39m[33mDeepSeek failed for LexMentor. Trying Gemini fallback. Reason: Request failed with status code 402[39m
[32m[Nest] 10984  - [39m09/06/2026, 11:18:37 pm [32m    LOG[39m [38;5;3m[LexMentorAiService] [39m[32mLexMentor Intent Detected: Definition Request[39m
[32m[Nest] 10984  - [39m09/06/2026, 11:18:37 pm [32m    LOG[39m [38;5;3m[LexMentorAiService] [39m[32mLexMentor Mode: Intermediate[39m
[33m[Nest] 10984  - [39m09/06/2026, 11:18:37 pm [33m   WARN[39m [38;5;3m[LexMentorAiService] [39m[33mGemini fallback failed for LexMentor. Trying OpenAI fallback. Reason: Request failed with status code 429[39m
[32m[Nest] 10984  - [39m09/06/2026, 11:18:37 pm [32m    LOG[39m [38;5;3m[LexMentorAiService] [39m[32mLexMentor Intent Detected: Definition Request[39m
[32m[Nest] 10984  - [39m09/06/2026, 11:18:37 pm [32m    LOG[39m [38;5;3m[LexMentorAiService] [39m[32mLexMentor Mode: Intermediate[39m
[33m[Nest] 10984  - [39m09/06/2026, 11:18:40 pm [33m   WARN[39m [38;5;3m[LegalDomainClassifierService] [39m[33mLegal intent classifier DeepSeek failed. Trying next classifier. Reason: Request failed with status code 402[39m
[33m[Nest] 10984  - [39m09/06/2026, 11:18:41 pm [33m   WARN[39m [38;5;3m[LegalDomainClassifierService] [39m[33mLegal intent classifier Gemini failed. Trying next classifier. Reason: Request failed with status code 429[39m
[33m[Nest] 10984  - [39m09/06/2026, 11:18:43 pm [33m   WARN[39m [38;5;3m[LegalDomainClassifierService] [39m[33mLegal intent classifier OpenAI failed. Trying next classifier. Reason: Request failed with status code 429[39m
[33m[Nest] 10984  - [39m09/06/2026, 11:18:43 pm [33m   WARN[39m [38;5;3m[LegalDomainClassifierService] [39m[33mLegal intent classifiers unavailable. Allowing query by uncertainty rule.[39m
[33m[Nest] 10984  - [39m09/06/2026, 11:18:43 pm [33m   WARN[39m [38;5;3m[BgeM3Provider] [39m[33m[generateEmbedding] Attempt 1/3 failed: . Retrying in 1000ms…[39m
[33m[Nest] 10984  - [39m09/06/2026, 11:18:44 pm [33m   WARN[39m [38;5;3m[BgeM3Provider] [39m[33m[generateEmbedding] Attempt 2/3 failed: . Retrying in 2000ms…[39m
[33m[Nest] 10984  - [39m09/06/2026, 11:18:46 pm [33m   WARN[39m [38;5;3m[LexMentorAiService] [39m[33mLexMentor Qdrant retrieval skipped: BGE-M3 embedding failed. Reason: [39m
[32m[Nest] 10984  - [39m09/06/2026, 11:18:46 pm [32m    LOG[39m [38;5;3m[LexMentorAiService] [39m[32mLexMentor Intent Detected: Definition Request[39m
[32m[Nest] 10984  - [39m09/06/2026, 11:18:46 pm [32m    LOG[39m [38;5;3m[LexMentorAiService] [39m[32mLexMentor Mode: Intermediate[39m
[33m[Nest] 10984  - [39m09/06/2026, 11:18:46 pm [33m   WARN[39m [38;5;3m[LexMentorAiService] [39m[33mDeepSeek failed for LexMentor. Trying Gemini fallback. Reason: Request failed with status code 402[39m
[32m[Nest] 10984  - [39m09/06/2026, 11:18:46 pm [32m    LOG[39m [38;5;3m[LexMentorAiService] [39m[32mLexMentor Intent Detected: Definition Request[39m
[32m[Nest] 10984  - [39m09/06/2026, 11:18:46 pm [32m    LOG[39m [38;5;3m[LexMentorAiService] [39m[32mLexMentor Mode: Intermediate[39m
[33m[Nest] 10984  - [39m09/06/2026, 11:18:47 pm [33m   WARN[39m [38;5;3m[LexMentorAiService] [39m[33mGemini fallback failed for LexMentor. Trying OpenAI fallback. Reason: Request failed with status code 429[39m
[32m[Nest] 10984  - [39m09/06/2026, 11:18:47 pm [32m    LOG[39m [38;5;3m[LexMentorAiService] [39m[32mLexMentor Intent Detected: Definition Request[39m
[32m[Nest] 10984  - [39m09/06/2026, 11:18:47 pm [32m    LOG[39m [38;5;3m[LexMentorAiService] [39m[32mLexMentor Mode: Intermediate[39m
[33m[Nest] 10984  - [39m09/06/2026, 11:18:49 pm [33m   WARN[39m [38;5;3m[LegalDomainClassifierService] [39m[33mLegal intent classifier DeepSeek failed. Trying next classifier. Reason: Request failed with status code 402[39m
[33m[Nest] 10984  - [39m09/06/2026, 11:18:51 pm [33m   WARN[39m [38;5;3m[LegalDomainClassifierService] [39m[33mLegal intent classifier Gemini failed. Trying next classifier. Reason: Request failed with status code 429[39m
[33m[Nest] 10984  - [39m09/06/2026, 11:18:53 pm [33m   WARN[39m [38;5;3m[LegalDomainClassifierService] [39m[33mLegal intent classifier OpenAI failed. Trying next classifier. Reason: Request failed with status code 429[39m
[33m[Nest] 10984  - [39m09/06/2026, 11:18:53 pm [33m   WARN[39m [38;5;3m[LegalDomainClassifierService] [39m[33mLegal intent classifiers unavailable. Allowing query by uncertainty rule.[39m
[33m[Nest] 10984  - [39m09/06/2026, 11:18:53 pm [33m   WARN[39m [38;5;3m[BgeM3Provider] [39m[33m[generateEmbedding] Attempt 1/3 failed: . Retrying in 1000ms…[39m
[33m[Nest] 10984  - [39m09/06/2026, 11:18:54 pm [33m   WARN[39m [38;5;3m[BgeM3Provider] [39m[33m[generateEmbedding] Attempt 2/3 failed: . Retrying in 2000ms…[39m
[33m[Nest] 10984  - [39m09/06/2026, 11:18:56 pm [33m   WARN[39m [38;5;3m[LexMentorAiService] [39m[33mLexMentor Qdrant retrieval skipped: BGE-M3 embedding failed. Reason: [39m
[32m[Nest] 10984  - [39m09/06/2026, 11:18:56 pm [32m    LOG[39m [38;5;3m[LexMentorAiService] [39m[32mLexMentor Intent Detected: Definition Request[39m
[32m[Nest] 10984  - [39m09/06/2026, 11:18:56 pm [32m    LOG[39m [38;5;3m[LexMentorAiService] [39m[32mLexMentor Mode: Intermediate[39m
[33m[Nest] 10984  - [39m09/06/2026, 11:18:56 pm [33m   WARN[39m [38;5;3m[LexMentorAiService] [39m[33mDeepSeek failed for LexMentor. Trying Gemini fallback. Reason: Request failed with status code 402[39m
[32m[Nest] 10984  - [39m09/06/2026, 11:18:56 pm [32m    LOG[39m [38;5;3m[LexMentorAiService] [39m[32mLexMentor Intent Detected: Definition Request[39m
[32m[Nest] 10984  - [39m09/06/2026, 11:18:56 pm [32m    LOG[39m [38;5;3m[LexMentorAiService] [39m[32mLexMentor Mode: Intermediate[39m
[33m[Nest] 10984  - [39m09/06/2026, 11:18:57 pm [33m   WARN[39m [38;5;3m[LexMentorAiService] [39m[33mGemini fallback failed for LexMentor. Trying OpenAI fallback. Reason: Request failed with status code 429[39m
[32m[Nest] 10984  - [39m09/06/2026, 11:18:57 pm [32m    LOG[39m [38;5;3m[LexMentorAiService] [39m[32mLexMentor Intent Detected: Definition Request[39m
[32m[Nest] 10984  - [39m09/06/2026, 11:18:57 pm [32m    LOG[39m [38;5;3m[LexMentorAiService] [39m[32mLexMentor Mode: Intermediate[39m
[33m[Nest] 10984  - [39m09/06/2026, 11:20:21 pm [33m   WARN[39m [38;5;3m[LegalDomainClassifierService] [39m[33mLegal intent classifier DeepSeek failed. Trying next classifier. Reason: Request failed with status code 402[39m
[33m[Nest] 10984  - [39m09/06/2026, 11:20:23 pm [33m   WARN[39m [38;5;3m[LegalDomainClassifierService] [39m[33mLegal intent classifier Gemini failed. Trying next classifier. Reason: Request failed with status code 429[39m
[33m[Nest] 10984  - [39m09/06/2026, 11:20:24 pm [33m   WARN[39m [38;5;3m[LegalDomainClassifierService] [39m[33mLegal intent classifier OpenAI failed. Trying next classifier. Reason: Request failed with status code 429[39m
[33m[Nest] 10984  - [39m09/06/2026, 11:20:24 pm [33m   WARN[39m [38;5;3m[LegalDomainClassifierService] [39m[33mLegal intent classifiers unavailable. Allowing query by uncertainty rule.[39m
[33m[Nest] 10984  - [39m09/06/2026, 11:20:25 pm [33m   WARN[39m [38;5;3m[BgeM3Provider] [39m[33m[generateEmbedding] Attempt 1/3 failed: . Retrying in 1000ms…[39m
[33m[Nest] 10984  - [39m09/06/2026, 11:20:26 pm [33m   WARN[39m [38;5;3m[BgeM3Provider] [39m[33m[generateEmbedding] Attempt 2/3 failed: . Retrying in 2000ms…[39m
[33m[Nest] 10984  - [39m09/06/2026, 11:20:28 pm [33m   WARN[39m [38;5;3m[LexMentorAiService] [39m[33mLexMentor Qdrant retrieval skipped: BGE-M3 embedding failed. Reason: [39m
[32m[Nest] 10984  - [39m09/06/2026, 11:20:28 pm [32m    LOG[39m [38;5;3m[LexMentorAiService] [39m[32mLexMentor Intent Detected: Definition Request[39m
[32m[Nest] 10984  - [39m09/06/2026, 11:20:28 pm [32m    LOG[39m [38;5;3m[LexMentorAiService] [39m[32mLexMentor Mode: Beginner[39m
[33m[Nest] 10984  - [39m09/06/2026, 11:20:28 pm [33m   WARN[39m [38;5;3m[LexMentorAiService] [39m[33mDeepSeek failed for LexMentor. Trying Gemini fallback. Reason: Request failed with status code 402[39m
[32m[Nest] 10984  - [39m09/06/2026, 11:20:28 pm [32m    LOG[39m [38;5;3m[LexMentorAiService] [39m[32mLexMentor Intent Detected: Definition Request[39m
[32m[Nest] 10984  - [39m09/06/2026, 11:20:28 pm [32m    LOG[39m [38;5;3m[LexMentorAiService] [39m[32mLexMentor Mode: Beginner[39m
[33m[Nest] 10984  - [39m09/06/2026, 11:20:29 pm [33m   WARN[39m [38;5;3m[LexMentorAiService] [39m[33mGemini fallback failed for LexMentor. Trying OpenAI fallback. Reason: Request failed with status code 429[39m
[32m[Nest] 10984  - [39m09/06/2026, 11:20:29 pm [32m    LOG[39m [38;5;3m[LexMentorAiService] [39m[32mLexMentor Intent Detected: Definition Request[39m
[32m[Nest] 10984  - [39m09/06/2026, 11:20:29 pm [32m    LOG[39m [38;5;3m[LexMentorAiService] [39m[32mLexMentor Mode: Beginner[39m
[33m[Nest] 10984  - [39m09/06/2026, 11:20:41 pm [33m   WARN[39m [38;5;3m[LegalDomainClassifierService] [39m[33mLegal intent classifier DeepSeek failed. Trying next classifier. Reason: Request failed with status code 402[39m
[33m[Nest] 10984  - [39m09/06/2026, 11:20:43 pm [33m   WARN[39m [38;5;3m[LegalDomainClassifierService] [39m[33mLegal intent classifier Gemini failed. Trying next classifier. Reason: Request failed with status code 429[39m
[33m[Nest] 10984  - [39m09/06/2026, 11:20:45 pm [33m   WARN[39m [38;5;3m[LegalDomainClassifierService] [39m[33mLegal intent classifier OpenAI failed. Trying next classifier. Reason: Request failed with status code 429[39m
[33m[Nest] 10984  - [39m09/06/2026, 11:20:45 pm [33m   WARN[39m [38;5;3m[LegalDomainClassifierService] [39m[33mLegal intent classifiers unavailable. Allowing query by uncertainty rule.[39m
[33m[Nest] 10984  - [39m09/06/2026, 11:20:45 pm [33m   WARN[39m [38;5;3m[BgeM3Provider] [39m[33m[generateEmbedding] Attempt 1/3 failed: . Retrying in 1000ms…[39m
[33m[Nest] 10984  - [39m09/06/2026, 11:20:46 pm [33m   WARN[39m [38;5;3m[BgeM3Provider] [39m[33m[generateEmbedding] Attempt 2/3 failed: . Retrying in 2000ms…[39m
[33m[Nest] 10984  - [39m09/06/2026, 11:20:48 pm [33m   WARN[39m [38;5;3m[LexMentorAiService] [39m[33mLexMentor Qdrant retrieval skipped: BGE-M3 embedding failed. Reason: [39m
[32m[Nest] 10984  - [39m09/06/2026, 11:20:48 pm [32m    LOG[39m [38;5;3m[LexMentorAiService] [39m[32mLexMentor Intent Detected: Definition Request[39m
[32m[Nest] 10984  - [39m09/06/2026, 11:20:48 pm [32m    LOG[39m [38;5;3m[LexMentorAiService] [39m[32mLexMentor Mode: Beginner[39m
[33m[Nest] 10984  - [39m09/06/2026, 11:20:50 pm [33m   WARN[39m [38;5;3m[LexMentorAiService] [39m[33mDeepSeek failed for LexMentor. Trying Gemini fallback. Reason: Request failed with status code 402[39m
[32m[Nest] 10984  - [39m09/06/2026, 11:20:50 pm [32m    LOG[39m [38;5;3m[LexMentorAiService] [39m[32mLexMentor Intent Detected: Definition Request[39m
[32m[Nest] 10984  - [39m09/06/2026, 11:20:50 pm [32m    LOG[39m [38;5;3m[LexMentorAiService] [39m[32mLexMentor Mode: Beginner[39m
[33m[Nest] 10984  - [39m09/06/2026, 11:20:51 pm [33m   WARN[39m [38;5;3m[LexMentorAiService] [39m[33mGemini fallback failed for LexMentor. Trying OpenAI fallback. Reason: Request failed with status code 429[39m
[32m[Nest] 10984  - [39m09/06/2026, 11:20:51 pm [32m    LOG[39m [38;5;3m[LexMentorAiService] [39m[32mLexMentor Intent Detected: Definition Request[39m
[32m[Nest] 10984  - [39m09/06/2026, 11:20:51 pm [32m    LOG[39m [38;5;3m[LexMentorAiService] [39m[32mLexMentor Mode: Beginner[39m
[2J[3J[H[[90m11:21:56 pm[0m] File change detected. Starting incremental compilation...

[[90m11:21:57 pm[0m] Found 0 errors. Watching for file changes.

[32m[Nest] 7352  - [39m09/06/2026, 11:21:58 pm [32m    LOG[39m [38;5;3m[NestFactory] [39m[32mStarting Nest application...[39m
[32m[Nest] 7352  - [39m09/06/2026, 11:21:58 pm [32m    LOG[39m [38;5;3m[InstanceLoader] [39m[32mAppModule dependencies initialized[39m[38;5;3m +28ms[39m
[32m[Nest] 7352  - [39m09/06/2026, 11:21:58 pm [32m    LOG[39m [38;5;3m[InstanceLoader] [39m[32mTypeOrmModule dependencies initialized[39m[38;5;3m +1ms[39m
[32m[Nest] 7352  - [39m09/06/2026, 11:21:58 pm [32m    LOG[39m [38;5;3m[InstanceLoader] [39m[32mLegalDomainModule dependencies initialized[39m[38;5;3m +0ms[39m
[32m[Nest] 7352  - [39m09/06/2026, 11:21:58 pm [32m    LOG[39m [38;5;3m[InstanceLoader] [39m[32mRetrievalModule dependencies initialized[39m[38;5;3m +1ms[39m
[32m[Nest] 7352  - [39m09/06/2026, 11:21:58 pm [32m    LOG[39m [38;5;3m[InstanceLoader] [39m[32mJudgmentModule dependencies initialized[39m[38;5;3m +0ms[39m
[32m[Nest] 7352  - [39m09/06/2026, 11:21:58 pm [32m    LOG[39m [38;5;3m[InstanceLoader] [39m[32mContractModule dependencies initialized[39m[38;5;3m +0ms[39m
[32m[Nest] 7352  - [39m09/06/2026, 11:21:58 pm [32m    LOG[39m [38;5;3m[InstanceLoader] [39m[32mIngestionModule dependencies initialized[39m[38;5;3m +1ms[39m
[32m[Nest] 7352  - [39m09/06/2026, 11:21:58 pm [32m    LOG[39m [38;5;3m[InstanceLoader] [39m[32mChatModule dependencies initialized[39m[38;5;3m +0ms[39m
[32m[Nest] 7352  - [39m09/06/2026, 11:21:58 pm [32m    LOG[39m [38;5;3m[InstanceLoader] [39m[32mTypeOrmCoreModule dependencies initialized[39m[38;5;3m +41ms[39m
[32m[Nest] 7352  - [39m09/06/2026, 11:21:58 pm [32m    LOG[39m [38;5;3m[InstanceLoader] [39m[32mTypeOrmModule dependencies initialized[39m[38;5;3m +1ms[39m
[32m[Nest] 7352  - [39m09/06/2026, 11:21:58 pm [32m    LOG[39m [38;5;3m[InstanceLoader] [39m[32mTypeOrmModule dependencies initialized[39m[38;5;3m +0ms[39m
[32m[Nest] 7352  - [39m09/06/2026, 11:21:58 pm [32m    LOG[39m [38;5;3m[InstanceLoader] [39m[32mTypeOrmModule dependencies initialized[39m[38;5;3m +0ms[39m
[32m[Nest] 7352  - [39m09/06/2026, 11:21:58 pm [32m    LOG[39m [38;5;3m[InstanceLoader] [39m[32mTypeOrmModule dependencies initialized[39m[38;5;3m +0ms[39m
[32m[Nest] 7352  - [39m09/06/2026, 11:21:58 pm [32m    LOG[39m [38;5;3m[InstanceLoader] [39m[32mFounderSecurityModule dependencies initialized[39m[38;5;3m +2ms[39m
[32m[Nest] 7352  - [39m09/06/2026, 11:21:58 pm [32m    LOG[39m [38;5;3m[InstanceLoader] [39m[32mResearchModule dependencies initialized[39m[38;5;3m +0ms[39m
[32m[Nest] 7352  - [39m09/06/2026, 11:21:58 pm [32m    LOG[39m [38;5;3m[InstanceLoader] [39m[32mNotebookModule dependencies initialized[39m[38;5;3m +0ms[39m
[32m[Nest] 7352  - [39m09/06/2026, 11:21:58 pm [32m    LOG[39m [38;5;3m[InstanceLoader] [39m[32mExamModule dependencies initialized[39m[38;5;3m +0ms[39m
[32m[Nest] 7352  - [39m09/06/2026, 11:21:58 pm [32m    LOG[39m [38;5;3m[RoutesResolver] [39m[32mJudgmentController {/api/v1/judgments}:[39m[38;5;3m +28ms[39m
[32m[Nest] 7352  - [39m09/06/2026, 11:21:58 pm [32m    LOG[39m [38;5;3m[RouterExplorer] [39m[32mMapped {/api/v1/judgments/upload, POST} route[39m[38;5;3m +3ms[39m
[32m[Nest] 7352  - [39m09/06/2026, 11:21:58 pm [32m    LOG[39m [38;5;3m[RouterExplorer] [39m[32mMapped {/api/v1/judgments/:id/structure, GET} route[39m[38;5;3m +0ms[39m
[32m[Nest] 7352  - [39m09/06/2026, 11:21:58 pm [32m    LOG[39m [38;5;3m[RouterExplorer] [39m[32mMapped {/api/v1/judgments/:id/explain, POST} route[39m[38;5;3m +1ms[39m
[32m[Nest] 7352  - [39m09/06/2026, 11:21:58 pm [32m    LOG[39m [38;5;3m[RoutesResolver] [39m[32mChatController {/api/v1/chat}:[39m[38;5;3m +0ms[39m
[32m[Nest] 7352  - [39m09/06/2026, 11:21:58 pm [32m    LOG[39m [38;5;3m[RouterExplorer] [39m[32mMapped {/api/v1/chat/message, POST} route[39m[38;5;3m +0ms[39m
[32m[Nest] 7352  - [39m09/06/2026, 11:21:58 pm [32m    LOG[39m [38;5;3m[RouterExplorer] [39m[32mMapped {/api/v1/chat/history/:sessionId, GET} route[39m[38;5;3m +1ms[39m
[32m[Nest] 7352  - [39m09/06/2026, 11:21:58 pm [32m    LOG[39m [38;5;3m[RouterExplorer] [39m[32mMapped {/api/v1/chat/history/:sessionId, DELETE} route[39m[38;5;3m +0ms[39m
[32m[Nest] 7352  - [39m09/06/2026, 11:21:58 pm [32m    LOG[39m [38;5;3m[RouterExplorer] [39m[32mMapped {/api/v1/chat/search, POST} route[39m[38;5;3m +0ms[39m
[32m[Nest] 7352  - [39m09/06/2026, 11:21:58 pm [32m    LOG[39m [38;5;3m[RouterExplorer] [39m[32mMapped {/api/v1/chat/citations/:messageId, GET} route[39m[38;5;3m +1ms[39m
[32m[Nest] 7352  - [39m09/06/2026, 11:21:58 pm [32m    LOG[39m [38;5;3m[RoutesResolver] [39m[32mContractController {/api/v1/contracts}:[39m[38;5;3m +0ms[39m
[32m[Nest] 7352  - [39m09/06/2026, 11:21:58 pm [32m    LOG[39m [38;5;3m[RouterExplorer] [39m[32mMapped {/api/v1/contracts/review, POST} route[39m[38;5;3m +1ms[39m
[32m[Nest] 7352  - [39m09/06/2026, 11:21:58 pm [32m    LOG[39m [38;5;3m[RouterExplorer] [39m[32mMapped {/api/v1/contracts/:id/risks, GET} route[39m[38;5;3m +0ms[39m
[32m[Nest] 7352  - [39m09/06/2026, 11:21:58 pm [32m    LOG[39m [38;5;3m[RouterExplorer] [39m[32mMapped {/api/v1/contracts/:id/clauses, POST} route[39m[38;5;3m +0ms[39m
[32m[Nest] 7352  - [39m09/06/2026, 11:21:58 pm [32m    LOG[39m [38;5;3m[RoutesResolver] [39m[32mNotebookController {/api/v1/notebook}:[39m[38;5;3m +1ms[39m
[32m[Nest] 7352  - [39m09/06/2026, 11:21:58 pm [32m    LOG[39m [38;5;3m[RouterExplorer] [39m[32mMapped {/api/v1/notebook/documents, GET} route[39m[38;5;3m +0ms[39m
[32m[Nest] 7352  - [39m09/06/2026, 11:21:58 pm [32m    LOG[39m [38;5;3m[RouterExplorer] [39m[32mMapped {/api/v1/notebook/documents/:id, GET} route[39m[38;5;3m +0ms[39m
[32m[Nest] 7352  - [39m09/06/2026, 11:21:58 pm [32m    LOG[39m [38;5;3m[RouterExplorer] [39m[32mMapped {/api/v1/notebook/documents/:id/preview, GET} route[39m[38;5;3m +1ms[39m
[32m[Nest] 7352  - [39m09/06/2026, 11:21:58 pm [32m    LOG[39m [38;5;3m[RouterExplorer] [39m[32mMapped {/api/v1/notebook/documents/:id/file, GET} route[39m[38;5;3m +0ms[39m
[32m[Nest] 7352  - [39m09/06/2026, 11:21:58 pm [32m    LOG[39m [38;5;3m[RouterExplorer] [39m[32mMapped {/api/v1/notebook/documents/:id/chunks, GET} route[39m[38;5;3m +0ms[39m
[32m[Nest] 7352  - [39m09/06/2026, 11:21:58 pm [32m    LOG[39m [38;5;3m[RouterExplorer] [39m[32mMapped {/api/v1/notebook/documents/:id/chat-history, GET} route[39m[38;5;3m +0ms[39m
[32m[Nest] 7352  - [39m09/06/2026, 11:21:58 pm [32m    LOG[39m [38;5;3m[RouterExplorer] [39m[32mMapped {/api/v1/notebook/documents/:id/reprocess, POST} route[39m[38;5;3m +1ms[39m
[32m[Nest] 7352  - [39m09/06/2026, 11:21:58 pm [32m    LOG[39m [38;5;3m[RouterExplorer] [39m[32mMapped {/api/v1/notebook/documents/:id/extraction, GET} route[39m[38;5;3m +0ms[39m
[32m[Nest] 7352  - [39m09/06/2026, 11:21:58 pm [32m    LOG[39m [38;5;3m[RouterExplorer] [39m[32mMapped {/api/v1/notebook/documents/:id/extraction, POST} route[39m[38;5;3m +0ms[39m
[32m[Nest] 7352  - [39m09/06/2026, 11:21:58 pm [32m    LOG[39m [38;5;3m[RouterExplorer] [39m[32mMapped {/api/v1/notebook/documents/:id/study-forge/generate, POST} route[39m[38;5;3m +1ms[39m
[32m[Nest] 7352  - [39m09/06/2026, 11:21:58 pm [32m    LOG[39m [38;5;3m[RouterExplorer] [39m[32mMapped {/api/v1/notebook/documents/:id/study-forge/flashcards/:cardId/rate, POST} route[39m[38;5;3m +0ms[39m
[32m[Nest] 7352  - [39m09/06/2026, 11:21:58 pm [32m    LOG[39m [38;5;3m[RouterExplorer] [39m[32mMapped {/api/v1/notebook/documents/:id/study-forge/quiz-attempt, POST} route[39m[38;5;3m +0ms[39m
[32m[Nest] 7352  - [39m09/06/2026, 11:21:58 pm [32m    LOG[39m [38;5;3m[RouterExplorer] [39m[32mMapped {/api/v1/notebook/graph, GET} route[39m[38;5;3m +0ms[39m
[32m[Nest] 7352  - [39m09/06/2026, 11:21:58 pm [32m    LOG[39m [38;5;3m[RouterExplorer] [39m[32mMapped {/api/v1/notebook/search, GET} route[39m[38;5;3m +0ms[39m
[32m[Nest] 7352  - [39m09/06/2026, 11:21:58 pm [32m    LOG[39m [38;5;3m[RouterExplorer] [39m[32mMapped {/api/v1/notebook/documents/:id, DELETE} route[39m[38;5;3m +1ms[39m
[32m[Nest] 7352  - [39m09/06/2026, 11:21:58 pm [32m    LOG[39m [38;5;3m[RouterExplorer] [39m[32mMapped {/api/v1/notebook/upload, POST} route[39m[38;5;3m +1ms[39m
[32m[Nest] 7352  - [39m09/06/2026, 11:21:58 pm [32m    LOG[39m [38;5;3m[RouterExplorer] [39m[32mMapped {/api/v1/notebook/chat, POST} route[39m[38;5;3m +0ms[39m
[32m[Nest] 7352  - [39m09/06/2026, 11:21:58 pm [32m    LOG[39m [38;5;3m[RoutesResolver] [39m[32mResearchController {/api/v1/research}:[39m[38;5;3m +0ms[39m
[32m[Nest] 7352  - [39m09/06/2026, 11:21:58 pm [32m    LOG[39m [38;5;3m[RouterExplorer] [39m[32mMapped {/api/v1/research/query, POST} route[39m[38;5;3m +0ms[39m
[32m[Nest] 7352  - [39m09/06/2026, 11:21:58 pm [32m    LOG[39m [38;5;3m[RouterExplorer] [39m[32mMapped {/api/v1/research/query/all, GET} route[39m[38;5;3m +1ms[39m
[32m[Nest] 7352  - [39m09/06/2026, 11:21:58 pm [32m    LOG[39m [38;5;3m[RouterExplorer] [39m[32mMapped {/api/v1/research/query/:id, GET} route[39m[38;5;3m +0ms[39m
[32m[Nest] 7352  - [39m09/06/2026, 11:21:58 pm [32m    LOG[39m [38;5;3m[RouterExplorer] [39m[32mMapped {/api/v1/research/report, POST} route[39m[38;5;3m +0ms[39m
[32m[Nest] 7352  - [39m09/06/2026, 11:21:58 pm [32m    LOG[39m [38;5;3m[RouterExplorer] [39m[32mMapped {/api/v1/research/report/:id, GET} route[39m[38;5;3m +0ms[39m
[32m[Nest] 7352  - [39m09/06/2026, 11:21:58 pm [32m    LOG[39m [38;5;3m[RouterExplorer] [39m[32mMapped {/api/v1/research/report/:id, PUT} route[39m[38;5;3m +1ms[39m
[32m[Nest] 7352  - [39m09/06/2026, 11:21:58 pm [32m    LOG[39m [38;5;3m[RouterExplorer] [39m[32mMapped {/api/v1/research/report/:id, DELETE} route[39m[38;5;3m +0ms[39m
[32m[Nest] 7352  - [39m09/06/2026, 11:21:58 pm [32m    LOG[39m [38;5;3m[RouterExplorer] [39m[32mMapped {/api/v1/research/note, POST} route[39m[38;5;3m +0ms[39m
[32m[Nest] 7352  - [39m09/06/2026, 11:21:58 pm [32m    LOG[39m [38;5;3m[RouterExplorer] [39m[32mMapped {/api/v1/research/note/:id, GET} route[39m[38;5;3m +1ms[39m
[32m[Nest] 7352  - [39m09/06/2026, 11:21:58 pm [32m    LOG[39m [38;5;3m[RouterExplorer] [39m[32mMapped {/api/v1/research/note/:id, PUT} route[39m[38;5;3m +0ms[39m
[32m[Nest] 7352  - [39m09/06/2026, 11:21:58 pm [32m    LOG[39m [38;5;3m[RouterExplorer] [39m[32mMapped {/api/v1/research/note/:id, DELETE} route[39m[38;5;3m +0ms[39m
[32m[Nest] 7352  - [39m09/06/2026, 11:21:58 pm [32m    LOG[39m [38;5;3m[RouterExplorer] [39m[32mMapped {/api/v1/research/source, POST} route[39m[38;5;3m +0ms[39m
[32m[Nest] 7352  - [39m09/06/2026, 11:21:58 pm [32m    LOG[39m [38;5;3m[RouterExplorer] [39m[32mMapped {/api/v1/research/source/:id, GET} route[39m[38;5;3m +1ms[39m
[32m[Nest] 7352  - [39m09/06/2026, 11:21:58 pm [32m    LOG[39m [38;5;3m[RouterExplorer] [39m[32mMapped {/api/v1/research/source/:id, DELETE} route[39m[38;5;3m +0ms[39m
[32m[Nest] 7352  - [39m09/06/2026, 11:21:58 pm [32m    LOG[39m [38;5;3m[RouterExplorer] [39m[32mMapped {/api/v1/research/save, POST} route[39m[38;5;3m +0ms[39m
[32m[Nest] 7352  - [39m09/06/2026, 11:21:58 pm [32m    LOG[39m [38;5;3m[RouterExplorer] [39m[32mMapped {/api/v1/research/save/all, GET} route[39m[38;5;3m +0ms[39m
[32m[Nest] 7352  - [39m09/06/2026, 11:21:58 pm [32m    LOG[39m [38;5;3m[RouterExplorer] [39m[32mMapped {/api/v1/research/save/:id, DELETE} route[39m[38;5;3m +1ms[39m
[32m[Nest] 7352  - [39m09/06/2026, 11:21:58 pm [32m    LOG[39m [38;5;3m[RouterExplorer] [39m[32mMapped {/api/v1/research/asset, POST} route[39m[38;5;3m +0ms[39m
[32m[Nest] 7352  - [39m09/06/2026, 11:21:58 pm [32m    LOG[39m [38;5;3m[RouterExplorer] [39m[32mMapped {/api/v1/research/upload, POST} route[39m[38;5;3m +0ms[39m
[32m[Nest] 7352  - [39m09/06/2026, 11:21:58 pm [32m    LOG[39m [38;5;3m[RouterExplorer] [39m[32mMapped {/api/v1/research/documents/:queryId, GET} route[39m[38;5;3m +0ms[39m
[32m[Nest] 7352  - [39m09/06/2026, 11:21:58 pm [32m    LOG[39m [38;5;3m[RouterExplorer] [39m[32mMapped {/api/v1/research/generate, POST} route[39m[38;5;3m +1ms[39m
[32m[Nest] 7352  - [39m09/06/2026, 11:21:58 pm [32m    LOG[39m [38;5;3m[RouterExplorer] [39m[32mMapped {/api/v1/research/challenge, POST} route[39m[38;5;3m +0ms[39m
[32m[Nest] 7352  - [39m09/06/2026, 11:21:58 pm [32m    LOG[39m [38;5;3m[RoutesResolver] [39m[32mIngestionController {/api/v1/ingestion}:[39m[38;5;3m +0ms[39m
[32m[Nest] 7352  - [39m09/06/2026, 11:21:58 pm [32m    LOG[39m [38;5;3m[RouterExplorer] [39m[32mMapped {/api/v1/ingestion/status, GET} route[39m[38;5;3m +0ms[39m
[32m[Nest] 7352  - [39m09/06/2026, 11:21:58 pm [32m    LOG[39m [38;5;3m[RouterExplorer] [39m[32mMapped {/api/v1/ingestion/init-collections, POST} route[39m[38;5;3m +1ms[39m
[32m[Nest] 7352  - [39m09/06/2026, 11:21:58 pm [32m    LOG[39m [38;5;3m[RouterExplorer] [39m[32mMapped {/api/v1/ingestion/ingest, POST} route[39m[38;5;3m +0ms[39m
[32m[Nest] 7352  - [39m09/06/2026, 11:21:58 pm [32m    LOG[39m [38;5;3m[RouterExplorer] [39m[32mMapped {/api/v1/ingestion/ingest-text, POST} route[39m[38;5;3m +0ms[39m
[32m[Nest] 7352  - [39m09/06/2026, 11:21:58 pm [32m    LOG[39m [38;5;3m[RouterExplorer] [39m[32mMapped {/api/v1/ingestion/ingest-batch, POST} route[39m[38;5;3m +0ms[39m
[32m[Nest] 7352  - [39m09/06/2026, 11:21:58 pm [32m    LOG[39m [38;5;3m[RoutesResolver] [39m[32mExamController {/api/v1/exam}:[39m[38;5;3m +1ms[39m
[32m[Nest] 7352  - [39m09/06/2026, 11:21:58 pm [32m    LOG[39m [38;5;3m[RouterExplorer] [39m[32mMapped {/api/v1/exam, POST} route[39m[38;5;3m +0ms[39m
[32m[Nest] 7352  - [39m09/06/2026, 11:21:58 pm [32m    LOG[39m [38;5;3m[RouterExplorer] [39m[32mMapped {/api/v1/exam, GET} route[39m[38;5;3m +0ms[39m
[32m[Nest] 7352  - [39m09/06/2026, 11:21:58 pm [32m    LOG[39m [38;5;3m[RouterExplorer] [39m[32mMapped {/api/v1/exam/:id, GET} route[39m[38;5;3m +0ms[39m
[32m[Nest] 7352  - [39m09/06/2026, 11:21:58 pm [32m    LOG[39m [38;5;3m[RouterExplorer] [39m[32mMapped {/api/v1/exam/:id/mock, POST} route[39m[38;5;3m +1ms[39m
[32m[Nest] 7352  - [39m09/06/2026, 11:21:58 pm [32m    LOG[39m [38;5;3m[RouterExplorer] [39m[32mMapped {/api/v1/exam/assistant, POST} route[39m[38;5;3m +0ms[39m
[32m[Nest] 7352  - [39m09/06/2026, 11:21:58 pm [32m    LOG[39m [38;5;3m[RouterExplorer] [39m[32mMapped {/api/v1/exam/dashboard/recommendations, GET} route[39m[38;5;3m +0ms[39m
[32m[Nest] 7352  - [39m09/06/2026, 11:21:58 pm [32m    LOG[39m [38;5;3m[RouterExplorer] [39m[32mMapped {/api/v1/exam/doubt-solve, POST} route[39m[38;5;3m +0ms[39m
[32m[Nest] 7352  - [39m09/06/2026, 11:21:58 pm [32m    LOG[39m [38;5;3m[RouterExplorer] [39m[32mMapped {/api/v1/exam/oauth-tokens, POST} route[39m[38;5;3m +0ms[39m
[32m[Nest] 7352  - [39m09/06/2026, 11:21:58 pm [32m    LOG[39m [38;5;3m[RouterExplorer] [39m[32mMapped {/api/v1/exam/dashboard/notifications, GET} route[39m[38;5;3m +1ms[39m
[32m[Nest] 7352  - [39m09/06/2026, 11:21:58 pm [32m    LOG[39m [38;5;3m[RouterExplorer] [39m[32mMapped {/api/v1/exam/dashboard/notifications/read, POST} route[39m[38;5;3m +0ms[39m
[32m[Nest] 7352  - [39m09/06/2026, 11:21:58 pm [32m    LOG[39m [38;5;3m[RouterExplorer] [39m[32mMapped {/api/v1/exam/calendar/events, GET} route[39m[38;5;3m +0ms[39m
[32m[Nest] 7352  - [39m09/06/2026, 11:21:58 pm [32m    LOG[39m [38;5;3m[RouterExplorer] [39m[32mMapped {/api/v1/exam/calendar/events, POST} route[39m[38;5;3m +0ms[39m
[32m[Nest] 7352  - [39m09/06/2026, 11:21:58 pm [32m    LOG[39m [38;5;3m[RoutesResolver] [39m[32mFounderSecurityController {/api/v1/founder-security}:[39m[38;5;3m +1ms[39m
[32m[Nest] 7352  - [39m09/06/2026, 11:21:58 pm [32m    LOG[39m [38;5;3m[RouterExplorer] [39m[32mMapped {/api/v1/founder-security/settings, GET} route[39m[38;5;3m +0ms[39m
[32m[Nest] 7352  - [39m09/06/2026, 11:21:58 pm [32m    LOG[39m [38;5;3m[RouterExplorer] [39m[32mMapped {/api/v1/founder-security/settings, PUT} route[39m[38;5;3m +0ms[39m
[32m[Nest] 7352  - [39m09/06/2026, 11:21:58 pm [32m    LOG[39m [38;5;3m[RouterExplorer] [39m[32mMapped {/api/v1/founder-security/events, GET} route[39m[38;5;3m +0ms[39m
[32m[Nest] 7352  - [39m09/06/2026, 11:21:58 pm [32m    LOG[39m [38;5;3m[RouterExplorer] [39m[32mMapped {/api/v1/founder-security/events, POST} route[39m[38;5;3m +1ms[39m
[32m[Nest] 7352  - [39m09/06/2026, 11:21:58 pm [32m    LOG[39m [38;5;3m[RouterExplorer] [39m[32mMapped {/api/v1/founder-security/clear-locks, GET} route[39m[38;5;3m +0ms[39m
[32m[Nest] 7352  - [39m09/06/2026, 11:21:58 pm [32m    LOG[39m [38;5;3m[RouterExplorer] [39m[32mMapped {/api/v1/founder-security/admin-login, POST} route[39m[38;5;3m +0ms[39m
[32m[Nest] 7352  - [39m09/06/2026, 11:21:58 pm [32m    LOG[39m [38;5;3m[RouterExplorer] [39m[32mMapped {/api/v1/founder-security/verify-question, POST} route[39m[38;5;3m +0ms[39m
[32m[Nest] 7352  - [39m09/06/2026, 11:21:58 pm [32m    LOG[39m [38;5;3m[RouterExplorer] [39m[32mMapped {/api/v1/founder-security/login-approve, GET} route[39m[38;5;3m +0ms[39m
[32m[Nest] 7352  - [39m09/06/2026, 11:21:58 pm [32m    LOG[39m [38;5;3m[RouterExplorer] [39m[32mMapped {/api/v1/founder-security/login-reject, GET} route[39m[38;5;3m +1ms[39m
[32m[Nest] 7352  - [39m09/06/2026, 11:21:58 pm [32m    LOG[39m [38;5;3m[RouterExplorer] [39m[32mMapped {/api/v1/founder-security/login-status, GET} route[39m[38;5;3m +0ms[39m
[32m[Nest] 7352  - [39m09/06/2026, 11:21:58 pm [32m    LOG[39m [38;5;3m[RoutesResolver] [39m[32mSecurityTestController {/api/v1/api/security}:[39m[38;5;3m +0ms[39m
[32m[Nest] 7352  - [39m09/06/2026, 11:21:58 pm [32m    LOG[39m [38;5;3m[RouterExplorer] [39m[32mMapped {/api/security/test-email, GET} route[39m[38;5;3m +1ms[39m
[32m[Nest] 7352  - [39m09/06/2026, 11:21:58 pm [32m    LOG[39m [38;5;3m[RouterExplorer] [39m[32mMapped {/api/security/test-email, POST} route[39m[38;5;3m +0ms[39m
[32m[Nest] 7352  - [39m09/06/2026, 11:21:58 pm [32m    LOG[39m [38;5;3m[QdrantService] [39m[32mInitializing Qdrant client with URL: https://dd284eb5-9c7e-4f0e-92fd-815f87684ce0.us-west-1-0.aws.cloud.qdrant.io[39m
[32m[Nest] 7352  - [39m09/06/2026, 11:21:58 pm [32m    LOG[39m [38;5;3m[QdrantService] [39m[32mTesting Qdrant connection...[39m
[32m[Nest] 7352  - [39m09/06/2026, 11:21:58 pm [32m    LOG[39m [38;5;3m[BgeM3Provider] [39m[32mInitializing BGE-M3 provider → http://localhost:8100[39m
[32m[Nest] 7352  - [39m09/06/2026, 11:21:58 pm [32m    LOG[39m [38;5;3m[NestApplication] [39m[32mNest application successfully started[39m[38;5;3m +9ms[39m
[LEGATRIXON SERVER] NestJS Engine running on: http://localhost:4000/api/v1
[33m[Nest] 7352  - [39m09/06/2026, 11:21:59 pm [33m   WARN[39m [38;5;3m[BgeM3Provider] [39m[33mBGE-M3 sidecar unreachable at http://localhost:8100: . Embeddings will fail until the sidecar is started.[39m
[32m[Nest] 7352  - [39m09/06/2026, 11:21:59 pm [32m    LOG[39m [38;5;3m[QdrantService] [39m[32mSuccessfully connected to Qdrant.[39m
[32m[Nest] 7352  - [39m09/06/2026, 11:22:00 pm [32m    LOG[39m [38;5;3m[QdrantService] [39m[32mCollection judgments already exists.[39m
[32m[Nest] 7352  - [39m09/06/2026, 11:22:00 pm [32m    LOG[39m [38;5;3m[QdrantService] [39m[32mCollection acts already exists.[39m
[32m[Nest] 7352  - [39m09/06/2026, 11:22:00 pm [32m    LOG[39m [38;5;3m[QdrantService] [39m[32mCollection research_papers already exists.[39m
[32m[Nest] 7352  - [39m09/06/2026, 11:22:01 pm [32m    LOG[39m [38;5;3m[QdrantService] [39m[32mCollection law_commission_reports already exists.[39m
[32m[Nest] 7352  - [39m09/06/2026, 11:22:01 pm [32m    LOG[39m [38;5;3m[QdrantService] [39m[32mCollection user_documents already exists.[39m
[2J[3J[H[[90m11:22:09 pm[0m] File change detected. Starting incremental compilation...

[[90m11:22:10 pm[0m] Found 0 errors. Watching for file changes.

[2J[3J[H[[90m11:22:10 pm[0m] File change detected. Starting incremental compilation...

[[90m11:22:10 pm[0m] Found 0 errors. Watching for file changes.

[32m[Nest] 29704  - [39m09/06/2026, 11:22:12 pm [32m    LOG[39m [38;5;3m[NestFactory] [39m[32mStarting Nest application...[39m
[32m[Nest] 29704  - [39m09/06/2026, 11:22:12 pm [32m    LOG[39m [38;5;3m[InstanceLoader] [39m[32mAppModule dependencies initialized[39m[38;5;3m +23ms[39m
[32m[Nest] 29704  - [39m09/06/2026, 11:22:12 pm [32m    LOG[39m [38;5;3m[InstanceLoader] [39m[32mTypeOrmModule dependencies initialized[39m[38;5;3m +0ms[39m
[32m[Nest] 29704  - [39m09/06/2026, 11:22:12 pm [32m    LOG[39m [38;5;3m[InstanceLoader] [39m[32mLegalDomainModule dependencies initialized[39m[38;5;3m +1ms[39m
[32m[Nest] 29704  - [39m09/06/2026, 11:22:12 pm [32m    LOG[39m [38;5;3m[InstanceLoader] [39m[32mRetrievalModule dependencies initialized[39m[38;5;3m +0ms[39m
[32m[Nest] 29704  - [39m09/06/2026, 11:22:12 pm [32m    LOG[39m [38;5;3m[InstanceLoader] [39m[32mJudgmentModule dependencies initialized[39m[38;5;3m +1ms[39m
[32m[Nest] 29704  - [39m09/06/2026, 11:22:12 pm [32m    LOG[39m [38;5;3m[InstanceLoader] [39m[32mContractModule dependencies initialized[39m[38;5;3m +0ms[39m
[32m[Nest] 29704  - [39m09/06/2026, 11:22:12 pm [32m    LOG[39m [38;5;3m[InstanceLoader] [39m[32mIngestionModule dependencies initialized[39m[38;5;3m +0ms[39m
[32m[Nest] 29704  - [39m09/06/2026, 11:22:12 pm [32m    LOG[39m [38;5;3m[InstanceLoader] [39m[32mChatModule dependencies initialized[39m[38;5;3m +0ms[39m
[32m[Nest] 29704  - [39m09/06/2026, 11:22:12 pm [32m    LOG[39m [38;5;3m[InstanceLoader] [39m[32mTypeOrmCoreModule dependencies initialized[39m[38;5;3m +38ms[39m
[32m[Nest] 29704  - [39m09/06/2026, 11:22:12 pm [32m    LOG[39m [38;5;3m[InstanceLoader] [39m[32mTypeOrmModule dependencies initialized[39m[38;5;3m +0ms[39m
[32m[Nest] 29704  - [39m09/06/2026, 11:22:12 pm [32m    LOG[39m [38;5;3m[InstanceLoader] [39m[32mTypeOrmModule dependencies initialized[39m[38;5;3m +1ms[39m
[32m[Nest] 29704  - [39m09/06/2026, 11:22:12 pm [32m    LOG[39m [38;5;3m[InstanceLoader] [39m[32mTypeOrmModule dependencies initialized[39m[38;5;3m +0ms[39m
[32m[Nest] 29704  - [39m09/06/2026, 11:22:12 pm [32m    LOG[39m [38;5;3m[InstanceLoader] [39m[32mTypeOrmModule dependencies initialized[39m[38;5;3m +0ms[39m
[32m[Nest] 29704  - [39m09/06/2026, 11:22:12 pm [32m    LOG[39m [38;5;3m[InstanceLoader] [39m[32mFounderSecurityModule dependencies initialized[39m[38;5;3m +1ms[39m
[32m[Nest] 29704  - [39m09/06/2026, 11:22:12 pm [32m    LOG[39m [38;5;3m[InstanceLoader] [39m[32mResearchModule dependencies initialized[39m[38;5;3m +0ms[39m
[32m[Nest] 29704  - [39m09/06/2026, 11:22:12 pm [32m    LOG[39m [38;5;3m[InstanceLoader] [39m[32mNotebookModule dependencies initialized[39m[38;5;3m +1ms[39m
[32m[Nest] 29704  - [39m09/06/2026, 11:22:12 pm [32m    LOG[39m [38;5;3m[InstanceLoader] [39m[32mExamModule dependencies initialized[39m[38;5;3m +0ms[39m
[32m[Nest] 29704  - [39m09/06/2026, 11:22:12 pm [32m    LOG[39m [38;5;3m[RoutesResolver] [39m[32mJudgmentController {/api/v1/judgments}:[39m[38;5;3m +24ms[39m
[32m[Nest] 29704  - [39m09/06/2026, 11:22:12 pm [32m    LOG[39m [38;5;3m[RouterExplorer] [39m[32mMapped {/api/v1/judgments/upload, POST} route[39m[38;5;3m +2ms[39m
[32m[Nest] 29704  - [39m09/06/2026, 11:22:12 pm [32m    LOG[39m [38;5;3m[RouterExplorer] [39m[32mMapped {/api/v1/judgments/:id/structure, GET} route[39m[38;5;3m +1ms[39m
[32m[Nest] 29704  - [39m09/06/2026, 11:22:12 pm [32m    LOG[39m [38;5;3m[RouterExplorer] [39m[32mMapped {/api/v1/judgments/:id/explain, POST} route[39m[38;5;3m +0ms[39m
[32m[Nest] 29704  - [39m09/06/2026, 11:22:12 pm [32m    LOG[39m [38;5;3m[RoutesResolver] [39m[32mChatController {/api/v1/chat}:[39m[38;5;3m +0ms[39m
[32m[Nest] 29704  - [39m09/06/2026, 11:22:12 pm [32m    LOG[39m [38;5;3m[RouterExplorer] [39m[32mMapped {/api/v1/chat/message, POST} route[39m[38;5;3m +1ms[39m
[32m[Nest] 29704  - [39m09/06/2026, 11:22:12 pm [32m    LOG[39m [38;5;3m[RouterExplorer] [39m[32mMapped {/api/v1/chat/history/:sessionId, GET} route[39m[38;5;3m +0ms[39m
[32m[Nest] 29704  - [39m09/06/2026, 11:22:12 pm [32m    LOG[39m [38;5;3m[RouterExplorer] [39m[32mMapped {/api/v1/chat/history/:sessionId, DELETE} route[39m[38;5;3m +1ms[39m
[32m[Nest] 29704  - [39m09/06/2026, 11:22:12 pm [32m    LOG[39m [38;5;3m[RouterExplorer] [39m[32mMapped {/api/v1/chat/search, POST} route[39m[38;5;3m +0ms[39m
[32m[Nest] 29704  - [39m09/06/2026, 11:22:12 pm [32m    LOG[39m [38;5;3m[RouterExplorer] [39m[32mMapped {/api/v1/chat/citations/:messageId, GET} route[39m[38;5;3m +0ms[39m
[32m[Nest] 29704  - [39m09/06/2026, 11:22:12 pm [32m    LOG[39m [38;5;3m[RoutesResolver] [39m[32mContractController {/api/v1/contracts}:[39m[38;5;3m +1ms[39m
[32m[Nest] 29704  - [39m09/06/2026, 11:22:12 pm [32m    LOG[39m [38;5;3m[RouterExplorer] [39m[32mMapped {/api/v1/contracts/review, POST} route[39m[38;5;3m +0ms[39m
[32m[Nest] 29704  - [39m09/06/2026, 11:22:12 pm [32m    LOG[39m [38;5;3m[RouterExplorer] [39m[32mMapped {/api/v1/contracts/:id/risks, GET} route[39m[38;5;3m +1ms[39m
[32m[Nest] 29704  - [39m09/06/2026, 11:22:12 pm [32m    LOG[39m [38;5;3m[RouterExplorer] [39m[32mMapped {/api/v1/contracts/:id/clauses, POST} route[39m[38;5;3m +0ms[39m
[32m[Nest] 29704  - [39m09/06/2026, 11:22:12 pm [32m    LOG[39m [38;5;3m[RoutesResolver] [39m[32mNotebookController {/api/v1/notebook}:[39m[38;5;3m +0ms[39m
[32m[Nest] 29704  - [39m09/06/2026, 11:22:12 pm [32m    LOG[39m [38;5;3m[RouterExplorer] [39m[32mMapped {/api/v1/notebook/documents, GET} route[39m[38;5;3m +1ms[39m
[32m[Nest] 29704  - [39m09/06/2026, 11:22:12 pm [32m    LOG[39m [38;5;3m[RouterExplorer] [39m[32mMapped {/api/v1/notebook/documents/:id, GET} route[39m[38;5;3m +0ms[39m
[32m[Nest] 29704  - [39m09/06/2026, 11:22:12 pm [32m    LOG[39m [38;5;3m[RouterExplorer] [39m[32mMapped {/api/v1/notebook/documents/:id/preview, GET} route[39m[38;5;3m +0ms[39m
[32m[Nest] 29704  - [39m09/06/2026, 11:22:12 pm [32m    LOG[39m [38;5;3m[RouterExplorer] [39m[32mMapped {/api/v1/notebook/documents/:id/file, GET} route[39m[38;5;3m +0ms[39m
[32m[Nest] 29704  - [39m09/06/2026, 11:22:12 pm [32m    LOG[39m [38;5;3m[RouterExplorer] [39m[32mMapped {/api/v1/notebook/documents/:id/chunks, GET} route[39m[38;5;3m +1ms[39m
[32m[Nest] 29704  - [39m09/06/2026, 11:22:12 pm [32m    LOG[39m [38;5;3m[RouterExplorer] [39m[32mMapped {/api/v1/notebook/documents/:id/chat-history, GET} route[39m[38;5;3m +0ms[39m
[32m[Nest] 29704  - [39m09/06/2026, 11:22:12 pm [32m    LOG[39m [38;5;3m[RouterExplorer] [39m[32mMapped {/api/v1/notebook/documents/:id/reprocess, POST} route[39m[38;5;3m +0ms[39m
[32m[Nest] 29704  - [39m09/06/2026, 11:22:12 pm [32m    LOG[39m [38;5;3m[RouterExplorer] [39m[32mMapped {/api/v1/notebook/documents/:id/extraction, GET} route[39m[38;5;3m +0ms[39m
[32m[Nest] 29704  - [39m09/06/2026, 11:22:12 pm [32m    LOG[39m [38;5;3m[RouterExplorer] [39m[32mMapped {/api/v1/notebook/documents/:id/extraction, POST} route[39m[38;5;3m +1ms[39m
[32m[Nest] 29704  - [39m09/06/2026, 11:22:12 pm [32m    LOG[39m [38;5;3m[RouterExplorer] [39m[32mMapped {/api/v1/notebook/documents/:id/study-forge/generate, POST} route[39m[38;5;3m +0ms[39m
[32m[Nest] 29704  - [39m09/06/2026, 11:22:12 pm [32m    LOG[39m [38;5;3m[RouterExplorer] [39m[32mMapped {/api/v1/notebook/documents/:id/study-forge/flashcards/:cardId/rate, POST} route[39m[38;5;3m +0ms[39m
[32m[Nest] 29704  - [39m09/06/2026, 11:22:12 pm [32m    LOG[39m [38;5;3m[RouterExplorer] [39m[32mMapped {/api/v1/notebook/documents/:id/study-forge/quiz-attempt, POST} route[39m[38;5;3m +1ms[39m
[32m[Nest] 29704  - [39m09/06/2026, 11:22:12 pm [32m    LOG[39m [38;5;3m[RouterExplorer] [39m[32mMapped {/api/v1/notebook/graph, GET} route[39m[38;5;3m +0ms[39m
[32m[Nest] 29704  - [39m09/06/2026, 11:22:12 pm [32m    LOG[39m [38;5;3m[RouterExplorer] [39m[32mMapped {/api/v1/notebook/search, GET} route[39m[38;5;3m +0ms[39m
[32m[Nest] 29704  - [39m09/06/2026, 11:22:12 pm [32m    LOG[39m [38;5;3m[RouterExplorer] [39m[32mMapped {/api/v1/notebook/documents/:id, DELETE} route[39m[38;5;3m +0ms[39m
[32m[Nest] 29704  - [39m09/06/2026, 11:22:12 pm [32m    LOG[39m [38;5;3m[RouterExplorer] [39m[32mMapped {/api/v1/notebook/upload, POST} route[39m[38;5;3m +1ms[39m
[32m[Nest] 29704  - [39m09/06/2026, 11:22:12 pm [32m    LOG[39m [38;5;3m[RouterExplorer] [39m[32mMapped {/api/v1/notebook/chat, POST} route[39m[38;5;3m +0ms[39m
[32m[Nest] 29704  - [39m09/06/2026, 11:22:12 pm [32m    LOG[39m [38;5;3m[RoutesResolver] [39m[32mResearchController {/api/v1/research}:[39m[38;5;3m +0ms[39m
[32m[Nest] 29704  - [39m09/06/2026, 11:22:12 pm [32m    LOG[39m [38;5;3m[RouterExplorer] [39m[32mMapped {/api/v1/research/query, POST} route[39m[38;5;3m +1ms[39m
[32m[Nest] 29704  - [39m09/06/2026, 11:22:12 pm [32m    LOG[39m [38;5;3m[RouterExplorer] [39m[32mMapped {/api/v1/research/query/all, GET} route[39m[38;5;3m +0ms[39m
[32m[Nest] 29704  - [39m09/06/2026, 11:22:12 pm [32m    LOG[39m [38;5;3m[RouterExplorer] [39m[32mMapped {/api/v1/research/query/:id, GET} route[39m[38;5;3m +0ms[39m
[32m[Nest] 29704  - [39m09/06/2026, 11:22:12 pm [32m    LOG[39m [38;5;3m[RouterExplorer] [39m[32mMapped {/api/v1/research/report, POST} route[39m[38;5;3m +1ms[39m
[32m[Nest] 29704  - [39m09/06/2026, 11:22:12 pm [32m    LOG[39m [38;5;3m[RouterExplorer] [39m[32mMapped {/api/v1/research/report/:id, GET} route[39m[38;5;3m +0ms[39m
[32m[Nest] 29704  - [39m09/06/2026, 11:22:12 pm [32m    LOG[39m [38;5;3m[RouterExplorer] [39m[32mMapped {/api/v1/research/report/:id, PUT} route[39m[38;5;3m +0ms[39m
[32m[Nest] 29704  - [39m09/06/2026, 11:22:12 pm [32m    LOG[39m [38;5;3m[RouterExplorer] [39m[32mMapped {/api/v1/research/report/:id, DELETE} route[39m[38;5;3m +0ms[39m
[32m[Nest] 29704  - [39m09/06/2026, 11:22:12 pm [32m    LOG[39m [38;5;3m[RouterExplorer] [39m[32mMapped {/api/v1/research/note, POST} route[39m[38;5;3m +1ms[39m
[32m[Nest] 29704  - [39m09/06/2026, 11:22:12 pm [32m    LOG[39m [38;5;3m[RouterExplorer] [39m[32mMapped {/api/v1/research/note/:id, GET} route[39m[38;5;3m +0ms[39m
[32m[Nest] 29704  - [39m09/06/2026, 11:22:12 pm [32m    LOG[39m [38;5;3m[RouterExplorer] [39m[32mMapped {/api/v1/research/note/:id, PUT} route[39m[38;5;3m +0ms[39m
[32m[Nest] 29704  - [39m09/06/2026, 11:22:12 pm [32m    LOG[39m [38;5;3m[RouterExplorer] [39m[32mMapped {/api/v1/research/note/:id, DELETE} route[39m[38;5;3m +0ms[39m
[32m[Nest] 29704  - [39m09/06/2026, 11:22:12 pm [32m    LOG[39m [38;5;3m[RouterExplorer] [39m[32mMapped {/api/v1/research/source, POST} route[39m[38;5;3m +0ms[39m
[32m[Nest] 29704  - [39m09/06/2026, 11:22:12 pm [32m    LOG[39m [38;5;3m[RouterExplorer] [39m[32mMapped {/api/v1/research/source/:id, GET} route[39m[38;5;3m +1ms[39m
[32m[Nest] 29704  - [39m09/06/2026, 11:22:12 pm [32m    LOG[39m [38;5;3m[RouterExplorer] [39m[32mMapped {/api/v1/research/source/:id, DELETE} route[39m[38;5;3m +0ms[39m
[32m[Nest] 29704  - [39m09/06/2026, 11:22:12 pm [32m    LOG[39m [38;5;3m[RouterExplorer] [39m[32mMapped {/api/v1/research/save, POST} route[39m[38;5;3m +0ms[39m
[32m[Nest] 29704  - [39m09/06/2026, 11:22:12 pm [32m    LOG[39m [38;5;3m[RouterExplorer] [39m[32mMapped {/api/v1/research/save/all, GET} route[39m[38;5;3m +0ms[39m
[32m[Nest] 29704  - [39m09/06/2026, 11:22:12 pm [32m    LOG[39m [38;5;3m[RouterExplorer] [39m[32mMapped {/api/v1/research/save/:id, DELETE} route[39m[38;5;3m +1ms[39m
[32m[Nest] 29704  - [39m09/06/2026, 11:22:12 pm [32m    LOG[39m [38;5;3m[RouterExplorer] [39m[32mMapped {/api/v1/research/asset, POST} route[39m[38;5;3m +0ms[39m
[32m[Nest] 29704  - [39m09/06/2026, 11:22:12 pm [32m    LOG[39m [38;5;3m[RouterExplorer] [39m[32mMapped {/api/v1/research/upload, POST} route[39m[38;5;3m +0ms[39m
[32m[Nest] 29704  - [39m09/06/2026, 11:22:12 pm [32m    LOG[39m [38;5;3m[RouterExplorer] [39m[32mMapped {/api/v1/research/documents/:queryId, GET} route[39m[38;5;3m +0ms[39m
[32m[Nest] 29704  - [39m09/06/2026, 11:22:12 pm [32m    LOG[39m [38;5;3m[RouterExplorer] [39m[32mMapped {/api/v1/research/generate, POST} route[39m[38;5;3m +1ms[39m
[32m[Nest] 29704  - [39m09/06/2026, 11:22:12 pm [32m    LOG[39m [38;5;3m[RouterExplorer] [39m[32mMapped {/api/v1/research/challenge, POST} route[39m[38;5;3m +0ms[39m
[32m[Nest] 29704  - [39m09/06/2026, 11:22:12 pm [32m    LOG[39m [38;5;3m[RoutesResolver] [39m[32mIngestionController {/api/v1/ingestion}:[39m[38;5;3m +0ms[39m
[32m[Nest] 29704  - [39m09/06/2026, 11:22:12 pm [32m    LOG[39m [38;5;3m[RouterExplorer] [39m[32mMapped {/api/v1/ingestion/status, GET} route[39m[38;5;3m +0ms[39m
[32m[Nest] 29704  - [39m09/06/2026, 11:22:12 pm [32m    LOG[39m [38;5;3m[RouterExplorer] [39m[32mMapped {/api/v1/ingestion/init-collections, POST} route[39m[38;5;3m +0ms[39m
[32m[Nest] 29704  - [39m09/06/2026, 11:22:12 pm [32m    LOG[39m [38;5;3m[RouterExplorer] [39m[32mMapped {/api/v1/ingestion/ingest, POST} route[39m[38;5;3m +1ms[39m
[32m[Nest] 29704  - [39m09/06/2026, 11:22:12 pm [32m    LOG[39m [38;5;3m[RouterExplorer] [39m[32mMapped {/api/v1/ingestion/ingest-text, POST} route[39m[38;5;3m +0ms[39m
[32m[Nest] 29704  - [39m09/06/2026, 11:22:12 pm [32m    LOG[39m [38;5;3m[RouterExplorer] [39m[32mMapped {/api/v1/ingestion/ingest-batch, POST} route[39m[38;5;3m +0ms[39m
[32m[Nest] 29704  - [39m09/06/2026, 11:22:12 pm [32m    LOG[39m [38;5;3m[RoutesResolver] [39m[32mExamController {/api/v1/exam}:[39m[38;5;3m +0ms[39m
[32m[Nest] 29704  - [39m09/06/2026, 11:22:12 pm [32m    LOG[39m [38;5;3m[RouterExplorer] [39m[32mMapped {/api/v1/exam, POST} route[39m[38;5;3m +1ms[39m
[32m[Nest] 29704  - [39m09/06/2026, 11:22:12 pm [32m    LOG[39m [38;5;3m[RouterExplorer] [39m[32mMapped {/api/v1/exam, GET} route[39m[38;5;3m +0ms[39m
[32m[Nest] 29704  - [39m09/06/2026, 11:22:12 pm [32m    LOG[39m [38;5;3m[RouterExplorer] [39m[32mMapped {/api/v1/exam/:id, GET} route[39m[38;5;3m +0ms[39m
[32m[Nest] 29704  - [39m09/06/2026, 11:22:12 pm [32m    LOG[39m [38;5;3m[RouterExplorer] [39m[32mMapped {/api/v1/exam/:id/mock, POST} route[39m[38;5;3m +0ms[39m
[32m[Nest] 29704  - [39m09/06/2026, 11:22:12 pm [32m    LOG[39m [38;5;3m[RouterExplorer] [39m[32mMapped {/api/v1/exam/assistant, POST} route[39m[38;5;3m +1ms[39m
[32m[Nest] 29704  - [39m09/06/2026, 11:22:12 pm [32m    LOG[39m [38;5;3m[RouterExplorer] [39m[32mMapped {/api/v1/exam/dashboard/recommendations, GET} route[39m[38;5;3m +0ms[39m
[32m[Nest] 29704  - [39m09/06/2026, 11:22:12 pm [32m    LOG[39m [38;5;3m[RouterExplorer] [39m[32mMapped {/api/v1/exam/doubt-solve, POST} route[39m[38;5;3m +0ms[39m
[32m[Nest] 29704  - [39m09/06/2026, 11:22:12 pm [32m    LOG[39m [38;5;3m[RouterExplorer] [39m[32mMapped {/api/v1/exam/oauth-tokens, POST} route[39m[38;5;3m +0ms[39m
[32m[Nest] 29704  - [39m09/06/2026, 11:22:12 pm [32m    LOG[39m [38;5;3m[RouterExplorer] [39m[32mMapped {/api/v1/exam/dashboard/notifications, GET} route[39m[38;5;3m +0ms[39m
[32m[Nest] 29704  - [39m09/06/2026, 11:22:12 pm [32m    LOG[39m [38;5;3m[RouterExplorer] [39m[32mMapped {/api/v1/exam/dashboard/notifications/read, POST} route[39m[38;5;3m +1ms[39m
[32m[Nest] 29704  - [39m09/06/2026, 11:22:12 pm [32m    LOG[39m [38;5;3m[RouterExplorer] [39m[32mMapped {/api/v1/exam/calendar/events, GET} route[39m[38;5;3m +0ms[39m
[32m[Nest] 29704  - [39m09/06/2026, 11:22:12 pm [32m    LOG[39m [38;5;3m[RouterExplorer] [39m[32mMapped {/api/v1/exam/calendar/events, POST} route[39m[38;5;3m +0ms[39m
[32m[Nest] 29704  - [39m09/06/2026, 11:22:12 pm [32m    LOG[39m [38;5;3m[RoutesResolver] [39m[32mFounderSecurityController {/api/v1/founder-security}:[39m[38;5;3m +0ms[39m
[32m[Nest] 29704  - [39m09/06/2026, 11:22:12 pm [32m    LOG[39m [38;5;3m[RouterExplorer] [39m[32mMapped {/api/v1/founder-security/settings, GET} route[39m[38;5;3m +1ms[39m
[32m[Nest] 29704  - [39m09/06/2026, 11:22:12 pm [32m    LOG[39m [38;5;3m[RouterExplorer] [39m[32mMapped {/api/v1/founder-security/settings, PUT} route[39m[38;5;3m +0ms[39m
[32m[Nest] 29704  - [39m09/06/2026, 11:22:12 pm [32m    LOG[39m [38;5;3m[RouterExplorer] [39m[32mMapped {/api/v1/founder-security/events, GET} route[39m[38;5;3m +1ms[39m
[32m[Nest] 29704  - [39m09/06/2026, 11:22:12 pm [32m    LOG[39m [38;5;3m[RouterExplorer] [39m[32mMapped {/api/v1/founder-security/events, POST} route[39m[38;5;3m +0ms[39m
[32m[Nest] 29704  - [39m09/06/2026, 11:22:12 pm [32m    LOG[39m [38;5;3m[RouterExplorer] [39m[32mMapped {/api/v1/founder-security/clear-locks, GET} route[39m[38;5;3m +0ms[39m
[32m[Nest] 29704  - [39m09/06/2026, 11:22:12 pm [32m    LOG[39m [38;5;3m[RouterExplorer] [39m[32mMapped {/api/v1/founder-security/admin-login, POST} route[39m[38;5;3m +0ms[39m
[32m[Nest] 29704  - [39m09/06/2026, 11:22:12 pm [32m    LOG[39m [38;5;3m[RouterExplorer] [39m[32mMapped {/api/v1/founder-security/verify-question, POST} route[39m[38;5;3m +0ms[39m
[32m[Nest] 29704  - [39m09/06/2026, 11:22:12 pm [32m    LOG[39m [38;5;3m[RouterExplorer] [39m[32mMapped {/api/v1/founder-security/login-approve, GET} route[39m[38;5;3m +1ms[39m
[32m[Nest] 29704  - [39m09/06/2026, 11:22:12 pm [32m    LOG[39m [38;5;3m[RouterExplorer] [39m[32mMapped {/api/v1/founder-security/login-reject, GET} route[39m[38;5;3m +0ms[39m
[32m[Nest] 29704  - [39m09/06/2026, 11:22:12 pm [32m    LOG[39m [38;5;3m[RouterExplorer] [39m[32mMapped {/api/v1/founder-security/login-status, GET} route[39m[38;5;3m +0ms[39m
[32m[Nest] 29704  - [39m09/06/2026, 11:22:12 pm [32m    LOG[39m [38;5;3m[RoutesResolver] [39m[32mSecurityTestController {/api/v1/api/security}:[39m[38;5;3m +0ms[39m
[32m[Nest] 29704  - [39m09/06/2026, 11:22:12 pm [32m    LOG[39m [38;5;3m[RouterExplorer] [39m[32mMapped {/api/security/test-email, GET} route[39m[38;5;3m +1ms[39m
[32m[Nest] 29704  - [39m09/06/2026, 11:22:12 pm [32m    LOG[39m [38;5;3m[RouterExplorer] [39m[32mMapped {/api/security/test-email, POST} route[39m[38;5;3m +0ms[39m
[32m[Nest] 29704  - [39m09/06/2026, 11:22:12 pm [32m    LOG[39m [38;5;3m[QdrantService] [39m[32mInitializing Qdrant client with URL: https://dd284eb5-9c7e-4f0e-92fd-815f87684ce0.us-west-1-0.aws.cloud.qdrant.io[39m
[32m[Nest] 29704  - [39m09/06/2026, 11:22:12 pm [32m    LOG[39m [38;5;3m[QdrantService] [39m[32mTesting Qdrant connection...[39m
[32m[Nest] 29704  - [39m09/06/2026, 11:22:12 pm [32m    LOG[39m [38;5;3m[BgeM3Provider] [39m[32mInitializing BGE-M3 provider → http://localhost:8100[39m
[32m[Nest] 29704  - [39m09/06/2026, 11:22:12 pm [32m    LOG[39m [38;5;3m[NestApplication] [39m[32mNest application successfully started[39m[38;5;3m +8ms[39m
[LEGATRIXON SERVER] NestJS Engine running on: http://localhost:4000/api/v1
[33m[Nest] 29704  - [39m09/06/2026, 11:22:12 pm [33m   WARN[39m [38;5;3m[BgeM3Provider] [39m[33mBGE-M3 sidecar unreachable at http://localhost:8100: . Embeddings will fail until the sidecar is started.[39m
[32m[Nest] 29704  - [39m09/06/2026, 11:22:13 pm [32m    LOG[39m [38;5;3m[QdrantService] [39m[32mSuccessfully connected to Qdrant.[39m
[32m[Nest] 29704  - [39m09/06/2026, 11:22:13 pm [32m    LOG[39m [38;5;3m[QdrantService] [39m[32mCollection judgments already exists.[39m
[32m[Nest] 29704  - [39m09/06/2026, 11:22:13 pm [32m    LOG[39m [38;5;3m[QdrantService] [39m[32mCollection acts already exists.[39m
[32m[Nest] 29704  - [39m09/06/2026, 11:22:14 pm [32m    LOG[39m [38;5;3m[QdrantService] [39m[32mCollection research_papers already exists.[39m
[32m[Nest] 29704  - [39m09/06/2026, 11:22:14 pm [32m    LOG[39m [38;5;3m[QdrantService] [39m[32mCollection law_commission_reports already exists.[39m
[32m[Nest] 29704  - [39m09/06/2026, 11:22:14 pm [32m    LOG[39m [38;5;3m[QdrantService] [39m[32mCollection user_documents already exists.[39m
[33m[Nest] 29704  - [39m09/06/2026, 11:23:11 pm [33m   WARN[39m [38;5;3m[LegalDomainClassifierService] [39m[33mLegal intent classifier DeepSeek failed. Trying next classifier. Reason: Request failed with status code 402[39m
[33m[Nest] 29704  - [39m09/06/2026, 11:23:14 pm [33m   WARN[39m [38;5;3m[LegalDomainClassifierService] [39m[33mLegal intent classifier Gemini failed. Trying next classifier. Reason: Request failed with status code 429[39m
[33m[Nest] 29704  - [39m09/06/2026, 11:23:15 pm [33m   WARN[39m [38;5;3m[LegalDomainClassifierService] [39m[33mLegal intent classifier OpenAI failed. Trying next classifier. Reason: Request failed with status code 429[39m
[33m[Nest] 29704  - [39m09/06/2026, 11:23:15 pm [33m   WARN[39m [38;5;3m[LegalDomainClassifierService] [39m[33mLegal intent classifiers unavailable. Allowing query by uncertainty rule.[39m
[33m[Nest] 29704  - [39m09/06/2026, 11:23:15 pm [33m   WARN[39m [38;5;3m[BgeM3Provider] [39m[33m[generateEmbedding] Attempt 1/3 failed: . Retrying in 1000ms…[39m
[33m[Nest] 29704  - [39m09/06/2026, 11:23:16 pm [33m   WARN[39m [38;5;3m[BgeM3Provider] [39m[33m[generateEmbedding] Attempt 2/3 failed: . Retrying in 2000ms…[39m
[33m[Nest] 29704  - [39m09/06/2026, 11:23:18 pm [33m   WARN[39m [38;5;3m[LexMentorAiService] [39m[33mLexMentor Qdrant retrieval skipped: BGE-M3 embedding failed. Reason: [39m
[32m[Nest] 29704  - [39m09/06/2026, 11:23:18 pm [32m    LOG[39m [38;5;3m[LexMentorAiService] [39m[32mLexMentor Intent Detected: Definition Request[39m
[32m[Nest] 29704  - [39m09/06/2026, 11:23:18 pm [32m    LOG[39m [38;5;3m[LexMentorAiService] [39m[32mLexMentor Mode: Intermediate[39m
[33m[Nest] 29704  - [39m09/06/2026, 11:23:19 pm [33m   WARN[39m [38;5;3m[LexMentorAiService] [39m[33mDeepSeek failed for LexMentor. Trying Gemini fallback. Reason: Request failed with status code 402[39m
[32m[Nest] 29704  - [39m09/06/2026, 11:23:19 pm [32m    LOG[39m [38;5;3m[LexMentorAiService] [39m[32mLexMentor Intent Detected: Definition Request[39m
[32m[Nest] 29704  - [39m09/06/2026, 11:23:19 pm [32m    LOG[39m [38;5;3m[LexMentorAiService] [39m[32mLexMentor Mode: Intermediate[39m
[33m[Nest] 29704  - [39m09/06/2026, 11:23:20 pm [33m   WARN[39m [38;5;3m[LexMentorAiService] [39m[33mGemini fallback failed for LexMentor. Trying OpenAI fallback. Reason: Request failed with status code 429[39m
[32m[Nest] 29704  - [39m09/06/2026, 11:23:20 pm [32m    LOG[39m [38;5;3m[LexMentorAiService] [39m[32mLexMentor Intent Detected: Definition Request[39m
[32m[Nest] 29704  - [39m09/06/2026, 11:23:20 pm [32m    LOG[39m [38;5;3m[LexMentorAiService] [39m[32mLexMentor Mode: Intermediate[39m
[2J[3J[H[[90m11:25:02 pm[0m] File change detected. Starting incremental compilation...

[[90m11:25:03 pm[0m] Found 0 errors. Watching for file changes.

[2J[3J[H[[90m11:25:04 pm[0m] File change detected. Starting incremental compilation...

[[90m11:25:04 pm[0m] Found 0 errors. Watching for file changes.

[2J[3J[H[[90m11:25:05 pm[0m] File change detected. Starting incremental compilation...

[[90m11:25:05 pm[0m] Found 0 errors. Watching for file changes.

[32m[Nest] 26964  - [39m09/06/2026, 11:25:06 pm [32m    LOG[39m [38;5;3m[NestFactory] [39m[32mStarting Nest application...[39m
[32m[Nest] 26964  - [39m09/06/2026, 11:25:06 pm [32m    LOG[39m [38;5;3m[InstanceLoader] [39m[32mAppModule dependencies initialized[39m[38;5;3m +25ms[39m
[32m[Nest] 26964  - [39m09/06/2026, 11:25:06 pm [32m    LOG[39m [38;5;3m[InstanceLoader] [39m[32mTypeOrmModule dependencies initialized[39m[38;5;3m +1ms[39m
[32m[Nest] 26964  - [39m09/06/2026, 11:25:06 pm [32m    LOG[39m [38;5;3m[InstanceLoader] [39m[32mLegalDomainModule dependencies initialized[39m[38;5;3m +0ms[39m
[32m[Nest] 26964  - [39m09/06/2026, 11:25:06 pm [32m    LOG[39m [38;5;3m[InstanceLoader] [39m[32mRetrievalModule dependencies initialized[39m[38;5;3m +2ms[39m
[32m[Nest] 26964  - [39m09/06/2026, 11:25:06 pm [32m    LOG[39m [38;5;3m[InstanceLoader] [39m[32mJudgmentModule dependencies initialized[39m[38;5;3m +0ms[39m
[32m[Nest] 26964  - [39m09/06/2026, 11:25:06 pm [32m    LOG[39m [38;5;3m[InstanceLoader] [39m[32mContractModule dependencies initialized[39m[38;5;3m +0ms[39m
[32m[Nest] 26964  - [39m09/06/2026, 11:25:06 pm [32m    LOG[39m [38;5;3m[InstanceLoader] [39m[32mIngestionModule dependencies initialized[39m[38;5;3m +1ms[39m
[32m[Nest] 26964  - [39m09/06/2026, 11:25:06 pm [32m    LOG[39m [38;5;3m[InstanceLoader] [39m[32mChatModule dependencies initialized[39m[38;5;3m +0ms[39m
[32m[Nest] 26964  - [39m09/06/2026, 11:25:06 pm [32m    LOG[39m [38;5;3m[InstanceLoader] [39m[32mTypeOrmCoreModule dependencies initialized[39m[38;5;3m +39ms[39m
[32m[Nest] 26964  - [39m09/06/2026, 11:25:06 pm [32m    LOG[39m [38;5;3m[InstanceLoader] [39m[32mTypeOrmModule dependencies initialized[39m[38;5;3m +1ms[39m
[32m[Nest] 26964  - [39m09/06/2026, 11:25:06 pm [32m    LOG[39m [38;5;3m[InstanceLoader] [39m[32mTypeOrmModule dependencies initialized[39m[38;5;3m +0ms[39m
[32m[Nest] 26964  - [39m09/06/2026, 11:25:06 pm [32m    LOG[39m [38;5;3m[InstanceLoader] [39m[32mTypeOrmModule dependencies initialized[39m[38;5;3m +0ms[39m
[32m[Nest] 26964  - [39m09/06/2026, 11:25:06 pm [32m    LOG[39m [38;5;3m[InstanceLoader] [39m[32mTypeOrmModule dependencies initialized[39m[38;5;3m +0ms[39m
[32m[Nest] 26964  - [39m09/06/2026, 11:25:06 pm [32m    LOG[39m [38;5;3m[InstanceLoader] [39m[32mFounderSecurityModule dependencies initialized[39m[38;5;3m +2ms[39m
[32m[Nest] 26964  - [39m09/06/2026, 11:25:06 pm [32m    LOG[39m [38;5;3m[InstanceLoader] [39m[32mResearchModule dependencies initialized[39m[38;5;3m +0ms[39m
[32m[Nest] 26964  - [39m09/06/2026, 11:25:06 pm [32m    LOG[39m [38;5;3m[InstanceLoader] [39m[32mNotebookModule dependencies initialized[39m[38;5;3m +0ms[39m
[32m[Nest] 26964  - [39m09/06/2026, 11:25:06 pm [32m    LOG[39m [38;5;3m[InstanceLoader] [39m[32mExamModule dependencies initialized[39m[38;5;3m +0ms[39m
[32m[Nest] 26964  - [39m09/06/2026, 11:25:07 pm [32m    LOG[39m [38;5;3m[RoutesResolver] [39m[32mJudgmentController {/api/v1/judgments}:[39m[38;5;3m +27ms[39m
[32m[Nest] 26964  - [39m09/06/2026, 11:25:07 pm [32m    LOG[39m [38;5;3m[RouterExplorer] [39m[32mMapped {/api/v1/judgments/upload, POST} route[39m[38;5;3m +3ms[39m
[32m[Nest] 26964  - [39m09/06/2026, 11:25:07 pm [32m    LOG[39m [38;5;3m[RouterExplorer] [39m[32mMapped {/api/v1/judgments/:id/structure, GET} route[39m[38;5;3m +1ms[39m
[32m[Nest] 26964  - [39m09/06/2026, 11:25:07 pm [32m    LOG[39m [38;5;3m[RouterExplorer] [39m[32mMapped {/api/v1/judgments/:id/explain, POST} route[39m[38;5;3m +1ms[39m
[32m[Nest] 26964  - [39m09/06/2026, 11:25:07 pm [32m    LOG[39m [38;5;3m[RoutesResolver] [39m[32mChatController {/api/v1/chat}:[39m[38;5;3m +0ms[39m
[32m[Nest] 26964  - [39m09/06/2026, 11:25:07 pm [32m    LOG[39m [38;5;3m[RouterExplorer] [39m[32mMapped {/api/v1/chat/message, POST} route[39m[38;5;3m +0ms[39m
[32m[Nest] 26964  - [39m09/06/2026, 11:25:07 pm [32m    LOG[39m [38;5;3m[RouterExplorer] [39m[32mMapped {/api/v1/chat/history/:sessionId, GET} route[39m[38;5;3m +1ms[39m
[32m[Nest] 26964  - [39m09/06/2026, 11:25:07 pm [32m    LOG[39m [38;5;3m[RouterExplorer] [39m[32mMapped {/api/v1/chat/history/:sessionId, DELETE} route[39m[38;5;3m +0ms[39m
[32m[Nest] 26964  - [39m09/06/2026, 11:25:07 pm [32m    LOG[39m [38;5;3m[RouterExplorer] [39m[32mMapped {/api/v1/chat/search, POST} route[39m[38;5;3m +0ms[39m
[32m[Nest] 26964  - [39m09/06/2026, 11:25:07 pm [32m    LOG[39m [38;5;3m[RouterExplorer] [39m[32mMapped {/api/v1/chat/citations/:messageId, GET} route[39m[38;5;3m +1ms[39m
[32m[Nest] 26964  - [39m09/06/2026, 11:25:07 pm [32m    LOG[39m [38;5;3m[RoutesResolver] [39m[32mContractController {/api/v1/contracts}:[39m[38;5;3m +0ms[39m
[32m[Nest] 26964  - [39m09/06/2026, 11:25:07 pm [32m    LOG[39m [38;5;3m[RouterExplorer] [39m[32mMapped {/api/v1/contracts/review, POST} route[39m[38;5;3m +0ms[39m
[32m[Nest] 26964  - [39m09/06/2026, 11:25:07 pm [32m    LOG[39m [38;5;3m[RouterExplorer] [39m[32mMapped {/api/v1/contracts/:id/risks, GET} route[39m[38;5;3m +1ms[39m
[32m[Nest] 26964  - [39m09/06/2026, 11:25:07 pm [32m    LOG[39m [38;5;3m[RouterExplorer] [39m[32mMapped {/api/v1/contracts/:id/clauses, POST} route[39m[38;5;3m +0ms[39m
[32m[Nest] 26964  - [39m09/06/2026, 11:25:07 pm [32m    LOG[39m [38;5;3m[RoutesResolver] [39m[32mNotebookController {/api/v1/notebook}:[39m[38;5;3m +0ms[39m
[32m[Nest] 26964  - [39m09/06/2026, 11:25:07 pm [32m    LOG[39m [38;5;3m[RouterExplorer] [39m[32mMapped {/api/v1/notebook/documents, GET} route[39m[38;5;3m +0ms[39m
[32m[Nest] 26964  - [39m09/06/2026, 11:25:07 pm [32m    LOG[39m [38;5;3m[RouterExplorer] [39m[32mMapped {/api/v1/notebook/documents/:id, GET} route[39m[38;5;3m +1ms[39m
[32m[Nest] 26964  - [39m09/06/2026, 11:25:07 pm [32m    LOG[39m [38;5;3m[RouterExplorer] [39m[32mMapped {/api/v1/notebook/documents/:id/preview, GET} route[39m[38;5;3m +0ms[39m
[32m[Nest] 26964  - [39m09/06/2026, 11:25:07 pm [32m    LOG[39m [38;5;3m[RouterExplorer] [39m[32mMapped {/api/v1/notebook/documents/:id/file, GET} route[39m[38;5;3m +0ms[39m
[32m[Nest] 26964  - [39m09/06/2026, 11:25:07 pm [32m    LOG[39m [38;5;3m[RouterExplorer] [39m[32mMapped {/api/v1/notebook/documents/:id/chunks, GET} route[39m[38;5;3m +0ms[39m
[32m[Nest] 26964  - [39m09/06/2026, 11:25:07 pm [32m    LOG[39m [38;5;3m[RouterExplorer] [39m[32mMapped {/api/v1/notebook/documents/:id/chat-history, GET} route[39m[38;5;3m +1ms[39m
[32m[Nest] 26964  - [39m09/06/2026, 11:25:07 pm [32m    LOG[39m [38;5;3m[RouterExplorer] [39m[32mMapped {/api/v1/notebook/documents/:id/reprocess, POST} route[39m[38;5;3m +0ms[39m
[32m[Nest] 26964  - [39m09/06/2026, 11:25:07 pm [32m    LOG[39m [38;5;3m[RouterExplorer] [39m[32mMapped {/api/v1/notebook/documents/:id/extraction, GET} route[39m[38;5;3m +0ms[39m
[32m[Nest] 26964  - [39m09/06/2026, 11:25:07 pm [32m    LOG[39m [38;5;3m[RouterExplorer] [39m[32mMapped {/api/v1/notebook/documents/:id/extraction, POST} route[39m[38;5;3m +0ms[39m
[32m[Nest] 26964  - [39m09/06/2026, 11:25:07 pm [32m    LOG[39m [38;5;3m[RouterExplorer] [39m[32mMapped {/api/v1/notebook/documents/:id/study-forge/generate, POST} route[39m[38;5;3m +1ms[39m
[32m[Nest] 26964  - [39m09/06/2026, 11:25:07 pm [32m    LOG[39m [38;5;3m[RouterExplorer] [39m[32mMapped {/api/v1/notebook/documents/:id/study-forge/flashcards/:cardId/rate, POST} route[39m[38;5;3m +0ms[39m
[32m[Nest] 26964  - [39m09/06/2026, 11:25:07 pm [32m    LOG[39m [38;5;3m[RouterExplorer] [39m[32mMapped {/api/v1/notebook/documents/:id/study-forge/quiz-attempt, POST} route[39m[38;5;3m +0ms[39m
[32m[Nest] 26964  - [39m09/06/2026, 11:25:07 pm [32m    LOG[39m [38;5;3m[RouterExplorer] [39m[32mMapped {/api/v1/notebook/graph, GET} route[39m[38;5;3m +0ms[39m
[32m[Nest] 26964  - [39m09/06/2026, 11:25:07 pm [32m    LOG[39m [38;5;3m[RouterExplorer] [39m[32mMapped {/api/v1/notebook/search, GET} route[39m[38;5;3m +1ms[39m
[32m[Nest] 26964  - [39m09/06/2026, 11:25:07 pm [32m    LOG[39m [38;5;3m[RouterExplorer] [39m[32mMapped {/api/v1/notebook/documents/:id, DELETE} route[39m[38;5;3m +0ms[39m
[32m[Nest] 26964  - [39m09/06/2026, 11:25:07 pm [32m    LOG[39m [38;5;3m[RouterExplorer] [39m[32mMapped {/api/v1/notebook/upload, POST} route[39m[38;5;3m +0ms[39m
[32m[Nest] 26964  - [39m09/06/2026, 11:25:07 pm [32m    LOG[39m [38;5;3m[RouterExplorer] [39m[32mMapped {/api/v1/notebook/chat, POST} route[39m[38;5;3m +1ms[39m
[32m[Nest] 26964  - [39m09/06/2026, 11:25:07 pm [32m    LOG[39m [38;5;3m[RoutesResolver] [39m[32mResearchController {/api/v1/research}:[39m[38;5;3m +0ms[39m
[32m[Nest] 26964  - [39m09/06/2026, 11:25:07 pm [32m    LOG[39m [38;5;3m[RouterExplorer] [39m[32mMapped {/api/v1/research/query, POST} route[39m[38;5;3m +0ms[39m
[32m[Nest] 26964  - [39m09/06/2026, 11:25:07 pm [32m    LOG[39m [38;5;3m[RouterExplorer] [39m[32mMapped {/api/v1/research/query/all, GET} route[39m[38;5;3m +0ms[39m
[32m[Nest] 26964  - [39m09/06/2026, 11:25:07 pm [32m    LOG[39m [38;5;3m[RouterExplorer] [39m[32mMapped {/api/v1/research/query/:id, GET} route[39m[38;5;3m +1ms[39m
[32m[Nest] 26964  - [39m09/06/2026, 11:25:07 pm [32m    LOG[39m [38;5;3m[RouterExplorer] [39m[32mMapped {/api/v1/research/report, POST} route[39m[38;5;3m +0ms[39m
[32m[Nest] 26964  - [39m09/06/2026, 11:25:07 pm [32m    LOG[39m [38;5;3m[RouterExplorer] [39m[32mMapped {/api/v1/research/report/:id, GET} route[39m[38;5;3m +0ms[39m
[32m[Nest] 26964  - [39m09/06/2026, 11:25:07 pm [32m    LOG[39m [38;5;3m[RouterExplorer] [39m[32mMapped {/api/v1/research/report/:id, PUT} route[39m[38;5;3m +0ms[39m
[32m[Nest] 26964  - [39m09/06/2026, 11:25:07 pm [32m    LOG[39m [38;5;3m[RouterExplorer] [39m[32mMapped {/api/v1/research/report/:id, DELETE} route[39m[38;5;3m +0ms[39m
[32m[Nest] 26964  - [39m09/06/2026, 11:25:07 pm [32m    LOG[39m [38;5;3m[RouterExplorer] [39m[32mMapped {/api/v1/research/note, POST} route[39m[38;5;3m +1ms[39m
[32m[Nest] 26964  - [39m09/06/2026, 11:25:07 pm [32m    LOG[39m [38;5;3m[RouterExplorer] [39m[32mMapped {/api/v1/research/note/:id, GET} route[39m[38;5;3m +0ms[39m
[32m[Nest] 26964  - [39m09/06/2026, 11:25:07 pm [32m    LOG[39m [38;5;3m[RouterExplorer] [39m[32mMapped {/api/v1/research/note/:id, PUT} route[39m[38;5;3m +0ms[39m
[32m[Nest] 26964  - [39m09/06/2026, 11:25:07 pm [32m    LOG[39m [38;5;3m[RouterExplorer] [39m[32mMapped {/api/v1/research/note/:id, DELETE} route[39m[38;5;3m +0ms[39m
[32m[Nest] 26964  - [39m09/06/2026, 11:25:07 pm [32m    LOG[39m [38;5;3m[RouterExplorer] [39m[32mMapped {/api/v1/research/source, POST} route[39m[38;5;3m +1ms[39m
[32m[Nest] 26964  - [39m09/06/2026, 11:25:07 pm [32m    LOG[39m [38;5;3m[RouterExplorer] [39m[32mMapped {/api/v1/research/source/:id, GET} route[39m[38;5;3m +0ms[39m
[32m[Nest] 26964  - [39m09/06/2026, 11:25:07 pm [32m    LOG[39m [38;5;3m[RouterExplorer] [39m[32mMapped {/api/v1/research/source/:id, DELETE} route[39m[38;5;3m +0ms[39m
[32m[Nest] 26964  - [39m09/06/2026, 11:25:07 pm [32m    LOG[39m [38;5;3m[RouterExplorer] [39m[32mMapped {/api/v1/research/save, POST} route[39m[38;5;3m +0ms[39m
[32m[Nest] 26964  - [39m09/06/2026, 11:25:07 pm [32m    LOG[39m [38;5;3m[RouterExplorer] [39m[32mMapped {/api/v1/research/save/all, GET} route[39m[38;5;3m +1ms[39m
[32m[Nest] 26964  - [39m09/06/2026, 11:25:07 pm [32m    LOG[39m [38;5;3m[RouterExplorer] [39m[32mMapped {/api/v1/research/save/:id, DELETE} route[39m[38;5;3m +0ms[39m
[32m[Nest] 26964  - [39m09/06/2026, 11:25:07 pm [32m    LOG[39m [38;5;3m[RouterExplorer] [39m[32mMapped {/api/v1/research/asset, POST} route[39m[38;5;3m +0ms[39m
[32m[Nest] 26964  - [39m09/06/2026, 11:25:07 pm [32m    LOG[39m [38;5;3m[RouterExplorer] [39m[32mMapped {/api/v1/research/upload, POST} route[39m[38;5;3m +1ms[39m
[32m[Nest] 26964  - [39m09/06/2026, 11:25:07 pm [32m    LOG[39m [38;5;3m[RouterExplorer] [39m[32mMapped {/api/v1/research/documents/:queryId, GET} route[39m[38;5;3m +0ms[39m
[32m[Nest] 26964  - [39m09/06/2026, 11:25:07 pm [32m    LOG[39m [38;5;3m[RouterExplorer] [39m[32mMapped {/api/v1/research/generate, POST} route[39m[38;5;3m +0ms[39m
[32m[Nest] 26964  - [39m09/06/2026, 11:25:07 pm [32m    LOG[39m [38;5;3m[RouterExplorer] [39m[32mMapped {/api/v1/research/challenge, POST} route[39m[38;5;3m +1ms[39m
[32m[Nest] 26964  - [39m09/06/2026, 11:25:07 pm [32m    LOG[39m [38;5;3m[RoutesResolver] [39m[32mIngestionController {/api/v1/ingestion}:[39m[38;5;3m +0ms[39m
[32m[Nest] 26964  - [39m09/06/2026, 11:25:07 pm [32m    LOG[39m [38;5;3m[RouterExplorer] [39m[32mMapped {/api/v1/ingestion/status, GET} route[39m[38;5;3m +0ms[39m
[32m[Nest] 26964  - [39m09/06/2026, 11:25:07 pm [32m    LOG[39m [38;5;3m[RouterExplorer] [39m[32mMapped {/api/v1/ingestion/init-collections, POST} route[39m[38;5;3m +0ms[39m
[32m[Nest] 26964  - [39m09/06/2026, 11:25:07 pm [32m    LOG[39m [38;5;3m[RouterExplorer] [39m[32mMapped {/api/v1/ingestion/ingest, POST} route[39m[38;5;3m +0ms[39m
[32m[Nest] 26964  - [39m09/06/2026, 11:25:07 pm [32m    LOG[39m [38;5;3m[RouterExplorer] [39m[32mMapped {/api/v1/ingestion/ingest-text, POST} route[39m[38;5;3m +1ms[39m
[32m[Nest] 26964  - [39m09/06/2026, 11:25:07 pm [32m    LOG[39m [38;5;3m[RouterExplorer] [39m[32mMapped {/api/v1/ingestion/ingest-batch, POST} route[39m[38;5;3m +0ms[39m
[32m[Nest] 26964  - [39m09/06/2026, 11:25:07 pm [32m    LOG[39m [38;5;3m[RoutesResolver] [39m[32mExamController {/api/v1/exam}:[39m[38;5;3m +0ms[39m
[32m[Nest] 26964  - [39m09/06/2026, 11:25:07 pm [32m    LOG[39m [38;5;3m[RouterExplorer] [39m[32mMapped {/api/v1/exam, POST} route[39m[38;5;3m +0ms[39m
[32m[Nest] 26964  - [39m09/06/2026, 11:25:07 pm [32m    LOG[39m [38;5;3m[RouterExplorer] [39m[32mMapped {/api/v1/exam, GET} route[39m[38;5;3m +1ms[39m
[32m[Nest] 26964  - [39m09/06/2026, 11:25:07 pm [32m    LOG[39m [38;5;3m[RouterExplorer] [39m[32mMapped {/api/v1/exam/:id, GET} route[39m[38;5;3m +0ms[39m
[32m[Nest] 26964  - [39m09/06/2026, 11:25:07 pm [32m    LOG[39m [38;5;3m[RouterExplorer] [39m[32mMapped {/api/v1/exam/:id/mock, POST} route[39m[38;5;3m +0ms[39m
[32m[Nest] 26964  - [39m09/06/2026, 11:25:07 pm [32m    LOG[39m [38;5;3m[RouterExplorer] [39m[32mMapped {/api/v1/exam/assistant, POST} route[39m[38;5;3m +0ms[39m
[32m[Nest] 26964  - [39m09/06/2026, 11:25:07 pm [32m    LOG[39m [38;5;3m[RouterExplorer] [39m[32mMapped {/api/v1/exam/dashboard/recommendations, GET} route[39m[38;5;3m +1ms[39m
[32m[Nest] 26964  - [39m09/06/2026, 11:25:07 pm [32m    LOG[39m [38;5;3m[RouterExplorer] [39m[32mMapped {/api/v1/exam/doubt-solve, POST} route[39m[38;5;3m +0ms[39m
[32m[Nest] 26964  - [39m09/06/2026, 11:25:07 pm [32m    LOG[39m [38;5;3m[RouterExplorer] [39m[32mMapped {/api/v1/exam/oauth-tokens, POST} route[39m[38;5;3m +0ms[39m
[32m[Nest] 26964  - [39m09/06/2026, 11:25:07 pm [32m    LOG[39m [38;5;3m[RouterExplorer] [39m[32mMapped {/api/v1/exam/dashboard/notifications, GET} route[39m[38;5;3m +0ms[39m
[32m[Nest] 26964  - [39m09/06/2026, 11:25:07 pm [32m    LOG[39m [38;5;3m[RouterExplorer] [39m[32mMapped {/api/v1/exam/dashboard/notifications/read, POST} route[39m[38;5;3m +0ms[39m
[32m[Nest] 26964  - [39m09/06/2026, 11:25:07 pm [32m    LOG[39m [38;5;3m[RouterExplorer] [39m[32mMapped {/api/v1/exam/calendar/events, GET} route[39m[38;5;3m +1ms[39m
[32m[Nest] 26964  - [39m09/06/2026, 11:25:07 pm [32m    LOG[39m [38;5;3m[RouterExplorer] [39m[32mMapped {/api/v1/exam/calendar/events, POST} route[39m[38;5;3m +0ms[39m
[32m[Nest] 26964  - [39m09/06/2026, 11:25:07 pm [32m    LOG[39m [38;5;3m[RoutesResolver] [39m[32mFounderSecurityController {/api/v1/founder-security}:[39m[38;5;3m +0ms[39m
[32m[Nest] 26964  - [39m09/06/2026, 11:25:07 pm [32m    LOG[39m [38;5;3m[RouterExplorer] [39m[32mMapped {/api/v1/founder-security/settings, GET} route[39m[38;5;3m +0ms[39m
[32m[Nest] 26964  - [39m09/06/2026, 11:25:07 pm [32m    LOG[39m [38;5;3m[RouterExplorer] [39m[32mMapped {/api/v1/founder-security/settings, PUT} route[39m[38;5;3m +1ms[39m
[32m[Nest] 26964  - [39m09/06/2026, 11:25:07 pm [32m    LOG[39m [38;5;3m[RouterExplorer] [39m[32mMapped {/api/v1/founder-security/events, GET} route[39m[38;5;3m +0ms[39m
[32m[Nest] 26964  - [39m09/06/2026, 11:25:07 pm [32m    LOG[39m [38;5;3m[RouterExplorer] [39m[32mMapped {/api/v1/founder-security/events, POST} route[39m[38;5;3m +0ms[39m
[32m[Nest] 26964  - [39m09/06/2026, 11:25:07 pm [32m    LOG[39m [38;5;3m[RouterExplorer] [39m[32mMapped {/api/v1/founder-security/clear-locks, GET} route[39m[38;5;3m +0ms[39m
[32m[Nest] 26964  - [39m09/06/2026, 11:25:07 pm [32m    LOG[39m [38;5;3m[RouterExplorer] [39m[32mMapped {/api/v1/founder-security/admin-login, POST} route[39m[38;5;3m +0ms[39m
[32m[Nest] 26964  - [39m09/06/2026, 11:25:07 pm [32m    LOG[39m [38;5;3m[RouterExplorer] [39m[32mMapped {/api/v1/founder-security/verify-question, POST} route[39m[38;5;3m +1ms[39m
[32m[Nest] 26964  - [39m09/06/2026, 11:25:07 pm [32m    LOG[39m [38;5;3m[RouterExplorer] [39m[32mMapped {/api/v1/founder-security/login-approve, GET} route[39m[38;5;3m +0ms[39m
[32m[Nest] 26964  - [39m09/06/2026, 11:25:07 pm [32m    LOG[39m [38;5;3m[RouterExplorer] [39m[32mMapped {/api/v1/founder-security/login-reject, GET} route[39m[38;5;3m +0ms[39m
[32m[Nest] 26964  - [39m09/06/2026, 11:25:07 pm [32m    LOG[39m [38;5;3m[RouterExplorer] [39m[32mMapped {/api/v1/founder-security/login-status, GET} route[39m[38;5;3m +0ms[39m
[32m[Nest] 26964  - [39m09/06/2026, 11:25:07 pm [32m    LOG[39m [38;5;3m[RoutesResolver] [39m[32mSecurityTestController {/api/v1/api/security}:[39m[38;5;3m +0ms[39m
[32m[Nest] 26964  - [39m09/06/2026, 11:25:07 pm [32m    LOG[39m [38;5;3m[RouterExplorer] [39m[32mMapped {/api/security/test-email, GET} route[39m[38;5;3m +1ms[39m
[32m[Nest] 26964  - [39m09/06/2026, 11:25:07 pm [32m    LOG[39m [38;5;3m[RouterExplorer] [39m[32mMapped {/api/security/test-email, POST} route[39m[38;5;3m +0ms[39m
[32m[Nest] 26964  - [39m09/06/2026, 11:25:07 pm [32m    LOG[39m [38;5;3m[QdrantService] [39m[32mInitializing Qdrant client with URL: https://dd284eb5-9c7e-4f0e-92fd-815f87684ce0.us-west-1-0.aws.cloud.qdrant.io[39m
[32m[Nest] 26964  - [39m09/06/2026, 11:25:07 pm [32m    LOG[39m [38;5;3m[QdrantService] [39m[32mTesting Qdrant connection...[39m
[32m[Nest] 26964  - [39m09/06/2026, 11:25:07 pm [32m    LOG[39m [38;5;3m[BgeM3Provider] [39m[32mInitializing BGE-M3 provider → http://localhost:8100[39m
[32m[Nest] 26964  - [39m09/06/2026, 11:25:07 pm [32m    LOG[39m [38;5;3m[NestApplication] [39m[32mNest application successfully started[39m[38;5;3m +9ms[39m
[LEGATRIXON SERVER] NestJS Engine running on: http://localhost:4000/api/v1
[33m[Nest] 26964  - [39m09/06/2026, 11:25:07 pm [33m   WARN[39m [38;5;3m[BgeM3Provider] [39m[33mBGE-M3 sidecar unreachable at http://localhost:8100: . Embeddings will fail until the sidecar is started.[39m
[2J[3J[H[[90m11:25:07 pm[0m] File change detected. Starting incremental compilation...

[[90m11:25:07 pm[0m] Found 0 errors. Watching for file changes.

[32m[Nest] 28092  - [39m09/06/2026, 11:25:09 pm [32m    LOG[39m [38;5;3m[NestFactory] [39m[32mStarting Nest application...[39m
[32m[Nest] 28092  - [39m09/06/2026, 11:25:09 pm [32m    LOG[39m [38;5;3m[InstanceLoader] [39m[32mAppModule dependencies initialized[39m[38;5;3m +24ms[39m
[32m[Nest] 28092  - [39m09/06/2026, 11:25:09 pm [32m    LOG[39m [38;5;3m[InstanceLoader] [39m[32mTypeOrmModule dependencies initialized[39m[38;5;3m +1ms[39m
[32m[Nest] 28092  - [39m09/06/2026, 11:25:09 pm [32m    LOG[39m [38;5;3m[InstanceLoader] [39m[32mLegalDomainModule dependencies initialized[39m[38;5;3m +0ms[39m
[32m[Nest] 28092  - [39m09/06/2026, 11:25:09 pm [32m    LOG[39m [38;5;3m[InstanceLoader] [39m[32mRetrievalModule dependencies initialized[39m[38;5;3m +1ms[39m
[32m[Nest] 28092  - [39m09/06/2026, 11:25:09 pm [32m    LOG[39m [38;5;3m[InstanceLoader] [39m[32mJudgmentModule dependencies initialized[39m[38;5;3m +0ms[39m
[32m[Nest] 28092  - [39m09/06/2026, 11:25:09 pm [32m    LOG[39m [38;5;3m[InstanceLoader] [39m[32mContractModule dependencies initialized[39m[38;5;3m +1ms[39m
[32m[Nest] 28092  - [39m09/06/2026, 11:25:09 pm [32m    LOG[39m [38;5;3m[InstanceLoader] [39m[32mIngestionModule dependencies initialized[39m[38;5;3m +0ms[39m
[32m[Nest] 28092  - [39m09/06/2026, 11:25:09 pm [32m    LOG[39m [38;5;3m[InstanceLoader] [39m[32mChatModule dependencies initialized[39m[38;5;3m +0ms[39m
[32m[Nest] 28092  - [39m09/06/2026, 11:25:09 pm [32m    LOG[39m [38;5;3m[InstanceLoader] [39m[32mTypeOrmCoreModule dependencies initialized[39m[38;5;3m +40ms[39m
[32m[Nest] 28092  - [39m09/06/2026, 11:25:09 pm [32m    LOG[39m [38;5;3m[InstanceLoader] [39m[32mTypeOrmModule dependencies initialized[39m[38;5;3m +0ms[39m
[32m[Nest] 28092  - [39m09/06/2026, 11:25:09 pm [32m    LOG[39m [38;5;3m[InstanceLoader] [39m[32mTypeOrmModule dependencies initialized[39m[38;5;3m +1ms[39m
[32m[Nest] 28092  - [39m09/06/2026, 11:25:09 pm [32m    LOG[39m [38;5;3m[InstanceLoader] [39m[32mTypeOrmModule dependencies initialized[39m[38;5;3m +0ms[39m
[32m[Nest] 28092  - [39m09/06/2026, 11:25:09 pm [32m    LOG[39m [38;5;3m[InstanceLoader] [39m[32mTypeOrmModule dependencies initialized[39m[38;5;3m +0ms[39m
[32m[Nest] 28092  - [39m09/06/2026, 11:25:09 pm [32m    LOG[39m [38;5;3m[InstanceLoader] [39m[32mFounderSecurityModule dependencies initialized[39m[38;5;3m +1ms[39m
[32m[Nest] 28092  - [39m09/06/2026, 11:25:09 pm [32m    LOG[39m [38;5;3m[InstanceLoader] [39m[32mResearchModule dependencies initialized[39m[38;5;3m +0ms[39m
[32m[Nest] 28092  - [39m09/06/2026, 11:25:09 pm [32m    LOG[39m [38;5;3m[InstanceLoader] [39m[32mNotebookModule dependencies initialized[39m[38;5;3m +1ms[39m
[32m[Nest] 28092  - [39m09/06/2026, 11:25:09 pm [32m    LOG[39m [38;5;3m[InstanceLoader] [39m[32mExamModule dependencies initialized[39m[38;5;3m +0ms[39m
[32m[Nest] 28092  - [39m09/06/2026, 11:25:09 pm [32m    LOG[39m [38;5;3m[RoutesResolver] [39m[32mJudgmentController {/api/v1/judgments}:[39m[38;5;3m +24ms[39m
[32m[Nest] 28092  - [39m09/06/2026, 11:25:09 pm [32m    LOG[39m [38;5;3m[RouterExplorer] [39m[32mMapped {/api/v1/judgments/upload, POST} route[39m[38;5;3m +3ms[39m
[32m[Nest] 28092  - [39m09/06/2026, 11:25:09 pm [32m    LOG[39m [38;5;3m[RouterExplorer] [39m[32mMapped {/api/v1/judgments/:id/structure, GET} route[39m[38;5;3m +0ms[39m
[32m[Nest] 28092  - [39m09/06/2026, 11:25:09 pm [32m    LOG[39m [38;5;3m[RouterExplorer] [39m[32mMapped {/api/v1/judgments/:id/explain, POST} route[39m[38;5;3m +1ms[39m
[32m[Nest] 28092  - [39m09/06/2026, 11:25:09 pm [32m    LOG[39m [38;5;3m[RoutesResolver] [39m[32mChatController {/api/v1/chat}:[39m[38;5;3m +0ms[39m
[32m[Nest] 28092  - [39m09/06/2026, 11:25:09 pm [32m    LOG[39m [38;5;3m[RouterExplorer] [39m[32mMapped {/api/v1/chat/message, POST} route[39m[38;5;3m +0ms[39m
[32m[Nest] 28092  - [39m09/06/2026, 11:25:09 pm [32m    LOG[39m [38;5;3m[RouterExplorer] [39m[32mMapped {/api/v1/chat/history/:sessionId, GET} route[39m[38;5;3m +1ms[39m
[32m[Nest] 28092  - [39m09/06/2026, 11:25:09 pm [32m    LOG[39m [38;5;3m[RouterExplorer] [39m[32mMapped {/api/v1/chat/history/:sessionId, DELETE} route[39m[38;5;3m +0ms[39m
[32m[Nest] 28092  - [39m09/06/2026, 11:25:09 pm [32m    LOG[39m [38;5;3m[RouterExplorer] [39m[32mMapped {/api/v1/chat/search, POST} route[39m[38;5;3m +0ms[39m
[32m[Nest] 28092  - [39m09/06/2026, 11:25:09 pm [32m    LOG[39m [38;5;3m[RouterExplorer] [39m[32mMapped {/api/v1/chat/citations/:messageId, GET} route[39m[38;5;3m +0ms[39m
[32m[Nest] 28092  - [39m09/06/2026, 11:25:09 pm [32m    LOG[39m [38;5;3m[RoutesResolver] [39m[32mContractController {/api/v1/contracts}:[39m[38;5;3m +1ms[39m
[32m[Nest] 28092  - [39m09/06/2026, 11:25:09 pm [32m    LOG[39m [38;5;3m[RouterExplorer] [39m[32mMapped {/api/v1/contracts/review, POST} route[39m[38;5;3m +0ms[39m
[32m[Nest] 28092  - [39m09/06/2026, 11:25:09 pm [32m    LOG[39m [38;5;3m[RouterExplorer] [39m[32mMapped {/api/v1/contracts/:id/risks, GET} route[39m[38;5;3m +1ms[39m
[32m[Nest] 28092  - [39m09/06/2026, 11:25:09 pm [32m    LOG[39m [38;5;3m[RouterExplorer] [39m[32mMapped {/api/v1/contracts/:id/clauses, POST} route[39m[38;5;3m +0ms[39m
[32m[Nest] 28092  - [39m09/06/2026, 11:25:09 pm [32m    LOG[39m [38;5;3m[RoutesResolver] [39m[32mNotebookController {/api/v1/notebook}:[39m[38;5;3m +0ms[39m
[32m[Nest] 28092  - [39m09/06/2026, 11:25:09 pm [32m    LOG[39m [38;5;3m[RouterExplorer] [39m[32mMapped {/api/v1/notebook/documents, GET} route[39m[38;5;3m +0ms[39m
[32m[Nest] 28092  - [39m09/06/2026, 11:25:09 pm [32m    LOG[39m [38;5;3m[RouterExplorer] [39m[32mMapped {/api/v1/notebook/documents/:id, GET} route[39m[38;5;3m +1ms[39m
[32m[Nest] 28092  - [39m09/06/2026, 11:25:09 pm [32m    LOG[39m [38;5;3m[RouterExplorer] [39m[32mMapped {/api/v1/notebook/documents/:id/preview, GET} route[39m[38;5;3m +0ms[39m
[32m[Nest] 28092  - [39m09/06/2026, 11:25:09 pm [32m    LOG[39m [38;5;3m[RouterExplorer] [39m[32mMapped {/api/v1/notebook/documents/:id/file, GET} route[39m[38;5;3m +0ms[39m
[32m[Nest] 28092  - [39m09/06/2026, 11:25:09 pm [32m    LOG[39m [38;5;3m[RouterExplorer] [39m[32mMapped {/api/v1/notebook/documents/:id/chunks, GET} route[39m[38;5;3m +0ms[39m
[32m[Nest] 28092  - [39m09/06/2026, 11:25:09 pm [32m    LOG[39m [38;5;3m[RouterExplorer] [39m[32mMapped {/api/v1/notebook/documents/:id/chat-history, GET} route[39m[38;5;3m +1ms[39m
[32m[Nest] 28092  - [39m09/06/2026, 11:25:09 pm [32m    LOG[39m [38;5;3m[RouterExplorer] [39m[32mMapped {/api/v1/notebook/documents/:id/reprocess, POST} route[39m[38;5;3m +0ms[39m
[32m[Nest] 28092  - [39m09/06/2026, 11:25:09 pm [32m    LOG[39m [38;5;3m[RouterExplorer] [39m[32mMapped {/api/v1/notebook/documents/:id/extraction, GET} route[39m[38;5;3m +0ms[39m
[32m[Nest] 28092  - [39m09/06/2026, 11:25:09 pm [32m    LOG[39m [38;5;3m[RouterExplorer] [39m[32mMapped {/api/v1/notebook/documents/:id/extraction, POST} route[39m[38;5;3m +0ms[39m
[32m[Nest] 28092  - [39m09/06/2026, 11:25:09 pm [32m    LOG[39m [38;5;3m[RouterExplorer] [39m[32mMapped {/api/v1/notebook/documents/:id/study-forge/generate, POST} route[39m[38;5;3m +1ms[39m
[32m[Nest] 28092  - [39m09/06/2026, 11:25:09 pm [32m    LOG[39m [38;5;3m[RouterExplorer] [39m[32mMapped {/api/v1/notebook/documents/:id/study-forge/flashcards/:cardId/rate, POST} route[39m[38;5;3m +0ms[39m
[32m[Nest] 28092  - [39m09/06/2026, 11:25:09 pm [32m    LOG[39m [38;5;3m[RouterExplorer] [39m[32mMapped {/api/v1/notebook/documents/:id/study-forge/quiz-attempt, POST} route[39m[38;5;3m +0ms[39m
[32m[Nest] 28092  - [39m09/06/2026, 11:25:09 pm [32m    LOG[39m [38;5;3m[RouterExplorer] [39m[32mMapped {/api/v1/notebook/graph, GET} route[39m[38;5;3m +0ms[39m
[32m[Nest] 28092  - [39m09/06/2026, 11:25:09 pm [32m    LOG[39m [38;5;3m[RouterExplorer] [39m[32mMapped {/api/v1/notebook/search, GET} route[39m[38;5;3m +0ms[39m
[32m[Nest] 28092  - [39m09/06/2026, 11:25:09 pm [32m    LOG[39m [38;5;3m[RouterExplorer] [39m[32mMapped {/api/v1/notebook/documents/:id, DELETE} route[39m[38;5;3m +1ms[39m
[32m[Nest] 28092  - [39m09/06/2026, 11:25:09 pm [32m    LOG[39m [38;5;3m[RouterExplorer] [39m[32mMapped {/api/v1/notebook/upload, POST} route[39m[38;5;3m +0ms[39m
[32m[Nest] 28092  - [39m09/06/2026, 11:25:09 pm [32m    LOG[39m [38;5;3m[RouterExplorer] [39m[32mMapped {/api/v1/notebook/chat, POST} route[39m[38;5;3m +0ms[39m
[32m[Nest] 28092  - [39m09/06/2026, 11:25:09 pm [32m    LOG[39m [38;5;3m[RoutesResolver] [39m[32mResearchController {/api/v1/research}:[39m[38;5;3m +0ms[39m
[32m[Nest] 28092  - [39m09/06/2026, 11:25:09 pm [32m    LOG[39m [38;5;3m[RouterExplorer] [39m[32mMapped {/api/v1/research/query, POST} route[39m[38;5;3m +1ms[39m
[32m[Nest] 28092  - [39m09/06/2026, 11:25:09 pm [32m    LOG[39m [38;5;3m[RouterExplorer] [39m[32mMapped {/api/v1/research/query/all, GET} route[39m[38;5;3m +0ms[39m
[32m[Nest] 28092  - [39m09/06/2026, 11:25:09 pm [32m    LOG[39m [38;5;3m[RouterExplorer] [39m[32mMapped {/api/v1/research/query/:id, GET} route[39m[38;5;3m +0ms[39m
[32m[Nest] 28092  - [39m09/06/2026, 11:25:09 pm [32m    LOG[39m [38;5;3m[RouterExplorer] [39m[32mMapped {/api/v1/research/report, POST} route[39m[38;5;3m +0ms[39m
[32m[Nest] 28092  - [39m09/06/2026, 11:25:09 pm [32m    LOG[39m [38;5;3m[RouterExplorer] [39m[32mMapped {/api/v1/research/report/:id, GET} route[39m[38;5;3m +1ms[39m
[32m[Nest] 28092  - [39m09/06/2026, 11:25:09 pm [32m    LOG[39m [38;5;3m[RouterExplorer] [39m[32mMapped {/api/v1/research/report/:id, PUT} route[39m[38;5;3m +0ms[39m
[32m[Nest] 28092  - [39m09/06/2026, 11:25:09 pm [32m    LOG[39m [38;5;3m[RouterExplorer] [39m[32mMapped {/api/v1/research/report/:id, DELETE} route[39m[38;5;3m +0ms[39m
[32m[Nest] 28092  - [39m09/06/2026, 11:25:09 pm [32m    LOG[39m [38;5;3m[RouterExplorer] [39m[32mMapped {/api/v1/research/note, POST} route[39m[38;5;3m +0ms[39m
[32m[Nest] 28092  - [39m09/06/2026, 11:25:09 pm [32m    LOG[39m [38;5;3m[RouterExplorer] [39m[32mMapped {/api/v1/research/note/:id, GET} route[39m[38;5;3m +1ms[39m
[32m[Nest] 28092  - [39m09/06/2026, 11:25:09 pm [32m    LOG[39m [38;5;3m[RouterExplorer] [39m[32mMapped {/api/v1/research/note/:id, PUT} route[39m[38;5;3m +0ms[39m
[32m[Nest] 28092  - [39m09/06/2026, 11:25:09 pm [32m    LOG[39m [38;5;3m[RouterExplorer] [39m[32mMapped {/api/v1/research/note/:id, DELETE} route[39m[38;5;3m +0ms[39m
[32m[Nest] 28092  - [39m09/06/2026, 11:25:09 pm [32m    LOG[39m [38;5;3m[RouterExplorer] [39m[32mMapped {/api/v1/research/source, POST} route[39m[38;5;3m +0ms[39m
[32m[Nest] 28092  - [39m09/06/2026, 11:25:09 pm [32m    LOG[39m [38;5;3m[RouterExplorer] [39m[32mMapped {/api/v1/research/source/:id, GET} route[39m[38;5;3m +0ms[39m
[32m[Nest] 28092  - [39m09/06/2026, 11:25:09 pm [32m    LOG[39m [38;5;3m[RouterExplorer] [39m[32mMapped {/api/v1/research/source/:id, DELETE} route[39m[38;5;3m +1ms[39m
[32m[Nest] 28092  - [39m09/06/2026, 11:25:09 pm [32m    LOG[39m [38;5;3m[RouterExplorer] [39m[32mMapped {/api/v1/research/save, POST} route[39m[38;5;3m +0ms[39m
[32m[Nest] 28092  - [39m09/06/2026, 11:25:09 pm [32m    LOG[39m [38;5;3m[RouterExplorer] [39m[32mMapped {/api/v1/research/save/all, GET} route[39m[38;5;3m +0ms[39m
[32m[Nest] 28092  - [39m09/06/2026, 11:25:09 pm [32m    LOG[39m [38;5;3m[RouterExplorer] [39m[32mMapped {/api/v1/research/save/:id, DELETE} route[39m[38;5;3m +0ms[39m
[32m[Nest] 28092  - [39m09/06/2026, 11:25:09 pm [32m    LOG[39m [38;5;3m[RouterExplorer] [39m[32mMapped {/api/v1/research/asset, POST} route[39m[38;5;3m +0ms[39m
[32m[Nest] 28092  - [39m09/06/2026, 11:25:09 pm [32m    LOG[39m [38;5;3m[RouterExplorer] [39m[32mMapped {/api/v1/research/upload, POST} route[39m[38;5;3m +1ms[39m
[32m[Nest] 28092  - [39m09/06/2026, 11:25:09 pm [32m    LOG[39m [38;5;3m[RouterExplorer] [39m[32mMapped {/api/v1/research/documents/:queryId, GET} route[39m[38;5;3m +0ms[39m
[32m[Nest] 28092  - [39m09/06/2026, 11:25:09 pm [32m    LOG[39m [38;5;3m[RouterExplorer] [39m[32mMapped {/api/v1/research/generate, POST} route[39m[38;5;3m +0ms[39m
[32m[Nest] 28092  - [39m09/06/2026, 11:25:09 pm [32m    LOG[39m [38;5;3m[RouterExplorer] [39m[32mMapped {/api/v1/research/challenge, POST} route[39m[38;5;3m +0ms[39m
[32m[Nest] 28092  - [39m09/06/2026, 11:25:09 pm [32m    LOG[39m [38;5;3m[RoutesResolver] [39m[32mIngestionController {/api/v1/ingestion}:[39m[38;5;3m +1ms[39m
[32m[Nest] 28092  - [39m09/06/2026, 11:25:09 pm [32m    LOG[39m [38;5;3m[RouterExplorer] [39m[32mMapped {/api/v1/ingestion/status, GET} route[39m[38;5;3m +0ms[39m
[32m[Nest] 28092  - [39m09/06/2026, 11:25:09 pm [32m    LOG[39m [38;5;3m[RouterExplorer] [39m[32mMapped {/api/v1/ingestion/init-collections, POST} route[39m[38;5;3m +0ms[39m
[32m[Nest] 28092  - [39m09/06/2026, 11:25:09 pm [32m    LOG[39m [38;5;3m[RouterExplorer] [39m[32mMapped {/api/v1/ingestion/ingest, POST} route[39m[38;5;3m +0ms[39m
[32m[Nest] 28092  - [39m09/06/2026, 11:25:09 pm [32m    LOG[39m [38;5;3m[RouterExplorer] [39m[32mMapped {/api/v1/ingestion/ingest-text, POST} route[39m[38;5;3m +0ms[39m
[32m[Nest] 28092  - [39m09/06/2026, 11:25:09 pm [32m    LOG[39m [38;5;3m[RouterExplorer] [39m[32mMapped {/api/v1/ingestion/ingest-batch, POST} route[39m[38;5;3m +1ms[39m
[32m[Nest] 28092  - [39m09/06/2026, 11:25:09 pm [32m    LOG[39m [38;5;3m[RoutesResolver] [39m[32mExamController {/api/v1/exam}:[39m[38;5;3m +0ms[39m
[32m[Nest] 28092  - [39m09/06/2026, 11:25:09 pm [32m    LOG[39m [38;5;3m[RouterExplorer] [39m[32mMapped {/api/v1/exam, POST} route[39m[38;5;3m +0ms[39m
[32m[Nest] 28092  - [39m09/06/2026, 11:25:09 pm [32m    LOG[39m [38;5;3m[RouterExplorer] [39m[32mMapped {/api/v1/exam, GET} route[39m[38;5;3m +0ms[39m
[32m[Nest] 28092  - [39m09/06/2026, 11:25:09 pm [32m    LOG[39m [38;5;3m[RouterExplorer] [39m[32mMapped {/api/v1/exam/:id, GET} route[39m[38;5;3m +1ms[39m
[32m[Nest] 28092  - [39m09/06/2026, 11:25:09 pm [32m    LOG[39m [38;5;3m[RouterExplorer] [39m[32mMapped {/api/v1/exam/:id/mock, POST} route[39m[38;5;3m +0ms[39m
[32m[Nest] 28092  - [39m09/06/2026, 11:25:09 pm [32m    LOG[39m [38;5;3m[RouterExplorer] [39m[32mMapped {/api/v1/exam/assistant, POST} route[39m[38;5;3m +0ms[39m
[32m[Nest] 28092  - [39m09/06/2026, 11:25:09 pm [32m    LOG[39m [38;5;3m[RouterExplorer] [39m[32mMapped {/api/v1/exam/dashboard/recommendations, GET} route[39m[38;5;3m +1ms[39m
[32m[Nest] 28092  - [39m09/06/2026, 11:25:09 pm [32m    LOG[39m [38;5;3m[RouterExplorer] [39m[32mMapped {/api/v1/exam/doubt-solve, POST} route[39m[38;5;3m +0ms[39m
[32m[Nest] 28092  - [39m09/06/2026, 11:25:09 pm [32m    LOG[39m [38;5;3m[RouterExplorer] [39m[32mMapped {/api/v1/exam/oauth-tokens, POST} route[39m[38;5;3m +0ms[39m
[32m[Nest] 28092  - [39m09/06/2026, 11:25:09 pm [32m    LOG[39m [38;5;3m[RouterExplorer] [39m[32mMapped {/api/v1/exam/dashboard/notifications, GET} route[39m[38;5;3m +0ms[39m
[32m[Nest] 28092  - [39m09/06/2026, 11:25:09 pm [32m    LOG[39m [38;5;3m[RouterExplorer] [39m[32mMapped {/api/v1/exam/dashboard/notifications/read, POST} route[39m[38;5;3m +0ms[39m
[32m[Nest] 28092  - [39m09/06/2026, 11:25:09 pm [32m    LOG[39m [38;5;3m[RouterExplorer] [39m[32mMapped {/api/v1/exam/calendar/events, GET} route[39m[38;5;3m +1ms[39m
[32m[Nest] 28092  - [39m09/06/2026, 11:25:09 pm [32m    LOG[39m [38;5;3m[RouterExplorer] [39m[32mMapped {/api/v1/exam/calendar/events, POST} route[39m[38;5;3m +0ms[39m
[32m[Nest] 28092  - [39m09/06/2026, 11:25:09 pm [32m    LOG[39m [38;5;3m[RoutesResolver] [39m[32mFounderSecurityController {/api/v1/founder-security}:[39m[38;5;3m +0ms[39m
[32m[Nest] 28092  - [39m09/06/2026, 11:25:09 pm [32m    LOG[39m [38;5;3m[RouterExplorer] [39m[32mMapped {/api/v1/founder-security/settings, GET} route[39m[38;5;3m +0ms[39m
[32m[Nest] 28092  - [39m09/06/2026, 11:25:09 pm [32m    LOG[39m [38;5;3m[RouterExplorer] [39m[32mMapped {/api/v1/founder-security/settings, PUT} route[39m[38;5;3m +1ms[39m
[32m[Nest] 28092  - [39m09/06/2026, 11:25:09 pm [32m    LOG[39m [38;5;3m[RouterExplorer] [39m[32mMapped {/api/v1/founder-security/events, GET} route[39m[38;5;3m +0ms[39m
[32m[Nest] 28092  - [39m09/06/2026, 11:25:09 pm [32m    LOG[39m [38;5;3m[RouterExplorer] [39m[32mMapped {/api/v1/founder-security/events, POST} route[39m[38;5;3m +0ms[39m
[32m[Nest] 28092  - [39m09/06/2026, 11:25:09 pm [32m    LOG[39m [38;5;3m[RouterExplorer] [39m[32mMapped {/api/v1/founder-security/clear-locks, GET} route[39m[38;5;3m +0ms[39m
[32m[Nest] 28092  - [39m09/06/2026, 11:25:09 pm [32m    LOG[39m [38;5;3m[RouterExplorer] [39m[32mMapped {/api/v1/founder-security/admin-login, POST} route[39m[38;5;3m +0ms[39m
[32m[Nest] 28092  - [39m09/06/2026, 11:25:09 pm [32m    LOG[39m [38;5;3m[RouterExplorer] [39m[32mMapped {/api/v1/founder-security/verify-question, POST} route[39m[38;5;3m +1ms[39m
[32m[Nest] 28092  - [39m09/06/2026, 11:25:09 pm [32m    LOG[39m [38;5;3m[RouterExplorer] [39m[32mMapped {/api/v1/founder-security/login-approve, GET} route[39m[38;5;3m +0ms[39m
[32m[Nest] 28092  - [39m09/06/2026, 11:25:09 pm [32m    LOG[39m [38;5;3m[RouterExplorer] [39m[32mMapped {/api/v1/founder-security/login-reject, GET} route[39m[38;5;3m +0ms[39m
[32m[Nest] 28092  - [39m09/06/2026, 11:25:09 pm [32m    LOG[39m [38;5;3m[RouterExplorer] [39m[32mMapped {/api/v1/founder-security/login-status, GET} route[39m[38;5;3m +0ms[39m
[32m[Nest] 28092  - [39m09/06/2026, 11:25:09 pm [32m    LOG[39m [38;5;3m[RoutesResolver] [39m[32mSecurityTestController {/api/v1/api/security}:[39m[38;5;3m +0ms[39m
[32m[Nest] 28092  - [39m09/06/2026, 11:25:09 pm [32m    LOG[39m [38;5;3m[RouterExplorer] [39m[32mMapped {/api/security/test-email, GET} route[39m[38;5;3m +1ms[39m
[32m[Nest] 28092  - [39m09/06/2026, 11:25:09 pm [32m    LOG[39m [38;5;3m[RouterExplorer] [39m[32mMapped {/api/security/test-email, POST} route[39m[38;5;3m +0ms[39m
[32m[Nest] 28092  - [39m09/06/2026, 11:25:09 pm [32m    LOG[39m [38;5;3m[QdrantService] [39m[32mInitializing Qdrant client with URL: https://dd284eb5-9c7e-4f0e-92fd-815f87684ce0.us-west-1-0.aws.cloud.qdrant.io[39m
[32m[Nest] 28092  - [39m09/06/2026, 11:25:09 pm [32m    LOG[39m [38;5;3m[QdrantService] [39m[32mTesting Qdrant connection...[39m
[32m[Nest] 28092  - [39m09/06/2026, 11:25:09 pm [32m    LOG[39m [38;5;3m[BgeM3Provider] [39m[32mInitializing BGE-M3 provider → http://localhost:8100[39m
[32m[Nest] 28092  - [39m09/06/2026, 11:25:09 pm [32m    LOG[39m [38;5;3m[NestApplication] [39m[32mNest application successfully started[39m[38;5;3m +8ms[39m
[LEGATRIXON SERVER] NestJS Engine running on: http://localhost:4000/api/v1
[33m[Nest] 28092  - [39m09/06/2026, 11:25:09 pm [33m   WARN[39m [38;5;3m[BgeM3Provider] [39m[33mBGE-M3 sidecar unreachable at http://localhost:8100: . Embeddings will fail until the sidecar is started.[39m
[32m[Nest] 28092  - [39m09/06/2026, 11:25:10 pm [32m    LOG[39m [38;5;3m[QdrantService] [39m[32mSuccessfully connected to Qdrant.[39m
[32m[Nest] 28092  - [39m09/06/2026, 11:25:10 pm [32m    LOG[39m [38;5;3m[QdrantService] [39m[32mCollection judgments already exists.[39m
[32m[Nest] 28092  - [39m09/06/2026, 11:25:10 pm [32m    LOG[39m [38;5;3m[QdrantService] [39m[32mCollection acts already exists.[39m
[32m[Nest] 28092  - [39m09/06/2026, 11:25:11 pm [32m    LOG[39m [38;5;3m[QdrantService] [39m[32mCollection research_papers already exists.[39m
[32m[Nest] 28092  - [39m09/06/2026, 11:25:11 pm [32m    LOG[39m [38;5;3m[QdrantService] [39m[32mCollection law_commission_reports already exists.[39m
[32m[Nest] 28092  - [39m09/06/2026, 11:25:11 pm [32m    LOG[39m [38;5;3m[QdrantService] [39m[32mCollection user_documents already exists.[39m
[2J[3J[H[[90m11:25:28 pm[0m] File change detected. Starting incremental compilation...

[96msrc/modules/chat/lexmentor-ai.service.ts[0m:[93m66[0m:[93m14[0m - [91merror[0m[90m TS2339: [0mProperty 'canTryProvider' does not exist on type 'LexMentorAiService'.

[7m66[0m     if (this.canTryProvider('deepseek')) {
[7m  [0m [91m             ~~~~~~~~~~~~~~[0m

[96msrc/modules/chat/lexmentor-ai.service.ts[0m:[93m74[0m:[93m14[0m - [91merror[0m[90m TS2339: [0mProperty 'cooldownProviderIfQuotaError' does not exist on type 'LexMentorAiService'.

[7m74[0m         this.cooldownProviderIfQuotaError('deepseek', message);
[7m  [0m [91m             ~~~~~~~~~~~~~~~~~~~~~~~~~~~~[0m

[96msrc/modules/chat/lexmentor-ai.service.ts[0m:[93m81[0m:[93m14[0m - [91merror[0m[90m TS2339: [0mProperty 'canTryProvider' does not exist on type 'LexMentorAiService'.

[7m81[0m     if (this.canTryProvider('gemini')) {
[7m  [0m [91m             ~~~~~~~~~~~~~~[0m

[96msrc/modules/chat/lexmentor-ai.service.ts[0m:[93m89[0m:[93m14[0m - [91merror[0m[90m TS2339: [0mProperty 'cooldownProviderIfQuotaError' does not exist on type 'LexMentorAiService'.

[7m89[0m         this.cooldownProviderIfQuotaError('gemini', message);
[7m  [0m [91m             ~~~~~~~~~~~~~~~~~~~~~~~~~~~~[0m

[96msrc/modules/chat/lexmentor-ai.service.ts[0m:[93m96[0m:[93m14[0m - [91merror[0m[90m TS2339: [0mProperty 'canTryProvider' does not exist on type 'LexMentorAiService'.

[7m96[0m     if (this.canTryProvider('openai')) {
[7m  [0m [91m             ~~~~~~~~~~~~~~[0m

[96msrc/modules/chat/lexmentor-ai.service.ts[0m:[93m104[0m:[93m14[0m - [91merror[0m[90m TS2339: [0mProperty 'cooldownProviderIfQuotaError' does not exist on type 'LexMentorAiService'.

[7m104[0m         this.cooldownProviderIfQuotaError('openai', message);
[7m   [0m [91m             ~~~~~~~~~~~~~~~~~~~~~~~~~~~~[0m

[[90m11:25:28 pm[0m] Found 6 errors. Watching for file changes.

[2J[3J[H[[90m11:25:45 pm[0m] File change detected. Starting incremental compilation...

[[90m11:25:45 pm[0m] Found 0 errors. Watching for file changes.

[32m[Nest] 10448  - [39m09/06/2026, 11:25:46 pm [32m    LOG[39m [38;5;3m[NestFactory] [39m[32mStarting Nest application...[39m
[32m[Nest] 10448  - [39m09/06/2026, 11:25:46 pm [32m    LOG[39m [38;5;3m[InstanceLoader] [39m[32mAppModule dependencies initialized[39m[38;5;3m +28ms[39m
[32m[Nest] 10448  - [39m09/06/2026, 11:25:46 pm [32m    LOG[39m [38;5;3m[InstanceLoader] [39m[32mTypeOrmModule dependencies initialized[39m[38;5;3m +0ms[39m
[32m[Nest] 10448  - [39m09/06/2026, 11:25:46 pm [32m    LOG[39m [38;5;3m[InstanceLoader] [39m[32mLegalDomainModule dependencies initialized[39m[38;5;3m +1ms[39m
[32m[Nest] 10448  - [39m09/06/2026, 11:25:46 pm [32m    LOG[39m [38;5;3m[InstanceLoader] [39m[32mRetrievalModule dependencies initialized[39m[38;5;3m +0ms[39m
[32m[Nest] 10448  - [39m09/06/2026, 11:25:46 pm [32m    LOG[39m [38;5;3m[InstanceLoader] [39m[32mJudgmentModule dependencies initialized[39m[38;5;3m +1ms[39m
[32m[Nest] 10448  - [39m09/06/2026, 11:25:46 pm [32m    LOG[39m [38;5;3m[InstanceLoader] [39m[32mContractModule dependencies initialized[39m[38;5;3m +0ms[39m
[32m[Nest] 10448  - [39m09/06/2026, 11:25:46 pm [32m    LOG[39m [38;5;3m[InstanceLoader] [39m[32mIngestionModule dependencies initialized[39m[38;5;3m +0ms[39m
[32m[Nest] 10448  - [39m09/06/2026, 11:25:46 pm [32m    LOG[39m [38;5;3m[InstanceLoader] [39m[32mChatModule dependencies initialized[39m[38;5;3m +0ms[39m
[32m[Nest] 10448  - [39m09/06/2026, 11:25:46 pm [32m    LOG[39m [38;5;3m[InstanceLoader] [39m[32mTypeOrmCoreModule dependencies initialized[39m[38;5;3m +37ms[39m
[32m[Nest] 10448  - [39m09/06/2026, 11:25:46 pm [32m    LOG[39m [38;5;3m[InstanceLoader] [39m[32mTypeOrmModule dependencies initialized[39m[38;5;3m +1ms[39m
[32m[Nest] 10448  - [39m09/06/2026, 11:25:46 pm [32m    LOG[39m [38;5;3m[InstanceLoader] [39m[32mTypeOrmModule dependencies initialized[39m[38;5;3m +0ms[39m
[32m[Nest] 10448  - [39m09/06/2026, 11:25:46 pm [32m    LOG[39m [38;5;3m[InstanceLoader] [39m[32mTypeOrmModule dependencies initialized[39m[38;5;3m +0ms[39m
[32m[Nest] 10448  - [39m09/06/2026, 11:25:46 pm [32m    LOG[39m [38;5;3m[InstanceLoader] [39m[32mTypeOrmModule dependencies initialized[39m[38;5;3m +0ms[39m
[32m[Nest] 10448  - [39m09/06/2026, 11:25:46 pm [32m    LOG[39m [38;5;3m[InstanceLoader] [39m[32mFounderSecurityModule dependencies initialized[39m[38;5;3m +2ms[39m
[32m[Nest] 10448  - [39m09/06/2026, 11:25:46 pm [32m    LOG[39m [38;5;3m[InstanceLoader] [39m[32mResearchModule dependencies initialized[39m[38;5;3m +0ms[39m
[32m[Nest] 10448  - [39m09/06/2026, 11:25:46 pm [32m    LOG[39m [38;5;3m[InstanceLoader] [39m[32mNotebookModule dependencies initialized[39m[38;5;3m +0ms[39m
[32m[Nest] 10448  - [39m09/06/2026, 11:25:46 pm [32m    LOG[39m [38;5;3m[InstanceLoader] [39m[32mExamModule dependencies initialized[39m[38;5;3m +0ms[39m
[32m[Nest] 10448  - [39m09/06/2026, 11:25:46 pm [32m    LOG[39m [38;5;3m[RoutesResolver] [39m[32mJudgmentController {/api/v1/judgments}:[39m[38;5;3m +25ms[39m
[32m[Nest] 10448  - [39m09/06/2026, 11:25:46 pm [32m    LOG[39m [38;5;3m[RouterExplorer] [39m[32mMapped {/api/v1/judgments/upload, POST} route[39m[38;5;3m +3ms[39m
[32m[Nest] 10448  - [39m09/06/2026, 11:25:46 pm [32m    LOG[39m [38;5;3m[RouterExplorer] [39m[32mMapped {/api/v1/judgments/:id/structure, GET} route[39m[38;5;3m +0ms[39m
[32m[Nest] 10448  - [39m09/06/2026, 11:25:46 pm [32m    LOG[39m [38;5;3m[RouterExplorer] [39m[32mMapped {/api/v1/judgments/:id/explain, POST} route[39m[38;5;3m +1ms[39m
[32m[Nest] 10448  - [39m09/06/2026, 11:25:46 pm [32m    LOG[39m [38;5;3m[RoutesResolver] [39m[32mChatController {/api/v1/chat}:[39m[38;5;3m +0ms[39m
[32m[Nest] 10448  - [39m09/06/2026, 11:25:46 pm [32m    LOG[39m [38;5;3m[RouterExplorer] [39m[32mMapped {/api/v1/chat/message, POST} route[39m[38;5;3m +0ms[39m
[32m[Nest] 10448  - [39m09/06/2026, 11:25:46 pm [32m    LOG[39m [38;5;3m[RouterExplorer] [39m[32mMapped {/api/v1/chat/history/:sessionId, GET} route[39m[38;5;3m +1ms[39m
[32m[Nest] 10448  - [39m09/06/2026, 11:25:46 pm [32m    LOG[39m [38;5;3m[RouterExplorer] [39m[32mMapped {/api/v1/chat/history/:sessionId, DELETE} route[39m[38;5;3m +0ms[39m
[32m[Nest] 10448  - [39m09/06/2026, 11:25:46 pm [32m    LOG[39m [38;5;3m[RouterExplorer] [39m[32mMapped {/api/v1/chat/search, POST} route[39m[38;5;3m +0ms[39m
[32m[Nest] 10448  - [39m09/06/2026, 11:25:46 pm [32m    LOG[39m [38;5;3m[RouterExplorer] [39m[32mMapped {/api/v1/chat/citations/:messageId, GET} route[39m[38;5;3m +1ms[39m
[32m[Nest] 10448  - [39m09/06/2026, 11:25:46 pm [32m    LOG[39m [38;5;3m[RoutesResolver] [39m[32mContractController {/api/v1/contracts}:[39m[38;5;3m +0ms[39m
[32m[Nest] 10448  - [39m09/06/2026, 11:25:46 pm [32m    LOG[39m [38;5;3m[RouterExplorer] [39m[32mMapped {/api/v1/contracts/review, POST} route[39m[38;5;3m +0ms[39m
[32m[Nest] 10448  - [39m09/06/2026, 11:25:46 pm [32m    LOG[39m [38;5;3m[RouterExplorer] [39m[32mMapped {/api/v1/contracts/:id/risks, GET} route[39m[38;5;3m +1ms[39m
[32m[Nest] 10448  - [39m09/06/2026, 11:25:46 pm [32m    LOG[39m [38;5;3m[RouterExplorer] [39m[32mMapped {/api/v1/contracts/:id/clauses, POST} route[39m[38;5;3m +0ms[39m
[32m[Nest] 10448  - [39m09/06/2026, 11:25:46 pm [32m    LOG[39m [38;5;3m[RoutesResolver] [39m[32mNotebookController {/api/v1/notebook}:[39m[38;5;3m +0ms[39m
[32m[Nest] 10448  - [39m09/06/2026, 11:25:46 pm [32m    LOG[39m [38;5;3m[RouterExplorer] [39m[32mMapped {/api/v1/notebook/documents, GET} route[39m[38;5;3m +1ms[39m
[32m[Nest] 10448  - [39m09/06/2026, 11:25:46 pm [32m    LOG[39m [38;5;3m[RouterExplorer] [39m[32mMapped {/api/v1/notebook/documents/:id, GET} route[39m[38;5;3m +0ms[39m
[32m[Nest] 10448  - [39m09/06/2026, 11:25:46 pm [32m    LOG[39m [38;5;3m[RouterExplorer] [39m[32mMapped {/api/v1/notebook/documents/:id/preview, GET} route[39m[38;5;3m +0ms[39m
[32m[Nest] 10448  - [39m09/06/2026, 11:25:46 pm [32m    LOG[39m [38;5;3m[RouterExplorer] [39m[32mMapped {/api/v1/notebook/documents/:id/file, GET} route[39m[38;5;3m +1ms[39m
[32m[Nest] 10448  - [39m09/06/2026, 11:25:46 pm [32m    LOG[39m [38;5;3m[RouterExplorer] [39m[32mMapped {/api/v1/notebook/documents/:id/chunks, GET} route[39m[38;5;3m +0ms[39m
[32m[Nest] 10448  - [39m09/06/2026, 11:25:46 pm [32m    LOG[39m [38;5;3m[RouterExplorer] [39m[32mMapped {/api/v1/notebook/documents/:id/chat-history, GET} route[39m[38;5;3m +0ms[39m
[32m[Nest] 10448  - [39m09/06/2026, 11:25:46 pm [32m    LOG[39m [38;5;3m[RouterExplorer] [39m[32mMapped {/api/v1/notebook/documents/:id/reprocess, POST} route[39m[38;5;3m +0ms[39m
[32m[Nest] 10448  - [39m09/06/2026, 11:25:46 pm [32m    LOG[39m [38;5;3m[RouterExplorer] [39m[32mMapped {/api/v1/notebook/documents/:id/extraction, GET} route[39m[38;5;3m +1ms[39m
[32m[Nest] 10448  - [39m09/06/2026, 11:25:46 pm [32m    LOG[39m [38;5;3m[RouterExplorer] [39m[32mMapped {/api/v1/notebook/documents/:id/extraction, POST} route[39m[38;5;3m +0ms[39m
[32m[Nest] 10448  - [39m09/06/2026, 11:25:46 pm [32m    LOG[39m [38;5;3m[RouterExplorer] [39m[32mMapped {/api/v1/notebook/documents/:id/study-forge/generate, POST} route[39m[38;5;3m +0ms[39m
[32m[Nest] 10448  - [39m09/06/2026, 11:25:46 pm [32m    LOG[39m [38;5;3m[RouterExplorer] [39m[32mMapped {/api/v1/notebook/documents/:id/study-forge/flashcards/:cardId/rate, POST} route[39m[38;5;3m +0ms[39m
[32m[Nest] 10448  - [39m09/06/2026, 11:25:46 pm [32m    LOG[39m [38;5;3m[RouterExplorer] [39m[32mMapped {/api/v1/notebook/documents/:id/study-forge/quiz-attempt, POST} route[39m[38;5;3m +1ms[39m
[32m[Nest] 10448  - [39m09/06/2026, 11:25:46 pm [32m    LOG[39m [38;5;3m[RouterExplorer] [39m[32mMapped {/api/v1/notebook/graph, GET} route[39m[38;5;3m +0ms[39m
[32m[Nest] 10448  - [39m09/06/2026, 11:25:46 pm [32m    LOG[39m [38;5;3m[RouterExplorer] [39m[32mMapped {/api/v1/notebook/search, GET} route[39m[38;5;3m +1ms[39m
[32m[Nest] 10448  - [39m09/06/2026, 11:25:46 pm [32m    LOG[39m [38;5;3m[RouterExplorer] [39m[32mMapped {/api/v1/notebook/documents/:id, DELETE} route[39m[38;5;3m +0ms[39m
[32m[Nest] 10448  - [39m09/06/2026, 11:25:46 pm [32m    LOG[39m [38;5;3m[RouterExplorer] [39m[32mMapped {/api/v1/notebook/upload, POST} route[39m[38;5;3m +0ms[39m
[32m[Nest] 10448  - [39m09/06/2026, 11:25:46 pm [32m    LOG[39m [38;5;3m[RouterExplorer] [39m[32mMapped {/api/v1/notebook/chat, POST} route[39m[38;5;3m +1ms[39m
[32m[Nest] 10448  - [39m09/06/2026, 11:25:46 pm [32m    LOG[39m [38;5;3m[RoutesResolver] [39m[32mResearchController {/api/v1/research}:[39m[38;5;3m +0ms[39m
[32m[Nest] 10448  - [39m09/06/2026, 11:25:46 pm [32m    LOG[39m [38;5;3m[RouterExplorer] [39m[32mMapped {/api/v1/research/query, POST} route[39m[38;5;3m +0ms[39m
[32m[Nest] 10448  - [39m09/06/2026, 11:25:46 pm [32m    LOG[39m [38;5;3m[RouterExplorer] [39m[32mMapped {/api/v1/research/query/all, GET} route[39m[38;5;3m +0ms[39m
[32m[Nest] 10448  - [39m09/06/2026, 11:25:46 pm [32m    LOG[39m [38;5;3m[RouterExplorer] [39m[32mMapped {/api/v1/research/query/:id, GET} route[39m[38;5;3m +1ms[39m
[32m[Nest] 10448  - [39m09/06/2026, 11:25:46 pm [32m    LOG[39m [38;5;3m[RouterExplorer] [39m[32mMapped {/api/v1/research/report, POST} route[39m[38;5;3m +0ms[39m
[32m[Nest] 10448  - [39m09/06/2026, 11:25:46 pm [32m    LOG[39m [38;5;3m[RouterExplorer] [39m[32mMapped {/api/v1/research/report/:id, GET} route[39m[38;5;3m +0ms[39m
[32m[Nest] 10448  - [39m09/06/2026, 11:25:46 pm [32m    LOG[39m [38;5;3m[RouterExplorer] [39m[32mMapped {/api/v1/research/report/:id, PUT} route[39m[38;5;3m +0ms[39m
[32m[Nest] 10448  - [39m09/06/2026, 11:25:46 pm [32m    LOG[39m [38;5;3m[RouterExplorer] [39m[32mMapped {/api/v1/research/report/:id, DELETE} route[39m[38;5;3m +1ms[39m
[32m[Nest] 10448  - [39m09/06/2026, 11:25:46 pm [32m    LOG[39m [38;5;3m[RouterExplorer] [39m[32mMapped {/api/v1/research/note, POST} route[39m[38;5;3m +0ms[39m
[32m[Nest] 10448  - [39m09/06/2026, 11:25:46 pm [32m    LOG[39m [38;5;3m[RouterExplorer] [39m[32mMapped {/api/v1/research/note/:id, GET} route[39m[38;5;3m +0ms[39m
[32m[Nest] 10448  - [39m09/06/2026, 11:25:46 pm [32m    LOG[39m [38;5;3m[RouterExplorer] [39m[32mMapped {/api/v1/research/note/:id, PUT} route[39m[38;5;3m +0ms[39m
[32m[Nest] 10448  - [39m09/06/2026, 11:25:46 pm [32m    LOG[39m [38;5;3m[RouterExplorer] [39m[32mMapped {/api/v1/research/note/:id, DELETE} route[39m[38;5;3m +1ms[39m
[32m[Nest] 10448  - [39m09/06/2026, 11:25:46 pm [32m    LOG[39m [38;5;3m[RouterExplorer] [39m[32mMapped {/api/v1/research/source, POST} route[39m[38;5;3m +0ms[39m
[32m[Nest] 10448  - [39m09/06/2026, 11:25:46 pm [32m    LOG[39m [38;5;3m[RouterExplorer] [39m[32mMapped {/api/v1/research/source/:id, GET} route[39m[38;5;3m +0ms[39m
[32m[Nest] 10448  - [39m09/06/2026, 11:25:46 pm [32m    LOG[39m [38;5;3m[RouterExplorer] [39m[32mMapped {/api/v1/research/source/:id, DELETE} route[39m[38;5;3m +0ms[39m
[32m[Nest] 10448  - [39m09/06/2026, 11:25:46 pm [32m    LOG[39m [38;5;3m[RouterExplorer] [39m[32mMapped {/api/v1/research/save, POST} route[39m[38;5;3m +0ms[39m
[32m[Nest] 10448  - [39m09/06/2026, 11:25:46 pm [32m    LOG[39m [38;5;3m[RouterExplorer] [39m[32mMapped {/api/v1/research/save/all, GET} route[39m[38;5;3m +1ms[39m
[32m[Nest] 10448  - [39m09/06/2026, 11:25:46 pm [32m    LOG[39m [38;5;3m[RouterExplorer] [39m[32mMapped {/api/v1/research/save/:id, DELETE} route[39m[38;5;3m +0ms[39m
[32m[Nest] 10448  - [39m09/06/2026, 11:25:46 pm [32m    LOG[39m [38;5;3m[RouterExplorer] [39m[32mMapped {/api/v1/research/asset, POST} route[39m[38;5;3m +0ms[39m
[32m[Nest] 10448  - [39m09/06/2026, 11:25:46 pm [32m    LOG[39m [38;5;3m[RouterExplorer] [39m[32mMapped {/api/v1/research/upload, POST} route[39m[38;5;3m +0ms[39m
[32m[Nest] 10448  - [39m09/06/2026, 11:25:46 pm [32m    LOG[39m [38;5;3m[RouterExplorer] [39m[32mMapped {/api/v1/research/documents/:queryId, GET} route[39m[38;5;3m +1ms[39m
[32m[Nest] 10448  - [39m09/06/2026, 11:25:46 pm [32m    LOG[39m [38;5;3m[RouterExplorer] [39m[32mMapped {/api/v1/research/generate, POST} route[39m[38;5;3m +0ms[39m
[32m[Nest] 10448  - [39m09/06/2026, 11:25:46 pm [32m    LOG[39m [38;5;3m[RouterExplorer] [39m[32mMapped {/api/v1/research/challenge, POST} route[39m[38;5;3m +0ms[39m
[32m[Nest] 10448  - [39m09/06/2026, 11:25:46 pm [32m    LOG[39m [38;5;3m[RoutesResolver] [39m[32mIngestionController {/api/v1/ingestion}:[39m[38;5;3m +0ms[39m
[32m[Nest] 10448  - [39m09/06/2026, 11:25:46 pm [32m    LOG[39m [38;5;3m[RouterExplorer] [39m[32mMapped {/api/v1/ingestion/status, GET} route[39m[38;5;3m +1ms[39m
[32m[Nest] 10448  - [39m09/06/2026, 11:25:46 pm [32m    LOG[39m [38;5;3m[RouterExplorer] [39m[32mMapped {/api/v1/ingestion/init-collections, POST} route[39m[38;5;3m +0ms[39m
[32m[Nest] 10448  - [39m09/06/2026, 11:25:46 pm [32m    LOG[39m [38;5;3m[RouterExplorer] [39m[32mMapped {/api/v1/ingestion/ingest, POST} route[39m[38;5;3m +0ms[39m
[32m[Nest] 10448  - [39m09/06/2026, 11:25:46 pm [32m    LOG[39m [38;5;3m[RouterExplorer] [39m[32mMapped {/api/v1/ingestion/ingest-text, POST} route[39m[38;5;3m +0ms[39m
[32m[Nest] 10448  - [39m09/06/2026, 11:25:46 pm [32m    LOG[39m [38;5;3m[RouterExplorer] [39m[32mMapped {/api/v1/ingestion/ingest-batch, POST} route[39m[38;5;3m +0ms[39m
[32m[Nest] 10448  - [39m09/06/2026, 11:25:46 pm [32m    LOG[39m [38;5;3m[RoutesResolver] [39m[32mExamController {/api/v1/exam}:[39m[38;5;3m +1ms[39m
[32m[Nest] 10448  - [39m09/06/2026, 11:25:46 pm [32m    LOG[39m [38;5;3m[RouterExplorer] [39m[32mMapped {/api/v1/exam, POST} route[39m[38;5;3m +0ms[39m
[32m[Nest] 10448  - [39m09/06/2026, 11:25:46 pm [32m    LOG[39m [38;5;3m[RouterExplorer] [39m[32mMapped {/api/v1/exam, GET} route[39m[38;5;3m +0ms[39m
[32m[Nest] 10448  - [39m09/06/2026, 11:25:46 pm [32m    LOG[39m [38;5;3m[RouterExplorer] [39m[32mMapped {/api/v1/exam/:id, GET} route[39m[38;5;3m +0ms[39m
[32m[Nest] 10448  - [39m09/06/2026, 11:25:46 pm [32m    LOG[39m [38;5;3m[RouterExplorer] [39m[32mMapped {/api/v1/exam/:id/mock, POST} route[39m[38;5;3m +1ms[39m
[32m[Nest] 10448  - [39m09/06/2026, 11:25:46 pm [32m    LOG[39m [38;5;3m[RouterExplorer] [39m[32mMapped {/api/v1/exam/assistant, POST} route[39m[38;5;3m +0ms[39m
[32m[Nest] 10448  - [39m09/06/2026, 11:25:46 pm [32m    LOG[39m [38;5;3m[RouterExplorer] [39m[32mMapped {/api/v1/exam/dashboard/recommendations, GET} route[39m[38;5;3m +0ms[39m
[32m[Nest] 10448  - [39m09/06/2026, 11:25:46 pm [32m    LOG[39m [38;5;3m[RouterExplorer] [39m[32mMapped {/api/v1/exam/doubt-solve, POST} route[39m[38;5;3m +0ms[39m
[32m[Nest] 10448  - [39m09/06/2026, 11:25:46 pm [32m    LOG[39m [38;5;3m[RouterExplorer] [39m[32mMapped {/api/v1/exam/oauth-tokens, POST} route[39m[38;5;3m +1ms[39m
[32m[Nest] 10448  - [39m09/06/2026, 11:25:46 pm [32m    LOG[39m [38;5;3m[RouterExplorer] [39m[32mMapped {/api/v1/exam/dashboard/notifications, GET} route[39m[38;5;3m +0ms[39m
[32m[Nest] 10448  - [39m09/06/2026, 11:25:46 pm [32m    LOG[39m [38;5;3m[RouterExplorer] [39m[32mMapped {/api/v1/exam/dashboard/notifications/read, POST} route[39m[38;5;3m +0ms[39m
[32m[Nest] 10448  - [39m09/06/2026, 11:25:46 pm [32m    LOG[39m [38;5;3m[RouterExplorer] [39m[32mMapped {/api/v1/exam/calendar/events, GET} route[39m[38;5;3m +0ms[39m
[32m[Nest] 10448  - [39m09/06/2026, 11:25:46 pm [32m    LOG[39m [38;5;3m[RouterExplorer] [39m[32mMapped {/api/v1/exam/calendar/events, POST} route[39m[38;5;3m +1ms[39m
[32m[Nest] 10448  - [39m09/06/2026, 11:25:46 pm [32m    LOG[39m [38;5;3m[RoutesResolver] [39m[32mFounderSecurityController {/api/v1/founder-security}:[39m[38;5;3m +0ms[39m
[32m[Nest] 10448  - [39m09/06/2026, 11:25:46 pm [32m    LOG[39m [38;5;3m[RouterExplorer] [39m[32mMapped {/api/v1/founder-security/settings, GET} route[39m[38;5;3m +0ms[39m
[32m[Nest] 10448  - [39m09/06/2026, 11:25:46 pm [32m    LOG[39m [38;5;3m[RouterExplorer] [39m[32mMapped {/api/v1/founder-security/settings, PUT} route[39m[38;5;3m +0ms[39m
[32m[Nest] 10448  - [39m09/06/2026, 11:25:46 pm [32m    LOG[39m [38;5;3m[RouterExplorer] [39m[32mMapped {/api/v1/founder-security/events, GET} route[39m[38;5;3m +1ms[39m
[32m[Nest] 10448  - [39m09/06/2026, 11:25:46 pm [32m    LOG[39m [38;5;3m[RouterExplorer] [39m[32mMapped {/api/v1/founder-security/events, POST} route[39m[38;5;3m +0ms[39m
[32m[Nest] 10448  - [39m09/06/2026, 11:25:46 pm [32m    LOG[39m [38;5;3m[RouterExplorer] [39m[32mMapped {/api/v1/founder-security/clear-locks, GET} route[39m[38;5;3m +0ms[39m
[32m[Nest] 10448  - [39m09/06/2026, 11:25:46 pm [32m    LOG[39m [38;5;3m[RouterExplorer] [39m[32mMapped {/api/v1/founder-security/admin-login, POST} route[39m[38;5;3m +0ms[39m
[32m[Nest] 10448  - [39m09/06/2026, 11:25:46 pm [32m    LOG[39m [38;5;3m[RouterExplorer] [39m[32mMapped {/api/v1/founder-security/verify-question, POST} route[39m[38;5;3m +1ms[39m
[32m[Nest] 10448  - [39m09/06/2026, 11:25:46 pm [32m    LOG[39m [38;5;3m[RouterExplorer] [39m[32mMapped {/api/v1/founder-security/login-approve, GET} route[39m[38;5;3m +0ms[39m
[32m[Nest] 10448  - [39m09/06/2026, 11:25:46 pm [32m    LOG[39m [38;5;3m[RouterExplorer] [39m[32mMapped {/api/v1/founder-security/login-reject, GET} route[39m[38;5;3m +0ms[39m
[32m[Nest] 10448  - [39m09/06/2026, 11:25:46 pm [32m    LOG[39m [38;5;3m[RouterExplorer] [39m[32mMapped {/api/v1/founder-security/login-status, GET} route[39m[38;5;3m +0ms[39m
[32m[Nest] 10448  - [39m09/06/2026, 11:25:46 pm [32m    LOG[39m [38;5;3m[RoutesResolver] [39m[32mSecurityTestController {/api/v1/api/security}:[39m[38;5;3m +0ms[39m
[32m[Nest] 10448  - [39m09/06/2026, 11:25:46 pm [32m    LOG[39m [38;5;3m[RouterExplorer] [39m[32mMapped {/api/security/test-email, GET} route[39m[38;5;3m +1ms[39m
[32m[Nest] 10448  - [39m09/06/2026, 11:25:46 pm [32m    LOG[39m [38;5;3m[RouterExplorer] [39m[32mMapped {/api/security/test-email, POST} route[39m[38;5;3m +0ms[39m
[32m[Nest] 10448  - [39m09/06/2026, 11:25:46 pm [32m    LOG[39m [38;5;3m[QdrantService] [39m[32mInitializing Qdrant client with URL: https://dd284eb5-9c7e-4f0e-92fd-815f87684ce0.us-west-1-0.aws.cloud.qdrant.io[39m
[32m[Nest] 10448  - [39m09/06/2026, 11:25:46 pm [32m    LOG[39m [38;5;3m[QdrantService] [39m[32mTesting Qdrant connection...[39m
[32m[Nest] 10448  - [39m09/06/2026, 11:25:46 pm [32m    LOG[39m [38;5;3m[BgeM3Provider] [39m[32mInitializing BGE-M3 provider → http://localhost:8100[39m
[32m[Nest] 10448  - [39m09/06/2026, 11:25:46 pm [32m    LOG[39m [38;5;3m[NestApplication] [39m[32mNest application successfully started[39m[38;5;3m +8ms[39m
[LEGATRIXON SERVER] NestJS Engine running on: http://localhost:4000/api/v1
[33m[Nest] 10448  - [39m09/06/2026, 11:25:46 pm [33m   WARN[39m [38;5;3m[BgeM3Provider] [39m[33mBGE-M3 sidecar unreachable at http://localhost:8100: . Embeddings will fail until the sidecar is started.[39m
[32m[Nest] 10448  - [39m09/06/2026, 11:25:47 pm [32m    LOG[39m [38;5;3m[QdrantService] [39m[32mSuccessfully connected to Qdrant.[39m
[32m[Nest] 10448  - [39m09/06/2026, 11:25:48 pm [32m    LOG[39m [38;5;3m[QdrantService] [39m[32mCollection judgments already exists.[39m
[32m[Nest] 10448  - [39m09/06/2026, 11:25:48 pm [32m    LOG[39m [38;5;3m[QdrantService] [39m[32mCollection acts already exists.[39m
[32m[Nest] 10448  - [39m09/06/2026, 11:25:48 pm [32m    LOG[39m [38;5;3m[QdrantService] [39m[32mCollection research_papers already exists.[39m
[32m[Nest] 10448  - [39m09/06/2026, 11:25:48 pm [32m    LOG[39m [38;5;3m[QdrantService] [39m[32mCollection law_commission_reports already exists.[39m
[32m[Nest] 10448  - [39m09/06/2026, 11:25:49 pm [32m    LOG[39m [38;5;3m[QdrantService] [39m[32mCollection user_documents already exists.[39m
[2J[3J[H[[90m11:25:58 pm[0m] File change detected. Starting incremental compilation...

[[90m11:25:58 pm[0m] Found 0 errors. Watching for file changes.

[32m[Nest] 24496  - [39m09/06/2026, 11:26:00 pm [32m    LOG[39m [38;5;3m[NestFactory] [39m[32mStarting Nest application...[39m
[32m[Nest] 24496  - [39m09/06/2026, 11:26:00 pm [32m    LOG[39m [38;5;3m[InstanceLoader] [39m[32mAppModule dependencies initialized[39m[38;5;3m +25ms[39m
[32m[Nest] 24496  - [39m09/06/2026, 11:26:00 pm [32m    LOG[39m [38;5;3m[InstanceLoader] [39m[32mTypeOrmModule dependencies initialized[39m[38;5;3m +1ms[39m
[32m[Nest] 24496  - [39m09/06/2026, 11:26:00 pm [32m    LOG[39m [38;5;3m[InstanceLoader] [39m[32mLegalDomainModule dependencies initialized[39m[38;5;3m +0ms[39m
[32m[Nest] 24496  - [39m09/06/2026, 11:26:00 pm [32m    LOG[39m [38;5;3m[InstanceLoader] [39m[32mRetrievalModule dependencies initialized[39m[38;5;3m +1ms[39m
[32m[Nest] 24496  - [39m09/06/2026, 11:26:00 pm [32m    LOG[39m [38;5;3m[InstanceLoader] [39m[32mJudgmentModule dependencies initialized[39m[38;5;3m +0ms[39m
[32m[Nest] 24496  - [39m09/06/2026, 11:26:00 pm [32m    LOG[39m [38;5;3m[InstanceLoader] [39m[32mContractModule dependencies initialized[39m[38;5;3m +0ms[39m
[32m[Nest] 24496  - [39m09/06/2026, 11:26:00 pm [32m    LOG[39m [38;5;3m[InstanceLoader] [39m[32mIngestionModule dependencies initialized[39m[38;5;3m +1ms[39m
[32m[Nest] 24496  - [39m09/06/2026, 11:26:00 pm [32m    LOG[39m [38;5;3m[InstanceLoader] [39m[32mChatModule dependencies initialized[39m[38;5;3m +0ms[39m
[32m[Nest] 24496  - [39m09/06/2026, 11:26:00 pm [32m    LOG[39m [38;5;3m[InstanceLoader] [39m[32mTypeOrmCoreModule dependencies initialized[39m[38;5;3m +38ms[39m
[32m[Nest] 24496  - [39m09/06/2026, 11:26:00 pm [32m    LOG[39m [38;5;3m[InstanceLoader] [39m[32mTypeOrmModule dependencies initialized[39m[38;5;3m +1ms[39m
[32m[Nest] 24496  - [39m09/06/2026, 11:26:00 pm [32m    LOG[39m [38;5;3m[InstanceLoader] [39m[32mTypeOrmModule dependencies initialized[39m[38;5;3m +0ms[39m
[32m[Nest] 24496  - [39m09/06/2026, 11:26:00 pm [32m    LOG[39m [38;5;3m[InstanceLoader] [39m[32mTypeOrmModule dependencies initialized[39m[38;5;3m +1ms[39m
[32m[Nest] 24496  - [39m09/06/2026, 11:26:00 pm [32m    LOG[39m [38;5;3m[InstanceLoader] [39m[32mTypeOrmModule dependencies initialized[39m[38;5;3m +0ms[39m
[32m[Nest] 24496  - [39m09/06/2026, 11:26:00 pm [32m    LOG[39m [38;5;3m[InstanceLoader] [39m[32mFounderSecurityModule dependencies initialized[39m[38;5;3m +1ms[39m
[32m[Nest] 24496  - [39m09/06/2026, 11:26:00 pm [32m    LOG[39m [38;5;3m[InstanceLoader] [39m[32mResearchModule dependencies initialized[39m[38;5;3m +0ms[39m
[32m[Nest] 24496  - [39m09/06/2026, 11:26:00 pm [32m    LOG[39m [38;5;3m[InstanceLoader] [39m[32mNotebookModule dependencies initialized[39m[38;5;3m +1ms[39m
[32m[Nest] 24496  - [39m09/06/2026, 11:26:00 pm [32m    LOG[39m [38;5;3m[InstanceLoader] [39m[32mExamModule dependencies initialized[39m[38;5;3m +0ms[39m
[32m[Nest] 24496  - [39m09/06/2026, 11:26:00 pm [32m    LOG[39m [38;5;3m[RoutesResolver] [39m[32mJudgmentController {/api/v1/judgments}:[39m[38;5;3m +28ms[39m
[32m[Nest] 24496  - [39m09/06/2026, 11:26:00 pm [32m    LOG[39m [38;5;3m[RouterExplorer] [39m[32mMapped {/api/v1/judgments/upload, POST} route[39m[38;5;3m +3ms[39m
[32m[Nest] 24496  - [39m09/06/2026, 11:26:00 pm [32m    LOG[39m [38;5;3m[RouterExplorer] [39m[32mMapped {/api/v1/judgments/:id/structure, GET} route[39m[38;5;3m +1ms[39m
[32m[Nest] 24496  - [39m09/06/2026, 11:26:00 pm [32m    LOG[39m [38;5;3m[RouterExplorer] [39m[32mMapped {/api/v1/judgments/:id/explain, POST} route[39m[38;5;3m +0ms[39m
[32m[Nest] 24496  - [39m09/06/2026, 11:26:00 pm [32m    LOG[39m [38;5;3m[RoutesResolver] [39m[32mChatController {/api/v1/chat}:[39m[38;5;3m +1ms[39m
[32m[Nest] 24496  - [39m09/06/2026, 11:26:00 pm [32m    LOG[39m [38;5;3m[RouterExplorer] [39m[32mMapped {/api/v1/chat/message, POST} route[39m[38;5;3m +0ms[39m
[32m[Nest] 24496  - [39m09/06/2026, 11:26:00 pm [32m    LOG[39m [38;5;3m[RouterExplorer] [39m[32mMapped {/api/v1/chat/history/:sessionId, GET} route[39m[38;5;3m +0ms[39m
[32m[Nest] 24496  - [39m09/06/2026, 11:26:00 pm [32m    LOG[39m [38;5;3m[RouterExplorer] [39m[32mMapped {/api/v1/chat/history/:sessionId, DELETE} route[39m[38;5;3m +1ms[39m
[32m[Nest] 24496  - [39m09/06/2026, 11:26:00 pm [32m    LOG[39m [38;5;3m[RouterExplorer] [39m[32mMapped {/api/v1/chat/search, POST} route[39m[38;5;3m +0ms[39m
[32m[Nest] 24496  - [39m09/06/2026, 11:26:00 pm [32m    LOG[39m [38;5;3m[RouterExplorer] [39m[32mMapped {/api/v1/chat/citations/:messageId, GET} route[39m[38;5;3m +1ms[39m
[32m[Nest] 24496  - [39m09/06/2026, 11:26:00 pm [32m    LOG[39m [38;5;3m[RoutesResolver] [39m[32mContractController {/api/v1/contracts}:[39m[38;5;3m +0ms[39m
[32m[Nest] 24496  - [39m09/06/2026, 11:26:00 pm [32m    LOG[39m [38;5;3m[RouterExplorer] [39m[32mMapped {/api/v1/contracts/review, POST} route[39m[38;5;3m +1ms[39m
[32m[Nest] 24496  - [39m09/06/2026, 11:26:00 pm [32m    LOG[39m [38;5;3m[RouterExplorer] [39m[32mMapped {/api/v1/contracts/:id/risks, GET} route[39m[38;5;3m +0ms[39m
[32m[Nest] 24496  - [39m09/06/2026, 11:26:00 pm [32m    LOG[39m [38;5;3m[RouterExplorer] [39m[32mMapped {/api/v1/contracts/:id/clauses, POST} route[39m[38;5;3m +1ms[39m
[32m[Nest] 24496  - [39m09/06/2026, 11:26:00 pm [32m    LOG[39m [38;5;3m[RoutesResolver] [39m[32mNotebookController {/api/v1/notebook}:[39m[38;5;3m +0ms[39m
[32m[Nest] 24496  - [39m09/06/2026, 11:26:00 pm [32m    LOG[39m [38;5;3m[RouterExplorer] [39m[32mMapped {/api/v1/notebook/documents, GET} route[39m[38;5;3m +1ms[39m
[32m[Nest] 24496  - [39m09/06/2026, 11:26:00 pm [32m    LOG[39m [38;5;3m[RouterExplorer] [39m[32mMapped {/api/v1/notebook/documents/:id, GET} route[39m[38;5;3m +0ms[39m
[32m[Nest] 24496  - [39m09/06/2026, 11:26:00 pm [32m    LOG[39m [38;5;3m[RouterExplorer] [39m[32mMapped {/api/v1/notebook/documents/:id/preview, GET} route[39m[38;5;3m +0ms[39m
[32m[Nest] 24496  - [39m09/06/2026, 11:26:00 pm [32m    LOG[39m [38;5;3m[RouterExplorer] [39m[32mMapped {/api/v1/notebook/documents/:id/file, GET} route[39m[38;5;3m +1ms[39m
[32m[Nest] 24496  - [39m09/06/2026, 11:26:00 pm [32m    LOG[39m [38;5;3m[RouterExplorer] [39m[32mMapped {/api/v1/notebook/documents/:id/chunks, GET} route[39m[38;5;3m +0ms[39m
[32m[Nest] 24496  - [39m09/06/2026, 11:26:00 pm [32m    LOG[39m [38;5;3m[RouterExplorer] [39m[32mMapped {/api/v1/notebook/documents/:id/chat-history, GET} route[39m[38;5;3m +0ms[39m
[32m[Nest] 24496  - [39m09/06/2026, 11:26:00 pm [32m    LOG[39m [38;5;3m[RouterExplorer] [39m[32mMapped {/api/v1/notebook/documents/:id/reprocess, POST} route[39m[38;5;3m +1ms[39m
[32m[Nest] 24496  - [39m09/06/2026, 11:26:00 pm [32m    LOG[39m [38;5;3m[RouterExplorer] [39m[32mMapped {/api/v1/notebook/documents/:id/extraction, GET} route[39m[38;5;3m +0ms[39m
[32m[Nest] 24496  - [39m09/06/2026, 11:26:00 pm [32m    LOG[39m [38;5;3m[RouterExplorer] [39m[32mMapped {/api/v1/notebook/documents/:id/extraction, POST} route[39m[38;5;3m +0ms[39m
[32m[Nest] 24496  - [39m09/06/2026, 11:26:00 pm [32m    LOG[39m [38;5;3m[RouterExplorer] [39m[32mMapped {/api/v1/notebook/documents/:id/study-forge/generate, POST} route[39m[38;5;3m +1ms[39m
[32m[Nest] 24496  - [39m09/06/2026, 11:26:00 pm [32m    LOG[39m [38;5;3m[RouterExplorer] [39m[32mMapped {/api/v1/notebook/documents/:id/study-forge/flashcards/:cardId/rate, POST} route[39m[38;5;3m +0ms[39m
[32m[Nest] 24496  - [39m09/06/2026, 11:26:00 pm [32m    LOG[39m [38;5;3m[RouterExplorer] [39m[32mMapped {/api/v1/notebook/documents/:id/study-forge/quiz-attempt, POST} route[39m[38;5;3m +0ms[39m
[32m[Nest] 24496  - [39m09/06/2026, 11:26:00 pm [32m    LOG[39m [38;5;3m[RouterExplorer] [39m[32mMapped {/api/v1/notebook/graph, GET} route[39m[38;5;3m +1ms[39m
[32m[Nest] 24496  - [39m09/06/2026, 11:26:00 pm [32m    LOG[39m [38;5;3m[RouterExplorer] [39m[32mMapped {/api/v1/notebook/search, GET} route[39m[38;5;3m +0ms[39m
[32m[Nest] 24496  - [39m09/06/2026, 11:26:00 pm [32m    LOG[39m [38;5;3m[RouterExplorer] [39m[32mMapped {/api/v1/notebook/documents/:id, DELETE} route[39m[38;5;3m +1ms[39m
[32m[Nest] 24496  - [39m09/06/2026, 11:26:00 pm [32m    LOG[39m [38;5;3m[RouterExplorer] [39m[32mMapped {/api/v1/notebook/upload, POST} route[39m[38;5;3m +0ms[39m
[32m[Nest] 24496  - [39m09/06/2026, 11:26:00 pm [32m    LOG[39m [38;5;3m[RouterExplorer] [39m[32mMapped {/api/v1/notebook/chat, POST} route[39m[38;5;3m +0ms[39m
[32m[Nest] 24496  - [39m09/06/2026, 11:26:00 pm [32m    LOG[39m [38;5;3m[RoutesResolver] [39m[32mResearchController {/api/v1/research}:[39m[38;5;3m +1ms[39m
[32m[Nest] 24496  - [39m09/06/2026, 11:26:00 pm [32m    LOG[39m [38;5;3m[RouterExplorer] [39m[32mMapped {/api/v1/research/query, POST} route[39m[38;5;3m +0ms[39m
[32m[Nest] 24496  - [39m09/06/2026, 11:26:00 pm [32m    LOG[39m [38;5;3m[RouterExplorer] [39m[32mMapped {/api/v1/research/query/all, GET} route[39m[38;5;3m +0ms[39m
[32m[Nest] 24496  - [39m09/06/2026, 11:26:00 pm [32m    LOG[39m [38;5;3m[RouterExplorer] [39m[32mMapped {/api/v1/research/query/:id, GET} route[39m[38;5;3m +1ms[39m
[32m[Nest] 24496  - [39m09/06/2026, 11:26:00 pm [32m    LOG[39m [38;5;3m[RouterExplorer] [39m[32mMapped {/api/v1/research/report, POST} route[39m[38;5;3m +0ms[39m
[32m[Nest] 24496  - [39m09/06/2026, 11:26:00 pm [32m    LOG[39m [38;5;3m[RouterExplorer] [39m[32mMapped {/api/v1/research/report/:id, GET} route[39m[38;5;3m +0ms[39m
[32m[Nest] 24496  - [39m09/06/2026, 11:26:00 pm [32m    LOG[39m [38;5;3m[RouterExplorer] [39m[32mMapped {/api/v1/research/report/:id, PUT} route[39m[38;5;3m +0ms[39m
[32m[Nest] 24496  - [39m09/06/2026, 11:26:00 pm [32m    LOG[39m [38;5;3m[RouterExplorer] [39m[32mMapped {/api/v1/research/report/:id, DELETE} route[39m[38;5;3m +1ms[39m
[32m[Nest] 24496  - [39m09/06/2026, 11:26:00 pm [32m    LOG[39m [38;5;3m[RouterExplorer] [39m[32mMapped {/api/v1/research/note, POST} route[39m[38;5;3m +0ms[39m
[32m[Nest] 24496  - [39m09/06/2026, 11:26:00 pm [32m    LOG[39m [38;5;3m[RouterExplorer] [39m[32mMapped {/api/v1/research/note/:id, GET} route[39m[38;5;3m +1ms[39m
[32m[Nest] 24496  - [39m09/06/2026, 11:26:00 pm [32m    LOG[39m [38;5;3m[RouterExplorer] [39m[32mMapped {/api/v1/research/note/:id, PUT} route[39m[38;5;3m +0ms[39m
[32m[Nest] 24496  - [39m09/06/2026, 11:26:00 pm [32m    LOG[39m [38;5;3m[RouterExplorer] [39m[32mMapped {/api/v1/research/note/:id, DELETE} route[39m[38;5;3m +0ms[39m
[32m[Nest] 24496  - [39m09/06/2026, 11:26:00 pm [32m    LOG[39m [38;5;3m[RouterExplorer] [39m[32mMapped {/api/v1/research/source, POST} route[39m[38;5;3m +1ms[39m
[32m[Nest] 24496  - [39m09/06/2026, 11:26:00 pm [32m    LOG[39m [38;5;3m[RouterExplorer] [39m[32mMapped {/api/v1/research/source/:id, GET} route[39m[38;5;3m +0ms[39m
[32m[Nest] 24496  - [39m09/06/2026, 11:26:00 pm [32m    LOG[39m [38;5;3m[RouterExplorer] [39m[32mMapped {/api/v1/research/source/:id, DELETE} route[39m[38;5;3m +0ms[39m
[32m[Nest] 24496  - [39m09/06/2026, 11:26:00 pm [32m    LOG[39m [38;5;3m[RouterExplorer] [39m[32mMapped {/api/v1/research/save, POST} route[39m[38;5;3m +1ms[39m
[32m[Nest] 24496  - [39m09/06/2026, 11:26:00 pm [32m    LOG[39m [38;5;3m[RouterExplorer] [39m[32mMapped {/api/v1/research/save/all, GET} route[39m[38;5;3m +0ms[39m
[32m[Nest] 24496  - [39m09/06/2026, 11:26:00 pm [32m    LOG[39m [38;5;3m[RouterExplorer] [39m[32mMapped {/api/v1/research/save/:id, DELETE} route[39m[38;5;3m +0ms[39m
[32m[Nest] 24496  - [39m09/06/2026, 11:26:00 pm [32m    LOG[39m [38;5;3m[RouterExplorer] [39m[32mMapped {/api/v1/research/asset, POST} route[39m[38;5;3m +0ms[39m
[32m[Nest] 24496  - [39m09/06/2026, 11:26:00 pm [32m    LOG[39m [38;5;3m[RouterExplorer] [39m[32mMapped {/api/v1/research/upload, POST} route[39m[38;5;3m +1ms[39m
[32m[Nest] 24496  - [39m09/06/2026, 11:26:00 pm [32m    LOG[39m [38;5;3m[RouterExplorer] [39m[32mMapped {/api/v1/research/documents/:queryId, GET} route[39m[38;5;3m +0ms[39m
[32m[Nest] 24496  - [39m09/06/2026, 11:26:00 pm [32m    LOG[39m [38;5;3m[RouterExplorer] [39m[32mMapped {/api/v1/research/generate, POST} route[39m[38;5;3m +0ms[39m
[32m[Nest] 24496  - [39m09/06/2026, 11:26:00 pm [32m    LOG[39m [38;5;3m[RouterExplorer] [39m[32mMapped {/api/v1/research/challenge, POST} route[39m[38;5;3m +1ms[39m
[32m[Nest] 24496  - [39m09/06/2026, 11:26:00 pm [32m    LOG[39m [38;5;3m[RoutesResolver] [39m[32mIngestionController {/api/v1/ingestion}:[39m[38;5;3m +0ms[39m
[32m[Nest] 24496  - [39m09/06/2026, 11:26:00 pm [32m    LOG[39m [38;5;3m[RouterExplorer] [39m[32mMapped {/api/v1/ingestion/status, GET} route[39m[38;5;3m +0ms[39m
[32m[Nest] 24496  - [39m09/06/2026, 11:26:00 pm [32m    LOG[39m [38;5;3m[RouterExplorer] [39m[32mMapped {/api/v1/ingestion/init-collections, POST} route[39m[38;5;3m +1ms[39m
[32m[Nest] 24496  - [39m09/06/2026, 11:26:00 pm [32m    LOG[39m [38;5;3m[RouterExplorer] [39m[32mMapped {/api/v1/ingestion/ingest, POST} route[39m[38;5;3m +0ms[39m
[32m[Nest] 24496  - [39m09/06/2026, 11:26:00 pm [32m    LOG[39m [38;5;3m[RouterExplorer] [39m[32mMapped {/api/v1/ingestion/ingest-text, POST} route[39m[38;5;3m +0ms[39m
[32m[Nest] 24496  - [39m09/06/2026, 11:26:00 pm [32m    LOG[39m [38;5;3m[RouterExplorer] [39m[32mMapped {/api/v1/ingestion/ingest-batch, POST} route[39m[38;5;3m +1ms[39m
[32m[Nest] 24496  - [39m09/06/2026, 11:26:00 pm [32m    LOG[39m [38;5;3m[RoutesResolver] [39m[32mExamController {/api/v1/exam}:[39m[38;5;3m +0ms[39m
[32m[Nest] 24496  - [39m09/06/2026, 11:26:00 pm [32m    LOG[39m [38;5;3m[RouterExplorer] [39m[32mMapped {/api/v1/exam, POST} route[39m[38;5;3m +0ms[39m
[32m[Nest] 24496  - [39m09/06/2026, 11:26:00 pm [32m    LOG[39m [38;5;3m[RouterExplorer] [39m[32mMapped {/api/v1/exam, GET} route[39m[38;5;3m +0ms[39m
[32m[Nest] 24496  - [39m09/06/2026, 11:26:00 pm [32m    LOG[39m [38;5;3m[RouterExplorer] [39m[32mMapped {/api/v1/exam/:id, GET} route[39m[38;5;3m +1ms[39m
[32m[Nest] 24496  - [39m09/06/2026, 11:26:00 pm [32m    LOG[39m [38;5;3m[RouterExplorer] [39m[32mMapped {/api/v1/exam/:id/mock, POST} route[39m[38;5;3m +0ms[39m
[32m[Nest] 24496  - [39m09/06/2026, 11:26:00 pm [32m    LOG[39m [38;5;3m[RouterExplorer] [39m[32mMapped {/api/v1/exam/assistant, POST} route[39m[38;5;3m +0ms[39m
[32m[Nest] 24496  - [39m09/06/2026, 11:26:00 pm [32m    LOG[39m [38;5;3m[RouterExplorer] [39m[32mMapped {/api/v1/exam/dashboard/recommendations, GET} route[39m[38;5;3m +1ms[39m
[32m[Nest] 24496  - [39m09/06/2026, 11:26:00 pm [32m    LOG[39m [38;5;3m[RouterExplorer] [39m[32mMapped {/api/v1/exam/doubt-solve, POST} route[39m[38;5;3m +0ms[39m
[32m[Nest] 24496  - [39m09/06/2026, 11:26:00 pm [32m    LOG[39m [38;5;3m[RouterExplorer] [39m[32mMapped {/api/v1/exam/oauth-tokens, POST} route[39m[38;5;3m +0ms[39m
[32m[Nest] 24496  - [39m09/06/2026, 11:26:00 pm [32m    LOG[39m [38;5;3m[RouterExplorer] [39m[32mMapped {/api/v1/exam/dashboard/notifications, GET} route[39m[38;5;3m +0ms[39m
[32m[Nest] 24496  - [39m09/06/2026, 11:26:00 pm [32m    LOG[39m [38;5;3m[RouterExplorer] [39m[32mMapped {/api/v1/exam/dashboard/notifications/read, POST} route[39m[38;5;3m +1ms[39m
[32m[Nest] 24496  - [39m09/06/2026, 11:26:00 pm [32m    LOG[39m [38;5;3m[RouterExplorer] [39m[32mMapped {/api/v1/exam/calendar/events, GET} route[39m[38;5;3m +0ms[39m
[32m[Nest] 24496  - [39m09/06/2026, 11:26:00 pm [32m    LOG[39m [38;5;3m[RouterExplorer] [39m[32mMapped {/api/v1/exam/calendar/events, POST} route[39m[38;5;3m +0ms[39m
[32m[Nest] 24496  - [39m09/06/2026, 11:26:00 pm [32m    LOG[39m [38;5;3m[RoutesResolver] [39m[32mFounderSecurityController {/api/v1/founder-security}:[39m[38;5;3m +0ms[39m
[32m[Nest] 24496  - [39m09/06/2026, 11:26:00 pm [32m    LOG[39m [38;5;3m[RouterExplorer] [39m[32mMapped {/api/v1/founder-security/settings, GET} route[39m[38;5;3m +1ms[39m
[32m[Nest] 24496  - [39m09/06/2026, 11:26:00 pm [32m    LOG[39m [38;5;3m[RouterExplorer] [39m[32mMapped {/api/v1/founder-security/settings, PUT} route[39m[38;5;3m +0ms[39m
[32m[Nest] 24496  - [39m09/06/2026, 11:26:00 pm [32m    LOG[39m [38;5;3m[RouterExplorer] [39m[32mMapped {/api/v1/founder-security/events, GET} route[39m[38;5;3m +0ms[39m
[32m[Nest] 24496  - [39m09/06/2026, 11:26:00 pm [32m    LOG[39m [38;5;3m[RouterExplorer] [39m[32mMapped {/api/v1/founder-security/events, POST} route[39m[38;5;3m +0ms[39m
[32m[Nest] 24496  - [39m09/06/2026, 11:26:00 pm [32m    LOG[39m [38;5;3m[RouterExplorer] [39m[32mMapped {/api/v1/founder-security/clear-locks, GET} route[39m[38;5;3m +1ms[39m
[32m[Nest] 24496  - [39m09/06/2026, 11:26:00 pm [32m    LOG[39m [38;5;3m[RouterExplorer] [39m[32mMapped {/api/v1/founder-security/admin-login, POST} route[39m[38;5;3m +0ms[39m
[32m[Nest] 24496  - [39m09/06/2026, 11:26:00 pm [32m    LOG[39m [38;5;3m[RouterExplorer] [39m[32mMapped {/api/v1/founder-security/verify-question, POST} route[39m[38;5;3m +0ms[39m
[32m[Nest] 24496  - [39m09/06/2026, 11:26:00 pm [32m    LOG[39m [38;5;3m[RouterExplorer] [39m[32mMapped {/api/v1/founder-security/login-approve, GET} route[39m[38;5;3m +0ms[39m
[32m[Nest] 24496  - [39m09/06/2026, 11:26:00 pm [32m    LOG[39m [38;5;3m[RouterExplorer] [39m[32mMapped {/api/v1/founder-security/login-reject, GET} route[39m[38;5;3m +1ms[39m
[32m[Nest] 24496  - [39m09/06/2026, 11:26:00 pm [32m    LOG[39m [38;5;3m[RouterExplorer] [39m[32mMapped {/api/v1/founder-security/login-status, GET} route[39m[38;5;3m +0ms[39m
[32m[Nest] 24496  - [39m09/06/2026, 11:26:00 pm [32m    LOG[39m [38;5;3m[RoutesResolver] [39m[32mSecurityTestController {/api/v1/api/security}:[39m[38;5;3m +0ms[39m
[32m[Nest] 24496  - [39m09/06/2026, 11:26:00 pm [32m    LOG[39m [38;5;3m[RouterExplorer] [39m[32mMapped {/api/security/test-email, GET} route[39m[38;5;3m +0ms[39m
[32m[Nest] 24496  - [39m09/06/2026, 11:26:00 pm [32m    LOG[39m [38;5;3m[RouterExplorer] [39m[32mMapped {/api/security/test-email, POST} route[39m[38;5;3m +1ms[39m
[32m[Nest] 24496  - [39m09/06/2026, 11:26:00 pm [32m    LOG[39m [38;5;3m[QdrantService] [39m[32mInitializing Qdrant client with URL: https://dd284eb5-9c7e-4f0e-92fd-815f87684ce0.us-west-1-0.aws.cloud.qdrant.io[39m
[32m[Nest] 24496  - [39m09/06/2026, 11:26:00 pm [32m    LOG[39m [38;5;3m[QdrantService] [39m[32mTesting Qdrant connection...[39m
[32m[Nest] 24496  - [39m09/06/2026, 11:26:00 pm [32m    LOG[39m [38;5;3m[BgeM3Provider] [39m[32mInitializing BGE-M3 provider → http://localhost:8100[39m
[32m[Nest] 24496  - [39m09/06/2026, 11:26:00 pm [32m    LOG[39m [38;5;3m[NestApplication] [39m[32mNest application successfully started[39m[38;5;3m +9ms[39m
[LEGATRIXON SERVER] NestJS Engine running on: http://localhost:4000/api/v1
[33m[Nest] 24496  - [39m09/06/2026, 11:26:00 pm [33m   WARN[39m [38;5;3m[BgeM3Provider] [39m[33mBGE-M3 sidecar unreachable at http://localhost:8100: . Embeddings will fail until the sidecar is started.[39m
[32m[Nest] 24496  - [39m09/06/2026, 11:26:01 pm [32m    LOG[39m [38;5;3m[QdrantService] [39m[32mSuccessfully connected to Qdrant.[39m
[32m[Nest] 24496  - [39m09/06/2026, 11:26:01 pm [32m    LOG[39m [38;5;3m[QdrantService] [39m[32mCollection judgments already exists.[39m
[32m[Nest] 24496  - [39m09/06/2026, 11:26:02 pm [32m    LOG[39m [38;5;3m[QdrantService] [39m[32mCollection acts already exists.[39m
[32m[Nest] 24496  - [39m09/06/2026, 11:26:02 pm [32m    LOG[39m [38;5;3m[QdrantService] [39m[32mCollection research_papers already exists.[39m
[32m[Nest] 24496  - [39m09/06/2026, 11:26:03 pm [32m    LOG[39m [38;5;3m[QdrantService] [39m[32mCollection law_commission_reports already exists.[39m
[32m[Nest] 24496  - [39m09/06/2026, 11:26:04 pm [32m    LOG[39m [38;5;3m[QdrantService] [39m[32mCollection user_documents already exists.[39m
[2J[3J[H[[90m11:26:13 pm[0m] File change detected. Starting incremental compilation...

[[90m11:26:14 pm[0m] Found 0 errors. Watching for file changes.

[32m[Nest] 14720  - [39m09/06/2026, 11:26:16 pm [32m    LOG[39m [38;5;3m[NestFactory] [39m[32mStarting Nest application...[39m
[32m[Nest] 14720  - [39m09/06/2026, 11:26:16 pm [32m    LOG[39m [38;5;3m[InstanceLoader] [39m[32mAppModule dependencies initialized[39m[38;5;3m +25ms[39m
[32m[Nest] 14720  - [39m09/06/2026, 11:26:16 pm [32m    LOG[39m [38;5;3m[InstanceLoader] [39m[32mTypeOrmModule dependencies initialized[39m[38;5;3m +0ms[39m
[32m[Nest] 14720  - [39m09/06/2026, 11:26:16 pm [32m    LOG[39m [38;5;3m[InstanceLoader] [39m[32mLegalDomainModule dependencies initialized[39m[38;5;3m +1ms[39m
[32m[Nest] 14720  - [39m09/06/2026, 11:26:16 pm [32m    LOG[39m [38;5;3m[InstanceLoader] [39m[32mRetrievalModule dependencies initialized[39m[38;5;3m +0ms[39m
[32m[Nest] 14720  - [39m09/06/2026, 11:26:16 pm [32m    LOG[39m [38;5;3m[InstanceLoader] [39m[32mJudgmentModule dependencies initialized[39m[38;5;3m +1ms[39m
[32m[Nest] 14720  - [39m09/06/2026, 11:26:16 pm [32m    LOG[39m [38;5;3m[InstanceLoader] [39m[32mContractModule dependencies initialized[39m[38;5;3m +0ms[39m
[32m[Nest] 14720  - [39m09/06/2026, 11:26:16 pm [32m    LOG[39m [38;5;3m[InstanceLoader] [39m[32mIngestionModule dependencies initialized[39m[38;5;3m +0ms[39m
[32m[Nest] 14720  - [39m09/06/2026, 11:26:16 pm [32m    LOG[39m [38;5;3m[InstanceLoader] [39m[32mChatModule dependencies initialized[39m[38;5;3m +0ms[39m
[32m[Nest] 14720  - [39m09/06/2026, 11:26:16 pm [32m    LOG[39m [38;5;3m[InstanceLoader] [39m[32mTypeOrmCoreModule dependencies initialized[39m[38;5;3m +38ms[39m
[32m[Nest] 14720  - [39m09/06/2026, 11:26:16 pm [32m    LOG[39m [38;5;3m[InstanceLoader] [39m[32mTypeOrmModule dependencies initialized[39m[38;5;3m +1ms[39m
[32m[Nest] 14720  - [39m09/06/2026, 11:26:16 pm [32m    LOG[39m [38;5;3m[InstanceLoader] [39m[32mTypeOrmModule dependencies initialized[39m[38;5;3m +0ms[39m
[32m[Nest] 14720  - [39m09/06/2026, 11:26:16 pm [32m    LOG[39m [38;5;3m[InstanceLoader] [39m[32mTypeOrmModule dependencies initialized[39m[38;5;3m +0ms[39m
[32m[Nest] 14720  - [39m09/06/2026, 11:26:16 pm [32m    LOG[39m [38;5;3m[InstanceLoader] [39m[32mTypeOrmModule dependencies initialized[39m[38;5;3m +0ms[39m
[32m[Nest] 14720  - [39m09/06/2026, 11:26:16 pm [32m    LOG[39m [38;5;3m[InstanceLoader] [39m[32mFounderSecurityModule dependencies initialized[39m[38;5;3m +2ms[39m
[32m[Nest] 14720  - [39m09/06/2026, 11:26:16 pm [32m    LOG[39m [38;5;3m[InstanceLoader] [39m[32mResearchModule dependencies initialized[39m[38;5;3m +0ms[39m
[32m[Nest] 14720  - [39m09/06/2026, 11:26:16 pm [32m    LOG[39m [38;5;3m[InstanceLoader] [39m[32mNotebookModule dependencies initialized[39m[38;5;3m +0ms[39m
[32m[Nest] 14720  - [39m09/06/2026, 11:26:16 pm [32m    LOG[39m [38;5;3m[InstanceLoader] [39m[32mExamModule dependencies initialized[39m[38;5;3m +0ms[39m
[32m[Nest] 14720  - [39m09/06/2026, 11:26:16 pm [32m    LOG[39m [38;5;3m[RoutesResolver] [39m[32mJudgmentController {/api/v1/judgments}:[39m[38;5;3m +25ms[39m
[32m[Nest] 14720  - [39m09/06/2026, 11:26:16 pm [32m    LOG[39m [38;5;3m[RouterExplorer] [39m[32mMapped {/api/v1/judgments/upload, POST} route[39m[38;5;3m +2ms[39m
[32m[Nest] 14720  - [39m09/06/2026, 11:26:16 pm [32m    LOG[39m [38;5;3m[RouterExplorer] [39m[32mMapped {/api/v1/judgments/:id/structure, GET} route[39m[38;5;3m +1ms[39m
[32m[Nest] 14720  - [39m09/06/2026, 11:26:16 pm [32m    LOG[39m [38;5;3m[RouterExplorer] [39m[32mMapped {/api/v1/judgments/:id/explain, POST} route[39m[38;5;3m +0ms[39m
[32m[Nest] 14720  - [39m09/06/2026, 11:26:16 pm [32m    LOG[39m [38;5;3m[RoutesResolver] [39m[32mChatController {/api/v1/chat}:[39m[38;5;3m +0ms[39m
[32m[Nest] 14720  - [39m09/06/2026, 11:26:16 pm [32m    LOG[39m [38;5;3m[RouterExplorer] [39m[32mMapped {/api/v1/chat/message, POST} route[39m[38;5;3m +1ms[39m
[32m[Nest] 14720  - [39m09/06/2026, 11:26:16 pm [32m    LOG[39m [38;5;3m[RouterExplorer] [39m[32mMapped {/api/v1/chat/history/:sessionId, GET} route[39m[38;5;3m +0ms[39m
[32m[Nest] 14720  - [39m09/06/2026, 11:26:16 pm [32m    LOG[39m [38;5;3m[RouterExplorer] [39m[32mMapped {/api/v1/chat/history/:sessionId, DELETE} route[39m[38;5;3m +0ms[39m
[32m[Nest] 14720  - [39m09/06/2026, 11:26:16 pm [32m    LOG[39m [38;5;3m[RouterExplorer] [39m[32mMapped {/api/v1/chat/search, POST} route[39m[38;5;3m +1ms[39m
[32m[Nest] 14720  - [39m09/06/2026, 11:26:16 pm [32m    LOG[39m [38;5;3m[RouterExplorer] [39m[32mMapped {/api/v1/chat/citations/:messageId, GET} route[39m[38;5;3m +0ms[39m
[32m[Nest] 14720  - [39m09/06/2026, 11:26:16 pm [32m    LOG[39m [38;5;3m[RoutesResolver] [39m[32mContractController {/api/v1/contracts}:[39m[38;5;3m +1ms[39m
[32m[Nest] 14720  - [39m09/06/2026, 11:26:16 pm [32m    LOG[39m [38;5;3m[RouterExplorer] [39m[32mMapped {/api/v1/contracts/review, POST} route[39m[38;5;3m +1ms[39m
[32m[Nest] 14720  - [39m09/06/2026, 11:26:16 pm [32m    LOG[39m [38;5;3m[RouterExplorer] [39m[32mMapped {/api/v1/contracts/:id/risks, GET} route[39m[38;5;3m +1ms[39m
[32m[Nest] 14720  - [39m09/06/2026, 11:26:16 pm [32m    LOG[39m [38;5;3m[RouterExplorer] [39m[32mMapped {/api/v1/contracts/:id/clauses, POST} route[39m[38;5;3m +0ms[39m
[32m[Nest] 14720  - [39m09/06/2026, 11:26:16 pm [32m    LOG[39m [38;5;3m[RoutesResolver] [39m[32mNotebookController {/api/v1/notebook}:[39m[38;5;3m +1ms[39m
[32m[Nest] 14720  - [39m09/06/2026, 11:26:16 pm [32m    LOG[39m [38;5;3m[RouterExplorer] [39m[32mMapped {/api/v1/notebook/documents, GET} route[39m[38;5;3m +0ms[39m
[32m[Nest] 14720  - [39m09/06/2026, 11:26:16 pm [32m    LOG[39m [38;5;3m[RouterExplorer] [39m[32mMapped {/api/v1/notebook/documents/:id, GET} route[39m[38;5;3m +0ms[39m
[32m[Nest] 14720  - [39m09/06/2026, 11:26:16 pm [32m    LOG[39m [38;5;3m[RouterExplorer] [39m[32mMapped {/api/v1/notebook/documents/:id/preview, GET} route[39m[38;5;3m +1ms[39m
[32m[Nest] 14720  - [39m09/06/2026, 11:26:16 pm [32m    LOG[39m [38;5;3m[RouterExplorer] [39m[32mMapped {/api/v1/notebook/documents/:id/file, GET} route[39m[38;5;3m +0ms[39m
[32m[Nest] 14720  - [39m09/06/2026, 11:26:16 pm [32m    LOG[39m [38;5;3m[RouterExplorer] [39m[32mMapped {/api/v1/notebook/documents/:id/chunks, GET} route[39m[38;5;3m +0ms[39m
[32m[Nest] 14720  - [39m09/06/2026, 11:26:16 pm [32m    LOG[39m [38;5;3m[RouterExplorer] [39m[32mMapped {/api/v1/notebook/documents/:id/chat-history, GET} route[39m[38;5;3m +1ms[39m
[32m[Nest] 14720  - [39m09/06/2026, 11:26:16 pm [32m    LOG[39m [38;5;3m[RouterExplorer] [39m[32mMapped {/api/v1/notebook/documents/:id/reprocess, POST} route[39m[38;5;3m +0ms[39m
[32m[Nest] 14720  - [39m09/06/2026, 11:26:16 pm [32m    LOG[39m [38;5;3m[RouterExplorer] [39m[32mMapped {/api/v1/notebook/documents/:id/extraction, GET} route[39m[38;5;3m +0ms[39m
[32m[Nest] 14720  - [39m09/06/2026, 11:26:16 pm [32m    LOG[39m [38;5;3m[RouterExplorer] [39m[32mMapped {/api/v1/notebook/documents/:id/extraction, POST} route[39m[38;5;3m +1ms[39m
[32m[Nest] 14720  - [39m09/06/2026, 11:26:16 pm [32m    LOG[39m [38;5;3m[RouterExplorer] [39m[32mMapped {/api/v1/notebook/documents/:id/study-forge/generate, POST} route[39m[38;5;3m +0ms[39m
[32m[Nest] 14720  - [39m09/06/2026, 11:26:16 pm [32m    LOG[39m [38;5;3m[RouterExplorer] [39m[32mMapped {/api/v1/notebook/documents/:id/study-forge/flashcards/:cardId/rate, POST} route[39m[38;5;3m +0ms[39m
[32m[Nest] 14720  - [39m09/06/2026, 11:26:16 pm [32m    LOG[39m [38;5;3m[RouterExplorer] [39m[32mMapped {/api/v1/notebook/documents/:id/study-forge/quiz-attempt, POST} route[39m[38;5;3m +0ms[39m
[32m[Nest] 14720  - [39m09/06/2026, 11:26:16 pm [32m    LOG[39m [38;5;3m[RouterExplorer] [39m[32mMapped {/api/v1/notebook/graph, GET} route[39m[38;5;3m +1ms[39m
[32m[Nest] 14720  - [39m09/06/2026, 11:26:16 pm [32m    LOG[39m [38;5;3m[RouterExplorer] [39m[32mMapped {/api/v1/notebook/search, GET} route[39m[38;5;3m +0ms[39m
[32m[Nest] 14720  - [39m09/06/2026, 11:26:16 pm [32m    LOG[39m [38;5;3m[RouterExplorer] [39m[32mMapped {/api/v1/notebook/documents/:id, DELETE} route[39m[38;5;3m +0ms[39m
[32m[Nest] 14720  - [39m09/06/2026, 11:26:16 pm [32m    LOG[39m [38;5;3m[RouterExplorer] [39m[32mMapped {/api/v1/notebook/upload, POST} route[39m[38;5;3m +1ms[39m
[32m[Nest] 14720  - [39m09/06/2026, 11:26:16 pm [32m    LOG[39m [38;5;3m[RouterExplorer] [39m[32mMapped {/api/v1/notebook/chat, POST} route[39m[38;5;3m +0ms[39m
[32m[Nest] 14720  - [39m09/06/2026, 11:26:16 pm [32m    LOG[39m [38;5;3m[RoutesResolver] [39m[32mResearchController {/api/v1/research}:[39m[38;5;3m +0ms[39m
[32m[Nest] 14720  - [39m09/06/2026, 11:26:16 pm [32m    LOG[39m [38;5;3m[RouterExplorer] [39m[32mMapped {/api/v1/research/query, POST} route[39m[38;5;3m +0ms[39m
[32m[Nest] 14720  - [39m09/06/2026, 11:26:16 pm [32m    LOG[39m [38;5;3m[RouterExplorer] [39m[32mMapped {/api/v1/research/query/all, GET} route[39m[38;5;3m +1ms[39m
[32m[Nest] 14720  - [39m09/06/2026, 11:26:16 pm [32m    LOG[39m [38;5;3m[RouterExplorer] [39m[32mMapped {/api/v1/research/query/:id, GET} route[39m[38;5;3m +0ms[39m
[32m[Nest] 14720  - [39m09/06/2026, 11:26:16 pm [32m    LOG[39m [38;5;3m[RouterExplorer] [39m[32mMapped {/api/v1/research/report, POST} route[39m[38;5;3m +0ms[39m
[32m[Nest] 14720  - [39m09/06/2026, 11:26:16 pm [32m    LOG[39m [38;5;3m[RouterExplorer] [39m[32mMapped {/api/v1/research/report/:id, GET} route[39m[38;5;3m +0ms[39m
[32m[Nest] 14720  - [39m09/06/2026, 11:26:16 pm [32m    LOG[39m [38;5;3m[RouterExplorer] [39m[32mMapped {/api/v1/research/report/:id, PUT} route[39m[38;5;3m +1ms[39m
[32m[Nest] 14720  - [39m09/06/2026, 11:26:16 pm [32m    LOG[39m [38;5;3m[RouterExplorer] [39m[32mMapped {/api/v1/research/report/:id, DELETE} route[39m[38;5;3m +0ms[39m
[32m[Nest] 14720  - [39m09/06/2026, 11:26:16 pm [32m    LOG[39m [38;5;3m[RouterExplorer] [39m[32mMapped {/api/v1/research/note, POST} route[39m[38;5;3m +0ms[39m
[32m[Nest] 14720  - [39m09/06/2026, 11:26:16 pm [32m    LOG[39m [38;5;3m[RouterExplorer] [39m[32mMapped {/api/v1/research/note/:id, GET} route[39m[38;5;3m +0ms[39m
[32m[Nest] 14720  - [39m09/06/2026, 11:26:16 pm [32m    LOG[39m [38;5;3m[RouterExplorer] [39m[32mMapped {/api/v1/research/note/:id, PUT} route[39m[38;5;3m +1ms[39m
[32m[Nest] 14720  - [39m09/06/2026, 11:26:16 pm [32m    LOG[39m [38;5;3m[RouterExplorer] [39m[32mMapped {/api/v1/research/note/:id, DELETE} route[39m[38;5;3m +0ms[39m
[32m[Nest] 14720  - [39m09/06/2026, 11:26:16 pm [32m    LOG[39m [38;5;3m[RouterExplorer] [39m[32mMapped {/api/v1/research/source, POST} route[39m[38;5;3m +0ms[39m
[32m[Nest] 14720  - [39m09/06/2026, 11:26:16 pm [32m    LOG[39m [38;5;3m[RouterExplorer] [39m[32mMapped {/api/v1/research/source/:id, GET} route[39m[38;5;3m +0ms[39m
[32m[Nest] 14720  - [39m09/06/2026, 11:26:16 pm [32m    LOG[39m [38;5;3m[RouterExplorer] [39m[32mMapped {/api/v1/research/source/:id, DELETE} route[39m[38;5;3m +1ms[39m
[32m[Nest] 14720  - [39m09/06/2026, 11:26:16 pm [32m    LOG[39m [38;5;3m[RouterExplorer] [39m[32mMapped {/api/v1/research/save, POST} route[39m[38;5;3m +0ms[39m
[32m[Nest] 14720  - [39m09/06/2026, 11:26:16 pm [32m    LOG[39m [38;5;3m[RouterExplorer] [39m[32mMapped {/api/v1/research/save/all, GET} route[39m[38;5;3m +0ms[39m
[32m[Nest] 14720  - [39m09/06/2026, 11:26:16 pm [32m    LOG[39m [38;5;3m[RouterExplorer] [39m[32mMapped {/api/v1/research/save/:id, DELETE} route[39m[38;5;3m +0ms[39m
[32m[Nest] 14720  - [39m09/06/2026, 11:26:16 pm [32m    LOG[39m [38;5;3m[RouterExplorer] [39m[32mMapped {/api/v1/research/asset, POST} route[39m[38;5;3m +0ms[39m
[32m[Nest] 14720  - [39m09/06/2026, 11:26:16 pm [32m    LOG[39m [38;5;3m[RouterExplorer] [39m[32mMapped {/api/v1/research/upload, POST} route[39m[38;5;3m +1ms[39m
[32m[Nest] 14720  - [39m09/06/2026, 11:26:16 pm [32m    LOG[39m [38;5;3m[RouterExplorer] [39m[32mMapped {/api/v1/research/documents/:queryId, GET} route[39m[38;5;3m +0ms[39m
[32m[Nest] 14720  - [39m09/06/2026, 11:26:16 pm [32m    LOG[39m [38;5;3m[RouterExplorer] [39m[32mMapped {/api/v1/research/generate, POST} route[39m[38;5;3m +0ms[39m
[32m[Nest] 14720  - [39m09/06/2026, 11:26:16 pm [32m    LOG[39m [38;5;3m[RouterExplorer] [39m[32mMapped {/api/v1/research/challenge, POST} route[39m[38;5;3m +0ms[39m
[32m[Nest] 14720  - [39m09/06/2026, 11:26:16 pm [32m    LOG[39m [38;5;3m[RoutesResolver] [39m[32mIngestionController {/api/v1/ingestion}:[39m[38;5;3m +1ms[39m
[32m[Nest] 14720  - [39m09/06/2026, 11:26:16 pm [32m    LOG[39m [38;5;3m[RouterExplorer] [39m[32mMapped {/api/v1/ingestion/status, GET} route[39m[38;5;3m +0ms[39m
[32m[Nest] 14720  - [39m09/06/2026, 11:26:16 pm [32m    LOG[39m [38;5;3m[RouterExplorer] [39m[32mMapped {/api/v1/ingestion/init-collections, POST} route[39m[38;5;3m +0ms[39m
[32m[Nest] 14720  - [39m09/06/2026, 11:26:16 pm [32m    LOG[39m [38;5;3m[RouterExplorer] [39m[32mMapped {/api/v1/ingestion/ingest, POST} route[39m[38;5;3m +0ms[39m
[32m[Nest] 14720  - [39m09/06/2026, 11:26:16 pm [32m    LOG[39m [38;5;3m[RouterExplorer] [39m[32mMapped {/api/v1/ingestion/ingest-text, POST} route[39m[38;5;3m +0ms[39m
[32m[Nest] 14720  - [39m09/06/2026, 11:26:16 pm [32m    LOG[39m [38;5;3m[RouterExplorer] [39m[32mMapped {/api/v1/ingestion/ingest-batch, POST} route[39m[38;5;3m +1ms[39m
[32m[Nest] 14720  - [39m09/06/2026, 11:26:16 pm [32m    LOG[39m [38;5;3m[RoutesResolver] [39m[32mExamController {/api/v1/exam}:[39m[38;5;3m +0ms[39m
[32m[Nest] 14720  - [39m09/06/2026, 11:26:16 pm [32m    LOG[39m [38;5;3m[RouterExplorer] [39m[32mMapped {/api/v1/exam, POST} route[39m[38;5;3m +0ms[39m
[32m[Nest] 14720  - [39m09/06/2026, 11:26:16 pm [32m    LOG[39m [38;5;3m[RouterExplorer] [39m[32mMapped {/api/v1/exam, GET} route[39m[38;5;3m +0ms[39m
[32m[Nest] 14720  - [39m09/06/2026, 11:26:16 pm [32m    LOG[39m [38;5;3m[RouterExplorer] [39m[32mMapped {/api/v1/exam/:id, GET} route[39m[38;5;3m +1ms[39m
[32m[Nest] 14720  - [39m09/06/2026, 11:26:16 pm [32m    LOG[39m [38;5;3m[RouterExplorer] [39m[32mMapped {/api/v1/exam/:id/mock, POST} route[39m[38;5;3m +0ms[39m
[32m[Nest] 14720  - [39m09/06/2026, 11:26:16 pm [32m    LOG[39m [38;5;3m[RouterExplorer] [39m[32mMapped {/api/v1/exam/assistant, POST} route[39m[38;5;3m +0ms[39m
[32m[Nest] 14720  - [39m09/06/2026, 11:26:16 pm [32m    LOG[39m [38;5;3m[RouterExplorer] [39m[32mMapped {/api/v1/exam/dashboard/recommendations, GET} route[39m[38;5;3m +0ms[39m
[32m[Nest] 14720  - [39m09/06/2026, 11:26:16 pm [32m    LOG[39m [38;5;3m[RouterExplorer] [39m[32mMapped {/api/v1/exam/doubt-solve, POST} route[39m[38;5;3m +1ms[39m
[32m[Nest] 14720  - [39m09/06/2026, 11:26:16 pm [32m    LOG[39m [38;5;3m[RouterExplorer] [39m[32mMapped {/api/v1/exam/oauth-tokens, POST} route[39m[38;5;3m +0ms[39m
[32m[Nest] 14720  - [39m09/06/2026, 11:26:16 pm [32m    LOG[39m [38;5;3m[RouterExplorer] [39m[32mMapped {/api/v1/exam/dashboard/notifications, GET} route[39m[38;5;3m +0ms[39m
[32m[Nest] 14720  - [39m09/06/2026, 11:26:16 pm [32m    LOG[39m [38;5;3m[RouterExplorer] [39m[32mMapped {/api/v1/exam/dashboard/notifications/read, POST} route[39m[38;5;3m +0ms[39m
[32m[Nest] 14720  - [39m09/06/2026, 11:26:16 pm [32m    LOG[39m [38;5;3m[RouterExplorer] [39m[32mMapped {/api/v1/exam/calendar/events, GET} route[39m[38;5;3m +0ms[39m
[32m[Nest] 14720  - [39m09/06/2026, 11:26:16 pm [32m    LOG[39m [38;5;3m[RouterExplorer] [39m[32mMapped {/api/v1/exam/calendar/events, POST} route[39m[38;5;3m +1ms[39m
[32m[Nest] 14720  - [39m09/06/2026, 11:26:16 pm [32m    LOG[39m [38;5;3m[RoutesResolver] [39m[32mFounderSecurityController {/api/v1/founder-security}:[39m[38;5;3m +0ms[39m
[32m[Nest] 14720  - [39m09/06/2026, 11:26:16 pm [32m    LOG[39m [38;5;3m[RouterExplorer] [39m[32mMapped {/api/v1/founder-security/settings, GET} route[39m[38;5;3m +0ms[39m
[32m[Nest] 14720  - [39m09/06/2026, 11:26:16 pm [32m    LOG[39m [38;5;3m[RouterExplorer] [39m[32mMapped {/api/v1/founder-security/settings, PUT} route[39m[38;5;3m +0ms[39m
[32m[Nest] 14720  - [39m09/06/2026, 11:26:16 pm [32m    LOG[39m [38;5;3m[RouterExplorer] [39m[32mMapped {/api/v1/founder-security/events, GET} route[39m[38;5;3m +1ms[39m
[32m[Nest] 14720  - [39m09/06/2026, 11:26:16 pm [32m    LOG[39m [38;5;3m[RouterExplorer] [39m[32mMapped {/api/v1/founder-security/events, POST} route[39m[38;5;3m +0ms[39m
[32m[Nest] 14720  - [39m09/06/2026, 11:26:16 pm [32m    LOG[39m [38;5;3m[RouterExplorer] [39m[32mMapped {/api/v1/founder-security/clear-locks, GET} route[39m[38;5;3m +0ms[39m
[32m[Nest] 14720  - [39m09/06/2026, 11:26:16 pm [32m    LOG[39m [38;5;3m[RouterExplorer] [39m[32mMapped {/api/v1/founder-security/admin-login, POST} route[39m[38;5;3m +0ms[39m
[32m[Nest] 14720  - [39m09/06/2026, 11:26:16 pm [32m    LOG[39m [38;5;3m[RouterExplorer] [39m[32mMapped {/api/v1/founder-security/verify-question, POST} route[39m[38;5;3m +0ms[39m
[32m[Nest] 14720  - [39m09/06/2026, 11:26:16 pm [32m    LOG[39m [38;5;3m[RouterExplorer] [39m[32mMapped {/api/v1/founder-security/login-approve, GET} route[39m[38;5;3m +1ms[39m
[32m[Nest] 14720  - [39m09/06/2026, 11:26:16 pm [32m    LOG[39m [38;5;3m[RouterExplorer] [39m[32mMapped {/api/v1/founder-security/login-reject, GET} route[39m[38;5;3m +0ms[39m
[32m[Nest] 14720  - [39m09/06/2026, 11:26:16 pm [32m    LOG[39m [38;5;3m[RouterExplorer] [39m[32mMapped {/api/v1/founder-security/login-status, GET} route[39m[38;5;3m +0ms[39m
[32m[Nest] 14720  - [39m09/06/2026, 11:26:16 pm [32m    LOG[39m [38;5;3m[RoutesResolver] [39m[32mSecurityTestController {/api/v1/api/security}:[39m[38;5;3m +0ms[39m
[32m[Nest] 14720  - [39m09/06/2026, 11:26:16 pm [32m    LOG[39m [38;5;3m[RouterExplorer] [39m[32mMapped {/api/security/test-email, GET} route[39m[38;5;3m +1ms[39m
[32m[Nest] 14720  - [39m09/06/2026, 11:26:16 pm [32m    LOG[39m [38;5;3m[RouterExplorer] [39m[32mMapped {/api/security/test-email, POST} route[39m[38;5;3m +0ms[39m
[32m[Nest] 14720  - [39m09/06/2026, 11:26:16 pm [32m    LOG[39m [38;5;3m[QdrantService] [39m[32mInitializing Qdrant client with URL: https://dd284eb5-9c7e-4f0e-92fd-815f87684ce0.us-west-1-0.aws.cloud.qdrant.io[39m
[32m[Nest] 14720  - [39m09/06/2026, 11:26:16 pm [32m    LOG[39m [38;5;3m[QdrantService] [39m[32mTesting Qdrant connection...[39m
[32m[Nest] 14720  - [39m09/06/2026, 11:26:16 pm [32m    LOG[39m [38;5;3m[BgeM3Provider] [39m[32mInitializing BGE-M3 provider → http://localhost:8100[39m
[32m[Nest] 14720  - [39m09/06/2026, 11:26:16 pm [32m    LOG[39m [38;5;3m[NestApplication] [39m[32mNest application successfully started[39m[38;5;3m +9ms[39m
[LEGATRIXON SERVER] NestJS Engine running on: http://localhost:4000/api/v1
[33m[Nest] 14720  - [39m09/06/2026, 11:26:16 pm [33m   WARN[39m [38;5;3m[BgeM3Provider] [39m[33mBGE-M3 sidecar unreachable at http://localhost:8100: . Embeddings will fail until the sidecar is started.[39m
[32m[Nest] 14720  - [39m09/06/2026, 11:26:17 pm [32m    LOG[39m [38;5;3m[QdrantService] [39m[32mSuccessfully connected to Qdrant.[39m
[32m[Nest] 14720  - [39m09/06/2026, 11:26:17 pm [32m    LOG[39m [38;5;3m[QdrantService] [39m[32mCollection judgments already exists.[39m
[32m[Nest] 14720  - [39m09/06/2026, 11:26:17 pm [32m    LOG[39m [38;5;3m[QdrantService] [39m[32mCollection acts already exists.[39m
[32m[Nest] 14720  - [39m09/06/2026, 11:26:18 pm [32m    LOG[39m [38;5;3m[QdrantService] [39m[32mCollection research_papers already exists.[39m
[32m[Nest] 14720  - [39m09/06/2026, 11:26:18 pm [32m    LOG[39m [38;5;3m[QdrantService] [39m[32mCollection law_commission_reports already exists.[39m
[32m[Nest] 14720  - [39m09/06/2026, 11:26:18 pm [32m    LOG[39m [38;5;3m[QdrantService] [39m[32mCollection user_documents already exists.[39m
[33m[Nest] 14720  - [39m09/06/2026, 11:26:31 pm [33m   WARN[39m [38;5;3m[LexMentorAiService] [39m[33mLexMentor Qdrant retrieval skipped: BGE-M3 sidecar is unavailable.[39m
[32m[Nest] 14720  - [39m09/06/2026, 11:26:31 pm [32m    LOG[39m [38;5;3m[LexMentorAiService] [39m[32mLexMentor Intent Detected: Definition Request[39m
[32m[Nest] 14720  - [39m09/06/2026, 11:26:31 pm [32m    LOG[39m [38;5;3m[LexMentorAiService] [39m[32mLexMentor Mode: Intermediate[39m
[33m[Nest] 14720  - [39m09/06/2026, 11:26:33 pm [33m   WARN[39m [38;5;3m[LexMentorAiService] [39m[33mModel provider deepseek placed on cooldown for 300s. Reason: Request failed with status code 402[39m
[33m[Nest] 14720  - [39m09/06/2026, 11:26:33 pm [33m   WARN[39m [38;5;3m[LexMentorAiService] [39m[33mDeepSeek failed for LexMentor. Trying Gemini fallback. Reason: Request failed with status code 402[39m
[32m[Nest] 14720  - [39m09/06/2026, 11:26:33 pm [32m    LOG[39m [38;5;3m[LexMentorAiService] [39m[32mLexMentor Intent Detected: Definition Request[39m
[32m[Nest] 14720  - [39m09/06/2026, 11:26:33 pm [32m    LOG[39m [38;5;3m[LexMentorAiService] [39m[32mLexMentor Mode: Intermediate[39m
[33m[Nest] 14720  - [39m09/06/2026, 11:26:33 pm [33m   WARN[39m [38;5;3m[LexMentorAiService] [39m[33mModel provider gemini placed on cooldown for 300s. Reason: Request failed with status code 429[39m
[33m[Nest] 14720  - [39m09/06/2026, 11:26:33 pm [33m   WARN[39m [38;5;3m[LexMentorAiService] [39m[33mGemini fallback failed for LexMentor. Trying OpenAI fallback. Reason: Request failed with status code 429[39m
[32m[Nest] 14720  - [39m09/06/2026, 11:26:33 pm [32m    LOG[39m [38;5;3m[LexMentorAiService] [39m[32mLexMentor Intent Detected: Definition Request[39m
[32m[Nest] 14720  - [39m09/06/2026, 11:26:33 pm [32m    LOG[39m [38;5;3m[LexMentorAiService] [39m[32mLexMentor Mode: Intermediate[39m
[33m[Nest] 14720  - [39m09/06/2026, 11:26:34 pm [33m   WARN[39m [38;5;3m[LexMentorAiService] [39m[33mModel provider openai placed on cooldown for 300s. Reason: Request failed with status code 429[39m
[33m[Nest] 14720  - [39m09/06/2026, 11:26:34 pm [33m   WARN[39m [38;5;3m[LexMentorAiService] [39m[33mLexMentor Qdrant retrieval skipped: BGE-M3 sidecar is unavailable.[39m
[33m[Nest] 14720  - [39m09/06/2026, 11:27:15 pm [33m   WARN[39m [38;5;3m[LexMentorAiService] [39m[33mLexMentor Qdrant retrieval skipped: BGE-M3 sidecar is unavailable.[39m
[2J[3J[H[[90m11:29:19 pm[0m] File change detected. Starting incremental compilation...

[[90m11:29:20 pm[0m] Found 0 errors. Watching for file changes.

[32m[Nest] 448  - [39m09/06/2026, 11:29:22 pm [32m    LOG[39m [38;5;3m[NestFactory] [39m[32mStarting Nest application...[39m
[32m[Nest] 448  - [39m09/06/2026, 11:29:22 pm [32m    LOG[39m [38;5;3m[InstanceLoader] [39m[32mAppModule dependencies initialized[39m[38;5;3m +35ms[39m
[32m[Nest] 448  - [39m09/06/2026, 11:29:22 pm [32m    LOG[39m [38;5;3m[InstanceLoader] [39m[32mTypeOrmModule dependencies initialized[39m[38;5;3m +0ms[39m
[32m[Nest] 448  - [39m09/06/2026, 11:29:22 pm [32m    LOG[39m [38;5;3m[InstanceLoader] [39m[32mLegalDomainModule dependencies initialized[39m[38;5;3m +1ms[39m
[32m[Nest] 448  - [39m09/06/2026, 11:29:22 pm [32m    LOG[39m [38;5;3m[InstanceLoader] [39m[32mRetrievalModule dependencies initialized[39m[38;5;3m +1ms[39m
[32m[Nest] 448  - [39m09/06/2026, 11:29:22 pm [32m    LOG[39m [38;5;3m[InstanceLoader] [39m[32mJudgmentModule dependencies initialized[39m[38;5;3m +0ms[39m
[32m[Nest] 448  - [39m09/06/2026, 11:29:22 pm [32m    LOG[39m [38;5;3m[InstanceLoader] [39m[32mContractModule dependencies initialized[39m[38;5;3m +0ms[39m
[32m[Nest] 448  - [39m09/06/2026, 11:29:22 pm [32m    LOG[39m [38;5;3m[InstanceLoader] [39m[32mIngestionModule dependencies initialized[39m[38;5;3m +1ms[39m
[32m[Nest] 448  - [39m09/06/2026, 11:29:22 pm [32m    LOG[39m [38;5;3m[InstanceLoader] [39m[32mChatModule dependencies initialized[39m[38;5;3m +0ms[39m
[32m[Nest] 448  - [39m09/06/2026, 11:29:22 pm [32m    LOG[39m [38;5;3m[InstanceLoader] [39m[32mTypeOrmCoreModule dependencies initialized[39m[38;5;3m +54ms[39m
[32m[Nest] 448  - [39m09/06/2026, 11:29:22 pm [32m    LOG[39m [38;5;3m[InstanceLoader] [39m[32mTypeOrmModule dependencies initialized[39m[38;5;3m +1ms[39m
[32m[Nest] 448  - [39m09/06/2026, 11:29:22 pm [32m    LOG[39m [38;5;3m[InstanceLoader] [39m[32mTypeOrmModule dependencies initialized[39m[38;5;3m +0ms[39m
[32m[Nest] 448  - [39m09/06/2026, 11:29:22 pm [32m    LOG[39m [38;5;3m[InstanceLoader] [39m[32mTypeOrmModule dependencies initialized[39m[38;5;3m +0ms[39m
[32m[Nest] 448  - [39m09/06/2026, 11:29:22 pm [32m    LOG[39m [38;5;3m[InstanceLoader] [39m[32mTypeOrmModule dependencies initialized[39m[38;5;3m +1ms[39m
[32m[Nest] 448  - [39m09/06/2026, 11:29:22 pm [32m    LOG[39m [38;5;3m[InstanceLoader] [39m[32mFounderSecurityModule dependencies initialized[39m[38;5;3m +2ms[39m
[32m[Nest] 448  - [39m09/06/2026, 11:29:22 pm [32m    LOG[39m [38;5;3m[InstanceLoader] [39m[32mResearchModule dependencies initialized[39m[38;5;3m +0ms[39m
[32m[Nest] 448  - [39m09/06/2026, 11:29:22 pm [32m    LOG[39m [38;5;3m[InstanceLoader] [39m[32mNotebookModule dependencies initialized[39m[38;5;3m +1ms[39m
[32m[Nest] 448  - [39m09/06/2026, 11:29:22 pm [32m    LOG[39m [38;5;3m[InstanceLoader] [39m[32mExamModule dependencies initialized[39m[38;5;3m +0ms[39m
[32m[Nest] 448  - [39m09/06/2026, 11:29:22 pm [32m    LOG[39m [38;5;3m[RoutesResolver] [39m[32mJudgmentController {/api/v1/judgments}:[39m[38;5;3m +44ms[39m
[32m[Nest] 448  - [39m09/06/2026, 11:29:22 pm [32m    LOG[39m [38;5;3m[RouterExplorer] [39m[32mMapped {/api/v1/judgments/upload, POST} route[39m[38;5;3m +5ms[39m
[32m[Nest] 448  - [39m09/06/2026, 11:29:22 pm [32m    LOG[39m [38;5;3m[RouterExplorer] [39m[32mMapped {/api/v1/judgments/:id/structure, GET} route[39m[38;5;3m +1ms[39m
[32m[Nest] 448  - [39m09/06/2026, 11:29:22 pm [32m    LOG[39m [38;5;3m[RouterExplorer] [39m[32mMapped {/api/v1/judgments/:id/explain, POST} route[39m[38;5;3m +1ms[39m
[32m[Nest] 448  - [39m09/06/2026, 11:29:22 pm [32m    LOG[39m [38;5;3m[RoutesResolver] [39m[32mChatController {/api/v1/chat}:[39m[38;5;3m +0ms[39m
[32m[Nest] 448  - [39m09/06/2026, 11:29:22 pm [32m    LOG[39m [38;5;3m[RouterExplorer] [39m[32mMapped {/api/v1/chat/message, POST} route[39m[38;5;3m +1ms[39m
[32m[Nest] 448  - [39m09/06/2026, 11:29:22 pm [32m    LOG[39m [38;5;3m[RouterExplorer] [39m[32mMapped {/api/v1/chat/history/:sessionId, GET} route[39m[38;5;3m +1ms[39m
[32m[Nest] 448  - [39m09/06/2026, 11:29:22 pm [32m    LOG[39m [38;5;3m[RouterExplorer] [39m[32mMapped {/api/v1/chat/history/:sessionId, DELETE} route[39m[38;5;3m +0ms[39m
[32m[Nest] 448  - [39m09/06/2026, 11:29:22 pm [32m    LOG[39m [38;5;3m[RouterExplorer] [39m[32mMapped {/api/v1/chat/search, POST} route[39m[38;5;3m +1ms[39m
[32m[Nest] 448  - [39m09/06/2026, 11:29:22 pm [32m    LOG[39m [38;5;3m[RouterExplorer] [39m[32mMapped {/api/v1/chat/citations/:messageId, GET} route[39m[38;5;3m +1ms[39m
[32m[Nest] 448  - [39m09/06/2026, 11:29:22 pm [32m    LOG[39m [38;5;3m[RoutesResolver] [39m[32mContractController {/api/v1/contracts}:[39m[38;5;3m +0ms[39m
[32m[Nest] 448  - [39m09/06/2026, 11:29:22 pm [32m    LOG[39m [38;5;3m[RouterExplorer] [39m[32mMapped {/api/v1/contracts/review, POST} route[39m[38;5;3m +1ms[39m
[32m[Nest] 448  - [39m09/06/2026, 11:29:22 pm [32m    LOG[39m [38;5;3m[RouterExplorer] [39m[32mMapped {/api/v1/contracts/:id/risks, GET} route[39m[38;5;3m +2ms[39m
[32m[Nest] 448  - [39m09/06/2026, 11:29:22 pm [32m    LOG[39m [38;5;3m[RouterExplorer] [39m[32mMapped {/api/v1/contracts/:id/clauses, POST} route[39m[38;5;3m +0ms[39m
[32m[Nest] 448  - [39m09/06/2026, 11:29:22 pm [32m    LOG[39m [38;5;3m[RoutesResolver] [39m[32mNotebookController {/api/v1/notebook}:[39m[38;5;3m +0ms[39m
[32m[Nest] 448  - [39m09/06/2026, 11:29:22 pm [32m    LOG[39m [38;5;3m[RouterExplorer] [39m[32mMapped {/api/v1/notebook/documents, GET} route[39m[38;5;3m +1ms[39m
[32m[Nest] 448  - [39m09/06/2026, 11:29:22 pm [32m    LOG[39m [38;5;3m[RouterExplorer] [39m[32mMapped {/api/v1/notebook/documents/:id, GET} route[39m[38;5;3m +0ms[39m
[32m[Nest] 448  - [39m09/06/2026, 11:29:22 pm [32m    LOG[39m [38;5;3m[RouterExplorer] [39m[32mMapped {/api/v1/notebook/documents/:id/preview, GET} route[39m[38;5;3m +1ms[39m
[32m[Nest] 448  - [39m09/06/2026, 11:29:22 pm [32m    LOG[39m [38;5;3m[RouterExplorer] [39m[32mMapped {/api/v1/notebook/documents/:id/file, GET} route[39m[38;5;3m +0ms[39m
[32m[Nest] 448  - [39m09/06/2026, 11:29:22 pm [32m    LOG[39m [38;5;3m[RouterExplorer] [39m[32mMapped {/api/v1/notebook/documents/:id/chunks, GET} route[39m[38;5;3m +1ms[39m
[32m[Nest] 448  - [39m09/06/2026, 11:29:22 pm [32m    LOG[39m [38;5;3m[RouterExplorer] [39m[32mMapped {/api/v1/notebook/documents/:id/chat-history, GET} route[39m[38;5;3m +0ms[39m
[32m[Nest] 448  - [39m09/06/2026, 11:29:22 pm [32m    LOG[39m [38;5;3m[RouterExplorer] [39m[32mMapped {/api/v1/notebook/documents/:id/reprocess, POST} route[39m[38;5;3m +1ms[39m
[32m[Nest] 448  - [39m09/06/2026, 11:29:22 pm [32m    LOG[39m [38;5;3m[RouterExplorer] [39m[32mMapped {/api/v1/notebook/documents/:id/extraction, GET} route[39m[38;5;3m +0ms[39m
[32m[Nest] 448  - [39m09/06/2026, 11:29:22 pm [32m    LOG[39m [38;5;3m[RouterExplorer] [39m[32mMapped {/api/v1/notebook/documents/:id/extraction, POST} route[39m[38;5;3m +0ms[39m
[32m[Nest] 448  - [39m09/06/2026, 11:29:22 pm [32m    LOG[39m [38;5;3m[RouterExplorer] [39m[32mMapped {/api/v1/notebook/documents/:id/study-forge/generate, POST} route[39m[38;5;3m +1ms[39m
[32m[Nest] 448  - [39m09/06/2026, 11:29:22 pm [32m    LOG[39m [38;5;3m[RouterExplorer] [39m[32mMapped {/api/v1/notebook/documents/:id/study-forge/flashcards/:cardId/rate, POST} route[39m[38;5;3m +0ms[39m
[32m[Nest] 448  - [39m09/06/2026, 11:29:22 pm [32m    LOG[39m [38;5;3m[RouterExplorer] [39m[32mMapped {/api/v1/notebook/documents/:id/study-forge/quiz-attempt, POST} route[39m[38;5;3m +0ms[39m
[32m[Nest] 448  - [39m09/06/2026, 11:29:22 pm [32m    LOG[39m [38;5;3m[RouterExplorer] [39m[32mMapped {/api/v1/notebook/graph, GET} route[39m[38;5;3m +1ms[39m
[32m[Nest] 448  - [39m09/06/2026, 11:29:22 pm [32m    LOG[39m [38;5;3m[RouterExplorer] [39m[32mMapped {/api/v1/notebook/search, GET} route[39m[38;5;3m +0ms[39m
[32m[Nest] 448  - [39m09/06/2026, 11:29:22 pm [32m    LOG[39m [38;5;3m[RouterExplorer] [39m[32mMapped {/api/v1/notebook/documents/:id, DELETE} route[39m[38;5;3m +1ms[39m
[32m[Nest] 448  - [39m09/06/2026, 11:29:22 pm [32m    LOG[39m [38;5;3m[RouterExplorer] [39m[32mMapped {/api/v1/notebook/upload, POST} route[39m[38;5;3m +0ms[39m
[32m[Nest] 448  - [39m09/06/2026, 11:29:22 pm [32m    LOG[39m [38;5;3m[RouterExplorer] [39m[32mMapped {/api/v1/notebook/chat, POST} route[39m[38;5;3m +1ms[39m
[32m[Nest] 448  - [39m09/06/2026, 11:29:22 pm [32m    LOG[39m [38;5;3m[RoutesResolver] [39m[32mResearchController {/api/v1/research}:[39m[38;5;3m +0ms[39m
[32m[Nest] 448  - [39m09/06/2026, 11:29:22 pm [32m    LOG[39m [38;5;3m[RouterExplorer] [39m[32mMapped {/api/v1/research/query, POST} route[39m[38;5;3m +1ms[39m
[32m[Nest] 448  - [39m09/06/2026, 11:29:22 pm [32m    LOG[39m [38;5;3m[RouterExplorer] [39m[32mMapped {/api/v1/research/query/all, GET} route[39m[38;5;3m +0ms[39m
[32m[Nest] 448  - [39m09/06/2026, 11:29:22 pm [32m    LOG[39m [38;5;3m[RouterExplorer] [39m[32mMapped {/api/v1/research/query/:id, GET} route[39m[38;5;3m +0ms[39m
[32m[Nest] 448  - [39m09/06/2026, 11:29:22 pm [32m    LOG[39m [38;5;3m[RouterExplorer] [39m[32mMapped {/api/v1/research/report, POST} route[39m[38;5;3m +1ms[39m
[32m[Nest] 448  - [39m09/06/2026, 11:29:22 pm [32m    LOG[39m [38;5;3m[RouterExplorer] [39m[32mMapped {/api/v1/research/report/:id, GET} route[39m[38;5;3m +0ms[39m
[32m[Nest] 448  - [39m09/06/2026, 11:29:22 pm [32m    LOG[39m [38;5;3m[RouterExplorer] [39m[32mMapped {/api/v1/research/report/:id, PUT} route[39m[38;5;3m +1ms[39m
[32m[Nest] 448  - [39m09/06/2026, 11:29:22 pm [32m    LOG[39m [38;5;3m[RouterExplorer] [39m[32mMapped {/api/v1/research/report/:id, DELETE} route[39m[38;5;3m +0ms[39m
[32m[Nest] 448  - [39m09/06/2026, 11:29:22 pm [32m    LOG[39m [38;5;3m[RouterExplorer] [39m[32mMapped {/api/v1/research/note, POST} route[39m[38;5;3m +1ms[39m
[32m[Nest] 448  - [39m09/06/2026, 11:29:22 pm [32m    LOG[39m [38;5;3m[RouterExplorer] [39m[32mMapped {/api/v1/research/note/:id, GET} route[39m[38;5;3m +0ms[39m
[32m[Nest] 448  - [39m09/06/2026, 11:29:22 pm [32m    LOG[39m [38;5;3m[RouterExplorer] [39m[32mMapped {/api/v1/research/note/:id, PUT} route[39m[38;5;3m +0ms[39m
[32m[Nest] 448  - [39m09/06/2026, 11:29:22 pm [32m    LOG[39m [38;5;3m[RouterExplorer] [39m[32mMapped {/api/v1/research/note/:id, DELETE} route[39m[38;5;3m +1ms[39m
[32m[Nest] 448  - [39m09/06/2026, 11:29:22 pm [32m    LOG[39m [38;5;3m[RouterExplorer] [39m[32mMapped {/api/v1/research/source, POST} route[39m[38;5;3m +0ms[39m
[32m[Nest] 448  - [39m09/06/2026, 11:29:22 pm [32m    LOG[39m [38;5;3m[RouterExplorer] [39m[32mMapped {/api/v1/research/source/:id, GET} route[39m[38;5;3m +1ms[39m
[32m[Nest] 448  - [39m09/06/2026, 11:29:22 pm [32m    LOG[39m [38;5;3m[RouterExplorer] [39m[32mMapped {/api/v1/research/source/:id, DELETE} route[39m[38;5;3m +0ms[39m
[32m[Nest] 448  - [39m09/06/2026, 11:29:22 pm [32m    LOG[39m [38;5;3m[RouterExplorer] [39m[32mMapped {/api/v1/research/save, POST} route[39m[38;5;3m +0ms[39m
[32m[Nest] 448  - [39m09/06/2026, 11:29:22 pm [32m    LOG[39m [38;5;3m[RouterExplorer] [39m[32mMapped {/api/v1/research/save/all, GET} route[39m[38;5;3m +0ms[39m
[32m[Nest] 448  - [39m09/06/2026, 11:29:22 pm [32m    LOG[39m [38;5;3m[RouterExplorer] [39m[32mMapped {/api/v1/research/save/:id, DELETE} route[39m[38;5;3m +1ms[39m
[32m[Nest] 448  - [39m09/06/2026, 11:29:22 pm [32m    LOG[39m [38;5;3m[RouterExplorer] [39m[32mMapped {/api/v1/research/asset, POST} route[39m[38;5;3m +0ms[39m
[32m[Nest] 448  - [39m09/06/2026, 11:29:22 pm [32m    LOG[39m [38;5;3m[RouterExplorer] [39m[32mMapped {/api/v1/research/upload, POST} route[39m[38;5;3m +0ms[39m
[32m[Nest] 448  - [39m09/06/2026, 11:29:22 pm [32m    LOG[39m [38;5;3m[RouterExplorer] [39m[32mMapped {/api/v1/research/documents/:queryId, GET} route[39m[38;5;3m +1ms[39m
[32m[Nest] 448  - [39m09/06/2026, 11:29:22 pm [32m    LOG[39m [38;5;3m[RouterExplorer] [39m[32mMapped {/api/v1/research/generate, POST} route[39m[38;5;3m +0ms[39m
[32m[Nest] 448  - [39m09/06/2026, 11:29:22 pm [32m    LOG[39m [38;5;3m[RouterExplorer] [39m[32mMapped {/api/v1/research/challenge, POST} route[39m[38;5;3m +1ms[39m
[32m[Nest] 448  - [39m09/06/2026, 11:29:22 pm [32m    LOG[39m [38;5;3m[RoutesResolver] [39m[32mIngestionController {/api/v1/ingestion}:[39m[38;5;3m +0ms[39m
[32m[Nest] 448  - [39m09/06/2026, 11:29:22 pm [32m    LOG[39m [38;5;3m[RouterExplorer] [39m[32mMapped {/api/v1/ingestion/status, GET} route[39m[38;5;3m +0ms[39m
[32m[Nest] 448  - [39m09/06/2026, 11:29:22 pm [32m    LOG[39m [38;5;3m[RouterExplorer] [39m[32mMapped {/api/v1/ingestion/init-collections, POST} route[39m[38;5;3m +1ms[39m
[32m[Nest] 448  - [39m09/06/2026, 11:29:22 pm [32m    LOG[39m [38;5;3m[RouterExplorer] [39m[32mMapped {/api/v1/ingestion/ingest, POST} route[39m[38;5;3m +0ms[39m
[32m[Nest] 448  - [39m09/06/2026, 11:29:22 pm [32m    LOG[39m [38;5;3m[RouterExplorer] [39m[32mMapped {/api/v1/ingestion/ingest-text, POST} route[39m[38;5;3m +0ms[39m
[32m[Nest] 448  - [39m09/06/2026, 11:29:22 pm [32m    LOG[39m [38;5;3m[RouterExplorer] [39m[32mMapped {/api/v1/ingestion/ingest-batch, POST} route[39m[38;5;3m +0ms[39m
[32m[Nest] 448  - [39m09/06/2026, 11:29:22 pm [32m    LOG[39m [38;5;3m[RoutesResolver] [39m[32mExamController {/api/v1/exam}:[39m[38;5;3m +1ms[39m
[32m[Nest] 448  - [39m09/06/2026, 11:29:22 pm [32m    LOG[39m [38;5;3m[RouterExplorer] [39m[32mMapped {/api/v1/exam, POST} route[39m[38;5;3m +0ms[39m
[32m[Nest] 448  - [39m09/06/2026, 11:29:22 pm [32m    LOG[39m [38;5;3m[RouterExplorer] [39m[32mMapped {/api/v1/exam, GET} route[39m[38;5;3m +0ms[39m
[32m[Nest] 448  - [39m09/06/2026, 11:29:22 pm [32m    LOG[39m [38;5;3m[RouterExplorer] [39m[32mMapped {/api/v1/exam/:id, GET} route[39m[38;5;3m +1ms[39m
[32m[Nest] 448  - [39m09/06/2026, 11:29:22 pm [32m    LOG[39m [38;5;3m[RouterExplorer] [39m[32mMapped {/api/v1/exam/:id/mock, POST} route[39m[38;5;3m +0ms[39m
[32m[Nest] 448  - [39m09/06/2026, 11:29:22 pm [32m    LOG[39m [38;5;3m[RouterExplorer] [39m[32mMapped {/api/v1/exam/assistant, POST} route[39m[38;5;3m +1ms[39m
[32m[Nest] 448  - [39m09/06/2026, 11:29:22 pm [32m    LOG[39m [38;5;3m[RouterExplorer] [39m[32mMapped {/api/v1/exam/dashboard/recommendations, GET} route[39m[38;5;3m +0ms[39m
[32m[Nest] 448  - [39m09/06/2026, 11:29:22 pm [32m    LOG[39m [38;5;3m[RouterExplorer] [39m[32mMapped {/api/v1/exam/doubt-solve, POST} route[39m[38;5;3m +0ms[39m
[32m[Nest] 448  - [39m09/06/2026, 11:29:22 pm [32m    LOG[39m [38;5;3m[RouterExplorer] [39m[32mMapped {/api/v1/exam/oauth-tokens, POST} route[39m[38;5;3m +1ms[39m
[32m[Nest] 448  - [39m09/06/2026, 11:29:22 pm [32m    LOG[39m [38;5;3m[RouterExplorer] [39m[32mMapped {/api/v1/exam/dashboard/notifications, GET} route[39m[38;5;3m +0ms[39m
[32m[Nest] 448  - [39m09/06/2026, 11:29:22 pm [32m    LOG[39m [38;5;3m[RouterExplorer] [39m[32mMapped {/api/v1/exam/dashboard/notifications/read, POST} route[39m[38;5;3m +0ms[39m
[32m[Nest] 448  - [39m09/06/2026, 11:29:22 pm [32m    LOG[39m [38;5;3m[RouterExplorer] [39m[32mMapped {/api/v1/exam/calendar/events, GET} route[39m[38;5;3m +0ms[39m
[32m[Nest] 448  - [39m09/06/2026, 11:29:22 pm [32m    LOG[39m [38;5;3m[RouterExplorer] [39m[32mMapped {/api/v1/exam/calendar/events, POST} route[39m[38;5;3m +1ms[39m
[32m[Nest] 448  - [39m09/06/2026, 11:29:22 pm [32m    LOG[39m [38;5;3m[RoutesResolver] [39m[32mFounderSecurityController {/api/v1/founder-security}:[39m[38;5;3m +0ms[39m
[32m[Nest] 448  - [39m09/06/2026, 11:29:22 pm [32m    LOG[39m [38;5;3m[RouterExplorer] [39m[32mMapped {/api/v1/founder-security/settings, GET} route[39m[38;5;3m +0ms[39m
[32m[Nest] 448  - [39m09/06/2026, 11:29:22 pm [32m    LOG[39m [38;5;3m[RouterExplorer] [39m[32mMapped {/api/v1/founder-security/settings, PUT} route[39m[38;5;3m +1ms[39m
[32m[Nest] 448  - [39m09/06/2026, 11:29:22 pm [32m    LOG[39m [38;5;3m[RouterExplorer] [39m[32mMapped {/api/v1/founder-security/events, GET} route[39m[38;5;3m +0ms[39m
[32m[Nest] 448  - [39m09/06/2026, 11:29:22 pm [32m    LOG[39m [38;5;3m[RouterExplorer] [39m[32mMapped {/api/v1/founder-security/events, POST} route[39m[38;5;3m +0ms[39m
[32m[Nest] 448  - [39m09/06/2026, 11:29:22 pm [32m    LOG[39m [38;5;3m[RouterExplorer] [39m[32mMapped {/api/v1/founder-security/clear-locks, GET} route[39m[38;5;3m +1ms[39m
[32m[Nest] 448  - [39m09/06/2026, 11:29:22 pm [32m    LOG[39m [38;5;3m[RouterExplorer] [39m[32mMapped {/api/v1/founder-security/admin-login, POST} route[39m[38;5;3m +0ms[39m
[32m[Nest] 448  - [39m09/06/2026, 11:29:22 pm [32m    LOG[39m [38;5;3m[RouterExplorer] [39m[32mMapped {/api/v1/founder-security/verify-question, POST} route[39m[38;5;3m +0ms[39m
[32m[Nest] 448  - [39m09/06/2026, 11:29:22 pm [32m    LOG[39m [38;5;3m[RouterExplorer] [39m[32mMapped {/api/v1/founder-security/login-approve, GET} route[39m[38;5;3m +1ms[39m
[32m[Nest] 448  - [39m09/06/2026, 11:29:22 pm [32m    LOG[39m [38;5;3m[RouterExplorer] [39m[32mMapped {/api/v1/founder-security/login-reject, GET} route[39m[38;5;3m +0ms[39m
[32m[Nest] 448  - [39m09/06/2026, 11:29:22 pm [32m    LOG[39m [38;5;3m[RouterExplorer] [39m[32mMapped {/api/v1/founder-security/login-status, GET} route[39m[38;5;3m +0ms[39m
[32m[Nest] 448  - [39m09/06/2026, 11:29:22 pm [32m    LOG[39m [38;5;3m[RoutesResolver] [39m[32mSecurityTestController {/api/v1/api/security}:[39m[38;5;3m +1ms[39m
[32m[Nest] 448  - [39m09/06/2026, 11:29:22 pm [32m    LOG[39m [38;5;3m[RouterExplorer] [39m[32mMapped {/api/security/test-email, GET} route[39m[38;5;3m +0ms[39m
[32m[Nest] 448  - [39m09/06/2026, 11:29:22 pm [32m    LOG[39m [38;5;3m[RouterExplorer] [39m[32mMapped {/api/security/test-email, POST} route[39m[38;5;3m +1ms[39m
[32m[Nest] 448  - [39m09/06/2026, 11:29:22 pm [32m    LOG[39m [38;5;3m[QdrantService] [39m[32mInitializing Qdrant client with URL: https://dd284eb5-9c7e-4f0e-92fd-815f87684ce0.us-west-1-0.aws.cloud.qdrant.io[39m
[32m[Nest] 448  - [39m09/06/2026, 11:29:22 pm [32m    LOG[39m [38;5;3m[QdrantService] [39m[32mTesting Qdrant connection...[39m
[32m[Nest] 448  - [39m09/06/2026, 11:29:22 pm [32m    LOG[39m [38;5;3m[BgeM3Provider] [39m[32mInitializing BGE-M3 provider → http://localhost:8100[39m
[32m[Nest] 448  - [39m09/06/2026, 11:29:22 pm [32m    LOG[39m [38;5;3m[NestApplication] [39m[32mNest application successfully started[39m[38;5;3m +9ms[39m
[LEGATRIXON SERVER] NestJS Engine running on: http://localhost:4000/api/v1
[33m[Nest] 448  - [39m09/06/2026, 11:29:22 pm [33m   WARN[39m [38;5;3m[BgeM3Provider] [39m[33mBGE-M3 sidecar unreachable at http://localhost:8100: . Embeddings will fail until the sidecar is started.[39m
[32m[Nest] 448  - [39m09/06/2026, 11:29:23 pm [32m    LOG[39m [38;5;3m[QdrantService] [39m[32mSuccessfully connected to Qdrant.[39m
[32m[Nest] 448  - [39m09/06/2026, 11:29:23 pm [32m    LOG[39m [38;5;3m[QdrantService] [39m[32mCollection judgments already exists.[39m
[32m[Nest] 448  - [39m09/06/2026, 11:29:23 pm [32m    LOG[39m [38;5;3m[QdrantService] [39m[32mCollection acts already exists.[39m
[32m[Nest] 448  - [39m09/06/2026, 11:29:24 pm [32m    LOG[39m [38;5;3m[QdrantService] [39m[32mCollection research_papers already exists.[39m
[32m[Nest] 448  - [39m09/06/2026, 11:29:24 pm [32m    LOG[39m [38;5;3m[QdrantService] [39m[32mCollection law_commission_reports already exists.[39m
[32m[Nest] 448  - [39m09/06/2026, 11:29:24 pm [32m    LOG[39m [38;5;3m[QdrantService] [39m[32mCollection user_documents already exists.[39m
[33m[Nest] 448  - [39m09/06/2026, 11:29:55 pm [33m   WARN[39m [38;5;3m[LexMentorAiService] [39m[33mLexMentor Qdrant retrieval skipped: BGE-M3 sidecar is unavailable.[39m
[32m[Nest] 448  - [39m09/06/2026, 11:29:55 pm [32m    LOG[39m [38;5;3m[LexMentorAiService] [39m[32mLexMentor Intent Detected: Definition Request[39m
[32m[Nest] 448  - [39m09/06/2026, 11:29:55 pm [32m    LOG[39m [38;5;3m[LexMentorAiService] [39m[32mLexMentor Mode: Intermediate[39m
[33m[Nest] 448  - [39m09/06/2026, 11:29:56 pm [33m   WARN[39m [38;5;3m[LexMentorAiService] [39m[33mModel provider deepseek placed on cooldown for 300s. Reason: Request failed with status code 402[39m
[33m[Nest] 448  - [39m09/06/2026, 11:29:56 pm [33m   WARN[39m [38;5;3m[LexMentorAiService] [39m[33mDeepSeek failed for LexMentor. Trying Gemini fallback. Reason: Request failed with status code 402[39m
[32m[Nest] 448  - [39m09/06/2026, 11:29:56 pm [32m    LOG[39m [38;5;3m[LexMentorAiService] [39m[32mLexMentor Intent Detected: Definition Request[39m
[32m[Nest] 448  - [39m09/06/2026, 11:29:56 pm [32m    LOG[39m [38;5;3m[LexMentorAiService] [39m[32mLexMentor Mode: Intermediate[39m
[33m[Nest] 448  - [39m09/06/2026, 11:29:57 pm [33m   WARN[39m [38;5;3m[LexMentorAiService] [39m[33mModel provider gemini placed on cooldown for 300s. Reason: Request failed with status code 429[39m
[33m[Nest] 448  - [39m09/06/2026, 11:29:57 pm [33m   WARN[39m [38;5;3m[LexMentorAiService] [39m[33mGemini fallback failed for LexMentor. Trying OpenAI fallback. Reason: Request failed with status code 429[39m
[32m[Nest] 448  - [39m09/06/2026, 11:29:57 pm [32m    LOG[39m [38;5;3m[LexMentorAiService] [39m[32mLexMentor Intent Detected: Definition Request[39m
[32m[Nest] 448  - [39m09/06/2026, 11:29:57 pm [32m    LOG[39m [38;5;3m[LexMentorAiService] [39m[32mLexMentor Mode: Intermediate[39m
[33m[Nest] 448  - [39m09/06/2026, 11:29:57 pm [33m   WARN[39m [38;5;3m[LexMentorAiService] [39m[33mModel provider openai placed on cooldown for 300s. Reason: Request failed with status code 429[39m
[33m[Nest] 448  - [39m09/06/2026, 11:29:57 pm [33m   WARN[39m [38;5;3m[LexMentorAiService] [39m[33mAll model providers failed. Returning local legal fallback. Reasons: DeepSeek: Request failed with status code 402 | Gemini: Request failed with status code 429 | OpenAI: Request failed with status code 429[39m
[33m[Nest] 448  - [39m09/06/2026, 11:30:10 pm [33m   WARN[39m [38;5;3m[LexMentorAiService] [39m[33mLexMentor Qdrant retrieval skipped: BGE-M3 sidecar is unavailable.[39m
[33m[Nest] 448  - [39m09/06/2026, 11:30:10 pm [33m   WARN[39m [38;5;3m[LexMentorAiService] [39m[33mAll model providers failed. Returning local legal fallback. Reasons: DeepSeek: skipped during temporary cooldown | Gemini: skipped during temporary cooldown | OpenAI: skipped during temporary cooldown[39m
[33m[Nest] 448  - [39m09/06/2026, 11:30:40 pm [33m   WARN[39m [38;5;3m[LexMentorAiService] [39m[33mLexMentor Qdrant retrieval skipped: BGE-M3 sidecar is unavailable.[39m
[33m[Nest] 448  - [39m09/06/2026, 11:30:40 pm [33m   WARN[39m [38;5;3m[LexMentorAiService] [39m[33mAll model providers failed. Returning local legal fallback. Reasons: DeepSeek: skipped during temporary cooldown | Gemini: skipped during temporary cooldown | OpenAI: skipped during temporary cooldown[39m
[33m[Nest] 448  - [39m09/06/2026, 11:30:57 pm [33m   WARN[39m [38;5;3m[LexMentorAiService] [39m[33mLexMentor Qdrant retrieval skipped: BGE-M3 sidecar is unavailable.[39m
[33m[Nest] 448  - [39m09/06/2026, 11:30:57 pm [33m   WARN[39m [38;5;3m[LexMentorAiService] [39m[33mAll model providers failed. Returning local legal fallback. Reasons: DeepSeek: skipped during temporary cooldown | Gemini: skipped during temporary cooldown | OpenAI: skipped during temporary cooldown[39m
[33m[Nest] 448  - [39m09/06/2026, 11:31:23 pm [33m   WARN[39m [38;5;3m[LexMentorAiService] [39m[33mLexMentor Qdrant retrieval skipped: BGE-M3 sidecar is unavailable.[39m
[33m[Nest] 448  - [39m09/06/2026, 11:31:23 pm [33m   WARN[39m [38;5;3m[LexMentorAiService] [39m[33mAll model providers failed. Returning local legal fallback. Reasons: DeepSeek: skipped during temporary cooldown | Gemini: skipped during temporary cooldown | OpenAI: skipped during temporary cooldown[39m
[2J[3J[H[[90m11:32:53 pm[0m] File change detected. Starting incremental compilation...

[[90m11:32:53 pm[0m] Found 0 errors. Watching for file changes.

[32m[Nest] 5452  - [39m09/06/2026, 11:32:55 pm [32m    LOG[39m [38;5;3m[NestFactory] [39m[32mStarting Nest application...[39m
[32m[Nest] 5452  - [39m09/06/2026, 11:32:55 pm [32m    LOG[39m [38;5;3m[InstanceLoader] [39m[32mAppModule dependencies initialized[39m[38;5;3m +24ms[39m
[32m[Nest] 5452  - [39m09/06/2026, 11:32:55 pm [32m    LOG[39m [38;5;3m[InstanceLoader] [39m[32mTypeOrmModule dependencies initialized[39m[38;5;3m +1ms[39m
[32m[Nest] 5452  - [39m09/06/2026, 11:32:55 pm [32m    LOG[39m [38;5;3m[InstanceLoader] [39m[32mLegalDomainModule dependencies initialized[39m[38;5;3m +0ms[39m
[32m[Nest] 5452  - [39m09/06/2026, 11:32:55 pm [32m    LOG[39m [38;5;3m[InstanceLoader] [39m[32mRetrievalModule dependencies initialized[39m[38;5;3m +1ms[39m
[32m[Nest] 5452  - [39m09/06/2026, 11:32:55 pm [32m    LOG[39m [38;5;3m[InstanceLoader] [39m[32mJudgmentModule dependencies initialized[39m[38;5;3m +0ms[39m
[32m[Nest] 5452  - [39m09/06/2026, 11:32:55 pm [32m    LOG[39m [38;5;3m[InstanceLoader] [39m[32mContractModule dependencies initialized[39m[38;5;3m +0ms[39m
[32m[Nest] 5452  - [39m09/06/2026, 11:32:55 pm [32m    LOG[39m [38;5;3m[InstanceLoader] [39m[32mIngestionModule dependencies initialized[39m[38;5;3m +0ms[39m
[32m[Nest] 5452  - [39m09/06/2026, 11:32:55 pm [32m    LOG[39m [38;5;3m[InstanceLoader] [39m[32mChatModule dependencies initialized[39m[38;5;3m +1ms[39m
[32m[Nest] 5452  - [39m09/06/2026, 11:32:55 pm [32m    LOG[39m [38;5;3m[InstanceLoader] [39m[32mTypeOrmCoreModule dependencies initialized[39m[38;5;3m +42ms[39m
[32m[Nest] 5452  - [39m09/06/2026, 11:32:55 pm [32m    LOG[39m [38;5;3m[InstanceLoader] [39m[32mTypeOrmModule dependencies initialized[39m[38;5;3m +1ms[39m
[32m[Nest] 5452  - [39m09/06/2026, 11:32:55 pm [32m    LOG[39m [38;5;3m[InstanceLoader] [39m[32mTypeOrmModule dependencies initialized[39m[38;5;3m +0ms[39m
[32m[Nest] 5452  - [39m09/06/2026, 11:32:55 pm [32m    LOG[39m [38;5;3m[InstanceLoader] [39m[32mTypeOrmModule dependencies initialized[39m[38;5;3m +0ms[39m
[32m[Nest] 5452  - [39m09/06/2026, 11:32:55 pm [32m    LOG[39m [38;5;3m[InstanceLoader] [39m[32mTypeOrmModule dependencies initialized[39m[38;5;3m +1ms[39m
[32m[Nest] 5452  - [39m09/06/2026, 11:32:55 pm [32m    LOG[39m [38;5;3m[InstanceLoader] [39m[32mFounderSecurityModule dependencies initialized[39m[38;5;3m +1ms[39m
[32m[Nest] 5452  - [39m09/06/2026, 11:32:55 pm [32m    LOG[39m [38;5;3m[InstanceLoader] [39m[32mResearchModule dependencies initialized[39m[38;5;3m +0ms[39m
[32m[Nest] 5452  - [39m09/06/2026, 11:32:55 pm [32m    LOG[39m [38;5;3m[InstanceLoader] [39m[32mNotebookModule dependencies initialized[39m[38;5;3m +0ms[39m
[32m[Nest] 5452  - [39m09/06/2026, 11:32:55 pm [32m    LOG[39m [38;5;3m[InstanceLoader] [39m[32mExamModule dependencies initialized[39m[38;5;3m +0ms[39m
[32m[Nest] 5452  - [39m09/06/2026, 11:32:55 pm [32m    LOG[39m [38;5;3m[RoutesResolver] [39m[32mJudgmentController {/api/v1/judgments}:[39m[38;5;3m +25ms[39m
[32m[Nest] 5452  - [39m09/06/2026, 11:32:55 pm [32m    LOG[39m [38;5;3m[RouterExplorer] [39m[32mMapped {/api/v1/judgments/upload, POST} route[39m[38;5;3m +3ms[39m
[32m[Nest] 5452  - [39m09/06/2026, 11:32:55 pm [32m    LOG[39m [38;5;3m[RouterExplorer] [39m[32mMapped {/api/v1/judgments/:id/structure, GET} route[39m[38;5;3m +1ms[39m
[32m[Nest] 5452  - [39m09/06/2026, 11:32:55 pm [32m    LOG[39m [38;5;3m[RouterExplorer] [39m[32mMapped {/api/v1/judgments/:id/explain, POST} route[39m[38;5;3m +0ms[39m
[32m[Nest] 5452  - [39m09/06/2026, 11:32:55 pm [32m    LOG[39m [38;5;3m[RoutesResolver] [39m[32mChatController {/api/v1/chat}:[39m[38;5;3m +1ms[39m
[32m[Nest] 5452  - [39m09/06/2026, 11:32:55 pm [32m    LOG[39m [38;5;3m[RouterExplorer] [39m[32mMapped {/api/v1/chat/message, POST} route[39m[38;5;3m +0ms[39m
[32m[Nest] 5452  - [39m09/06/2026, 11:32:55 pm [32m    LOG[39m [38;5;3m[RouterExplorer] [39m[32mMapped {/api/v1/chat/history/:sessionId, GET} route[39m[38;5;3m +0ms[39m
[32m[Nest] 5452  - [39m09/06/2026, 11:32:55 pm [32m    LOG[39m [38;5;3m[RouterExplorer] [39m[32mMapped {/api/v1/chat/history/:sessionId, DELETE} route[39m[38;5;3m +1ms[39m
[32m[Nest] 5452  - [39m09/06/2026, 11:32:55 pm [32m    LOG[39m [38;5;3m[RouterExplorer] [39m[32mMapped {/api/v1/chat/search, POST} route[39m[38;5;3m +0ms[39m
[32m[Nest] 5452  - [39m09/06/2026, 11:32:55 pm [32m    LOG[39m [38;5;3m[RouterExplorer] [39m[32mMapped {/api/v1/chat/citations/:messageId, GET} route[39m[38;5;3m +0ms[39m
[32m[Nest] 5452  - [39m09/06/2026, 11:32:55 pm [32m    LOG[39m [38;5;3m[RoutesResolver] [39m[32mContractController {/api/v1/contracts}:[39m[38;5;3m +0ms[39m
[32m[Nest] 5452  - [39m09/06/2026, 11:32:55 pm [32m    LOG[39m [38;5;3m[RouterExplorer] [39m[32mMapped {/api/v1/contracts/review, POST} route[39m[38;5;3m +1ms[39m
[32m[Nest] 5452  - [39m09/06/2026, 11:32:55 pm [32m    LOG[39m [38;5;3m[RouterExplorer] [39m[32mMapped {/api/v1/contracts/:id/risks, GET} route[39m[38;5;3m +0ms[39m
[32m[Nest] 5452  - [39m09/06/2026, 11:32:55 pm [32m    LOG[39m [38;5;3m[RouterExplorer] [39m[32mMapped {/api/v1/contracts/:id/clauses, POST} route[39m[38;5;3m +1ms[39m
[32m[Nest] 5452  - [39m09/06/2026, 11:32:55 pm [32m    LOG[39m [38;5;3m[RoutesResolver] [39m[32mNotebookController {/api/v1/notebook}:[39m[38;5;3m +0ms[39m
[32m[Nest] 5452  - [39m09/06/2026, 11:32:55 pm [32m    LOG[39m [38;5;3m[RouterExplorer] [39m[32mMapped {/api/v1/notebook/documents, GET} route[39m[38;5;3m +0ms[39m
[32m[Nest] 5452  - [39m09/06/2026, 11:32:55 pm [32m    LOG[39m [38;5;3m[RouterExplorer] [39m[32mMapped {/api/v1/notebook/documents/:id, GET} route[39m[38;5;3m +1ms[39m
[32m[Nest] 5452  - [39m09/06/2026, 11:32:55 pm [32m    LOG[39m [38;5;3m[RouterExplorer] [39m[32mMapped {/api/v1/notebook/documents/:id/preview, GET} route[39m[38;5;3m +0ms[39m
[32m[Nest] 5452  - [39m09/06/2026, 11:32:55 pm [32m    LOG[39m [38;5;3m[RouterExplorer] [39m[32mMapped {/api/v1/notebook/documents/:id/file, GET} route[39m[38;5;3m +0ms[39m
[32m[Nest] 5452  - [39m09/06/2026, 11:32:55 pm [32m    LOG[39m [38;5;3m[RouterExplorer] [39m[32mMapped {/api/v1/notebook/documents/:id/chunks, GET} route[39m[38;5;3m +0ms[39m
[32m[Nest] 5452  - [39m09/06/2026, 11:32:55 pm [32m    LOG[39m [38;5;3m[RouterExplorer] [39m[32mMapped {/api/v1/notebook/documents/:id/chat-history, GET} route[39m[38;5;3m +1ms[39m
[32m[Nest] 5452  - [39m09/06/2026, 11:32:55 pm [32m    LOG[39m [38;5;3m[RouterExplorer] [39m[32mMapped {/api/v1/notebook/documents/:id/reprocess, POST} route[39m[38;5;3m +0ms[39m
[32m[Nest] 5452  - [39m09/06/2026, 11:32:55 pm [32m    LOG[39m [38;5;3m[RouterExplorer] [39m[32mMapped {/api/v1/notebook/documents/:id/extraction, GET} route[39m[38;5;3m +0ms[39m
[32m[Nest] 5452  - [39m09/06/2026, 11:32:55 pm [32m    LOG[39m [38;5;3m[RouterExplorer] [39m[32mMapped {/api/v1/notebook/documents/:id/extraction, POST} route[39m[38;5;3m +1ms[39m
[32m[Nest] 5452  - [39m09/06/2026, 11:32:55 pm [32m    LOG[39m [38;5;3m[RouterExplorer] [39m[32mMapped {/api/v1/notebook/documents/:id/study-forge/generate, POST} route[39m[38;5;3m +0ms[39m
[32m[Nest] 5452  - [39m09/06/2026, 11:32:55 pm [32m    LOG[39m [38;5;3m[RouterExplorer] [39m[32mMapped {/api/v1/notebook/documents/:id/study-forge/flashcards/:cardId/rate, POST} route[39m[38;5;3m +0ms[39m
[32m[Nest] 5452  - [39m09/06/2026, 11:32:55 pm [32m    LOG[39m [38;5;3m[RouterExplorer] [39m[32mMapped {/api/v1/notebook/documents/:id/study-forge/quiz-attempt, POST} route[39m[38;5;3m +1ms[39m
[32m[Nest] 5452  - [39m09/06/2026, 11:32:55 pm [32m    LOG[39m [38;5;3m[RouterExplorer] [39m[32mMapped {/api/v1/notebook/graph, GET} route[39m[38;5;3m +0ms[39m
[32m[Nest] 5452  - [39m09/06/2026, 11:32:55 pm [32m    LOG[39m [38;5;3m[RouterExplorer] [39m[32mMapped {/api/v1/notebook/search, GET} route[39m[38;5;3m +0ms[39m
[32m[Nest] 5452  - [39m09/06/2026, 11:32:55 pm [32m    LOG[39m [38;5;3m[RouterExplorer] [39m[32mMapped {/api/v1/notebook/documents/:id, DELETE} route[39m[38;5;3m +0ms[39m
[32m[Nest] 5452  - [39m09/06/2026, 11:32:55 pm [32m    LOG[39m [38;5;3m[RouterExplorer] [39m[32mMapped {/api/v1/notebook/upload, POST} route[39m[38;5;3m +1ms[39m
[32m[Nest] 5452  - [39m09/06/2026, 11:32:55 pm [32m    LOG[39m [38;5;3m[RouterExplorer] [39m[32mMapped {/api/v1/notebook/chat, POST} route[39m[38;5;3m +0ms[39m
[32m[Nest] 5452  - [39m09/06/2026, 11:32:55 pm [32m    LOG[39m [38;5;3m[RoutesResolver] [39m[32mResearchController {/api/v1/research}:[39m[38;5;3m +1ms[39m
[32m[Nest] 5452  - [39m09/06/2026, 11:32:55 pm [32m    LOG[39m [38;5;3m[RouterExplorer] [39m[32mMapped {/api/v1/research/query, POST} route[39m[38;5;3m +0ms[39m
[32m[Nest] 5452  - [39m09/06/2026, 11:32:55 pm [32m    LOG[39m [38;5;3m[RouterExplorer] [39m[32mMapped {/api/v1/research/query/all, GET} route[39m[38;5;3m +0ms[39m
[32m[Nest] 5452  - [39m09/06/2026, 11:32:55 pm [32m    LOG[39m [38;5;3m[RouterExplorer] [39m[32mMapped {/api/v1/research/query/:id, GET} route[39m[38;5;3m +1ms[39m
[32m[Nest] 5452  - [39m09/06/2026, 11:32:55 pm [32m    LOG[39m [38;5;3m[RouterExplorer] [39m[32mMapped {/api/v1/research/report, POST} route[39m[38;5;3m +0ms[39m
[32m[Nest] 5452  - [39m09/06/2026, 11:32:55 pm [32m    LOG[39m [38;5;3m[RouterExplorer] [39m[32mMapped {/api/v1/research/report/:id, GET} route[39m[38;5;3m +0ms[39m
[32m[Nest] 5452  - [39m09/06/2026, 11:32:55 pm [32m    LOG[39m [38;5;3m[RouterExplorer] [39m[32mMapped {/api/v1/research/report/:id, PUT} route[39m[38;5;3m +0ms[39m
[32m[Nest] 5452  - [39m09/06/2026, 11:32:55 pm [32m    LOG[39m [38;5;3m[RouterExplorer] [39m[32mMapped {/api/v1/research/report/:id, DELETE} route[39m[38;5;3m +1ms[39m
[32m[Nest] 5452  - [39m09/06/2026, 11:32:55 pm [32m    LOG[39m [38;5;3m[RouterExplorer] [39m[32mMapped {/api/v1/research/note, POST} route[39m[38;5;3m +0ms[39m
[32m[Nest] 5452  - [39m09/06/2026, 11:32:55 pm [32m    LOG[39m [38;5;3m[RouterExplorer] [39m[32mMapped {/api/v1/research/note/:id, GET} route[39m[38;5;3m +0ms[39m
[32m[Nest] 5452  - [39m09/06/2026, 11:32:55 pm [32m    LOG[39m [38;5;3m[RouterExplorer] [39m[32mMapped {/api/v1/research/note/:id, PUT} route[39m[38;5;3m +0ms[39m
[32m[Nest] 5452  - [39m09/06/2026, 11:32:55 pm [32m    LOG[39m [38;5;3m[RouterExplorer] [39m[32mMapped {/api/v1/research/note/:id, DELETE} route[39m[38;5;3m +1ms[39m
[32m[Nest] 5452  - [39m09/06/2026, 11:32:55 pm [32m    LOG[39m [38;5;3m[RouterExplorer] [39m[32mMapped {/api/v1/research/source, POST} route[39m[38;5;3m +0ms[39m
[32m[Nest] 5452  - [39m09/06/2026, 11:32:55 pm [32m    LOG[39m [38;5;3m[RouterExplorer] [39m[32mMapped {/api/v1/research/source/:id, GET} route[39m[38;5;3m +0ms[39m
[32m[Nest] 5452  - [39m09/06/2026, 11:32:55 pm [32m    LOG[39m [38;5;3m[RouterExplorer] [39m[32mMapped {/api/v1/research/source/:id, DELETE} route[39m[38;5;3m +0ms[39m
[32m[Nest] 5452  - [39m09/06/2026, 11:32:55 pm [32m    LOG[39m [38;5;3m[RouterExplorer] [39m[32mMapped {/api/v1/research/save, POST} route[39m[38;5;3m +1ms[39m
[32m[Nest] 5452  - [39m09/06/2026, 11:32:55 pm [32m    LOG[39m [38;5;3m[RouterExplorer] [39m[32mMapped {/api/v1/research/save/all, GET} route[39m[38;5;3m +0ms[39m
[32m[Nest] 5452  - [39m09/06/2026, 11:32:55 pm [32m    LOG[39m [38;5;3m[RouterExplorer] [39m[32mMapped {/api/v1/research/save/:id, DELETE} route[39m[38;5;3m +0ms[39m
[32m[Nest] 5452  - [39m09/06/2026, 11:32:55 pm [32m    LOG[39m [38;5;3m[RouterExplorer] [39m[32mMapped {/api/v1/research/asset, POST} route[39m[38;5;3m +0ms[39m
[32m[Nest] 5452  - [39m09/06/2026, 11:32:55 pm [32m    LOG[39m [38;5;3m[RouterExplorer] [39m[32mMapped {/api/v1/research/upload, POST} route[39m[38;5;3m +1ms[39m
[32m[Nest] 5452  - [39m09/06/2026, 11:32:55 pm [32m    LOG[39m [38;5;3m[RouterExplorer] [39m[32mMapped {/api/v1/research/documents/:queryId, GET} route[39m[38;5;3m +0ms[39m
[32m[Nest] 5452  - [39m09/06/2026, 11:32:55 pm [32m    LOG[39m [38;5;3m[RouterExplorer] [39m[32mMapped {/api/v1/research/generate, POST} route[39m[38;5;3m +0ms[39m
[32m[Nest] 5452  - [39m09/06/2026, 11:32:55 pm [32m    LOG[39m [38;5;3m[RouterExplorer] [39m[32mMapped {/api/v1/research/challenge, POST} route[39m[38;5;3m +0ms[39m
[32m[Nest] 5452  - [39m09/06/2026, 11:32:55 pm [32m    LOG[39m [38;5;3m[RoutesResolver] [39m[32mIngestionController {/api/v1/ingestion}:[39m[38;5;3m +0ms[39m
[32m[Nest] 5452  - [39m09/06/2026, 11:32:55 pm [32m    LOG[39m [38;5;3m[RouterExplorer] [39m[32mMapped {/api/v1/ingestion/status, GET} route[39m[38;5;3m +1ms[39m
[32m[Nest] 5452  - [39m09/06/2026, 11:32:55 pm [32m    LOG[39m [38;5;3m[RouterExplorer] [39m[32mMapped {/api/v1/ingestion/init-collections, POST} route[39m[38;5;3m +0ms[39m
[32m[Nest] 5452  - [39m09/06/2026, 11:32:55 pm [32m    LOG[39m [38;5;3m[RouterExplorer] [39m[32mMapped {/api/v1/ingestion/ingest, POST} route[39m[38;5;3m +0ms[39m
[32m[Nest] 5452  - [39m09/06/2026, 11:32:55 pm [32m    LOG[39m [38;5;3m[RouterExplorer] [39m[32mMapped {/api/v1/ingestion/ingest-text, POST} route[39m[38;5;3m +1ms[39m
[32m[Nest] 5452  - [39m09/06/2026, 11:32:55 pm [32m    LOG[39m [38;5;3m[RouterExplorer] [39m[32mMapped {/api/v1/ingestion/ingest-batch, POST} route[39m[38;5;3m +0ms[39m
[32m[Nest] 5452  - [39m09/06/2026, 11:32:55 pm [32m    LOG[39m [38;5;3m[RoutesResolver] [39m[32mExamController {/api/v1/exam}:[39m[38;5;3m +0ms[39m
[32m[Nest] 5452  - [39m09/06/2026, 11:32:55 pm [32m    LOG[39m [38;5;3m[RouterExplorer] [39m[32mMapped {/api/v1/exam, POST} route[39m[38;5;3m +0ms[39m
[32m[Nest] 5452  - [39m09/06/2026, 11:32:55 pm [32m    LOG[39m [38;5;3m[RouterExplorer] [39m[32mMapped {/api/v1/exam, GET} route[39m[38;5;3m +1ms[39m
[32m[Nest] 5452  - [39m09/06/2026, 11:32:55 pm [32m    LOG[39m [38;5;3m[RouterExplorer] [39m[32mMapped {/api/v1/exam/:id, GET} route[39m[38;5;3m +0ms[39m
[32m[Nest] 5452  - [39m09/06/2026, 11:32:55 pm [32m    LOG[39m [38;5;3m[RouterExplorer] [39m[32mMapped {/api/v1/exam/:id/mock, POST} route[39m[38;5;3m +0ms[39m
[32m[Nest] 5452  - [39m09/06/2026, 11:32:55 pm [32m    LOG[39m [38;5;3m[RouterExplorer] [39m[32mMapped {/api/v1/exam/assistant, POST} route[39m[38;5;3m +1ms[39m
[32m[Nest] 5452  - [39m09/06/2026, 11:32:55 pm [32m    LOG[39m [38;5;3m[RouterExplorer] [39m[32mMapped {/api/v1/exam/dashboard/recommendations, GET} route[39m[38;5;3m +0ms[39m
[32m[Nest] 5452  - [39m09/06/2026, 11:32:55 pm [32m    LOG[39m [38;5;3m[RouterExplorer] [39m[32mMapped {/api/v1/exam/doubt-solve, POST} route[39m[38;5;3m +0ms[39m
[32m[Nest] 5452  - [39m09/06/2026, 11:32:55 pm [32m    LOG[39m [38;5;3m[RouterExplorer] [39m[32mMapped {/api/v1/exam/oauth-tokens, POST} route[39m[38;5;3m +0ms[39m
[32m[Nest] 5452  - [39m09/06/2026, 11:32:55 pm [32m    LOG[39m [38;5;3m[RouterExplorer] [39m[32mMapped {/api/v1/exam/dashboard/notifications, GET} route[39m[38;5;3m +0ms[39m
[32m[Nest] 5452  - [39m09/06/2026, 11:32:55 pm [32m    LOG[39m [38;5;3m[RouterExplorer] [39m[32mMapped {/api/v1/exam/dashboard/notifications/read, POST} route[39m[38;5;3m +1ms[39m
[32m[Nest] 5452  - [39m09/06/2026, 11:32:55 pm [32m    LOG[39m [38;5;3m[RouterExplorer] [39m[32mMapped {/api/v1/exam/calendar/events, GET} route[39m[38;5;3m +0ms[39m
[32m[Nest] 5452  - [39m09/06/2026, 11:32:55 pm [32m    LOG[39m [38;5;3m[RouterExplorer] [39m[32mMapped {/api/v1/exam/calendar/events, POST} route[39m[38;5;3m +0ms[39m
[32m[Nest] 5452  - [39m09/06/2026, 11:32:55 pm [32m    LOG[39m [38;5;3m[RoutesResolver] [39m[32mFounderSecurityController {/api/v1/founder-security}:[39m[38;5;3m +1ms[39m
[32m[Nest] 5452  - [39m09/06/2026, 11:32:55 pm [32m    LOG[39m [38;5;3m[RouterExplorer] [39m[32mMapped {/api/v1/founder-security/settings, GET} route[39m[38;5;3m +0ms[39m
[32m[Nest] 5452  - [39m09/06/2026, 11:32:55 pm [32m    LOG[39m [38;5;3m[RouterExplorer] [39m[32mMapped {/api/v1/founder-security/settings, PUT} route[39m[38;5;3m +0ms[39m
[32m[Nest] 5452  - [39m09/06/2026, 11:32:55 pm [32m    LOG[39m [38;5;3m[RouterExplorer] [39m[32mMapped {/api/v1/founder-security/events, GET} route[39m[38;5;3m +0ms[39m
[32m[Nest] 5452  - [39m09/06/2026, 11:32:55 pm [32m    LOG[39m [38;5;3m[RouterExplorer] [39m[32mMapped {/api/v1/founder-security/events, POST} route[39m[38;5;3m +0ms[39m
[32m[Nest] 5452  - [39m09/06/2026, 11:32:55 pm [32m    LOG[39m [38;5;3m[RouterExplorer] [39m[32mMapped {/api/v1/founder-security/clear-locks, GET} route[39m[38;5;3m +1ms[39m
[32m[Nest] 5452  - [39m09/06/2026, 11:32:55 pm [32m    LOG[39m [38;5;3m[RouterExplorer] [39m[32mMapped {/api/v1/founder-security/admin-login, POST} route[39m[38;5;3m +0ms[39m
[32m[Nest] 5452  - [39m09/06/2026, 11:32:55 pm [32m    LOG[39m [38;5;3m[RouterExplorer] [39m[32mMapped {/api/v1/founder-security/verify-question, POST} route[39m[38;5;3m +0ms[39m
[32m[Nest] 5452  - [39m09/06/2026, 11:32:55 pm [32m    LOG[39m [38;5;3m[RouterExplorer] [39m[32mMapped {/api/v1/founder-security/login-approve, GET} route[39m[38;5;3m +1ms[39m
[32m[Nest] 5452  - [39m09/06/2026, 11:32:55 pm [32m    LOG[39m [38;5;3m[RouterExplorer] [39m[32mMapped {/api/v1/founder-security/login-reject, GET} route[39m[38;5;3m +0ms[39m
[32m[Nest] 5452  - [39m09/06/2026, 11:32:55 pm [32m    LOG[39m [38;5;3m[RouterExplorer] [39m[32mMapped {/api/v1/founder-security/login-status, GET} route[39m[38;5;3m +1ms[39m
[32m[Nest] 5452  - [39m09/06/2026, 11:32:55 pm [32m    LOG[39m [38;5;3m[RoutesResolver] [39m[32mSecurityTestController {/api/v1/api/security}:[39m[38;5;3m +0ms[39m
[32m[Nest] 5452  - [39m09/06/2026, 11:32:55 pm [32m    LOG[39m [38;5;3m[RouterExplorer] [39m[32mMapped {/api/security/test-email, GET} route[39m[38;5;3m +0ms[39m
[32m[Nest] 5452  - [39m09/06/2026, 11:32:55 pm [32m    LOG[39m [38;5;3m[RouterExplorer] [39m[32mMapped {/api/security/test-email, POST} route[39m[38;5;3m +1ms[39m
[32m[Nest] 5452  - [39m09/06/2026, 11:32:55 pm [32m    LOG[39m [38;5;3m[QdrantService] [39m[32mInitializing Qdrant client with URL: https://dd284eb5-9c7e-4f0e-92fd-815f87684ce0.us-west-1-0.aws.cloud.qdrant.io[39m
[32m[Nest] 5452  - [39m09/06/2026, 11:32:55 pm [32m    LOG[39m [38;5;3m[QdrantService] [39m[32mTesting Qdrant connection...[39m
[32m[Nest] 5452  - [39m09/06/2026, 11:32:55 pm [32m    LOG[39m [38;5;3m[BgeM3Provider] [39m[32mInitializing BGE-M3 provider → http://localhost:8100[39m
[32m[Nest] 5452  - [39m09/06/2026, 11:32:55 pm [32m    LOG[39m [38;5;3m[NestApplication] [39m[32mNest application successfully started[39m[38;5;3m +10ms[39m
[LEGATRIXON SERVER] NestJS Engine running on: http://localhost:4000/api/v1
[33m[Nest] 5452  - [39m09/06/2026, 11:32:55 pm [33m   WARN[39m [38;5;3m[BgeM3Provider] [39m[33mBGE-M3 sidecar unreachable at http://localhost:8100: . Embeddings will fail until the sidecar is started.[39m
[32m[Nest] 5452  - [39m09/06/2026, 11:32:56 pm [32m    LOG[39m [38;5;3m[QdrantService] [39m[32mSuccessfully connected to Qdrant.[39m
[32m[Nest] 5452  - [39m09/06/2026, 11:32:56 pm [32m    LOG[39m [38;5;3m[QdrantService] [39m[32mCollection judgments already exists.[39m
[32m[Nest] 5452  - [39m09/06/2026, 11:32:57 pm [32m    LOG[39m [38;5;3m[QdrantService] [39m[32mCollection acts already exists.[39m
[32m[Nest] 5452  - [39m09/06/2026, 11:32:57 pm [32m    LOG[39m [38;5;3m[QdrantService] [39m[32mCollection research_papers already exists.[39m
[32m[Nest] 5452  - [39m09/06/2026, 11:32:57 pm [32m    LOG[39m [38;5;3m[QdrantService] [39m[32mCollection law_commission_reports already exists.[39m
[32m[Nest] 5452  - [39m09/06/2026, 11:32:57 pm [32m    LOG[39m [38;5;3m[QdrantService] [39m[32mCollection user_documents already exists.[39m
[33m[Nest] 5452  - [39m09/06/2026, 11:34:20 pm [33m   WARN[39m [38;5;3m[LexMentorAiService] [39m[33mLexMentor Qdrant retrieval skipped: BGE-M3 sidecar is unavailable.[39m
[32m[Nest] 5452  - [39m09/06/2026, 11:34:20 pm [32m    LOG[39m [38;5;3m[LexMentorAiService] [39m[32mLexMentor Intent Detected: Definition Request[39m
[32m[Nest] 5452  - [39m09/06/2026, 11:34:20 pm [32m    LOG[39m [38;5;3m[LexMentorAiService] [39m[32mLexMentor Mode: Intermediate[39m
[33m[Nest] 5452  - [39m09/06/2026, 11:34:21 pm [33m   WARN[39m [38;5;3m[LexMentorAiService] [39m[33mModel provider deepseek placed on cooldown for 300s. Reason: Request failed with status code 402[39m
[33m[Nest] 5452  - [39m09/06/2026, 11:34:21 pm [33m   WARN[39m [38;5;3m[LexMentorAiService] [39m[33mDeepSeek failed for LexMentor. Trying Gemini fallback. Reason: Request failed with status code 402[39m
[32m[Nest] 5452  - [39m09/06/2026, 11:34:21 pm [32m    LOG[39m [38;5;3m[LexMentorAiService] [39m[32mLexMentor Intent Detected: Definition Request[39m
[32m[Nest] 5452  - [39m09/06/2026, 11:34:21 pm [32m    LOG[39m [38;5;3m[LexMentorAiService] [39m[32mLexMentor Mode: Intermediate[39m
[33m[Nest] 5452  - [39m09/06/2026, 11:34:22 pm [33m   WARN[39m [38;5;3m[LexMentorAiService] [39m[33mModel provider gemini placed on cooldown for 300s. Reason: Request failed with status code 429[39m
[33m[Nest] 5452  - [39m09/06/2026, 11:34:22 pm [33m   WARN[39m [38;5;3m[LexMentorAiService] [39m[33mGemini fallback failed for LexMentor. Trying OpenAI fallback. Reason: Request failed with status code 429[39m
[32m[Nest] 5452  - [39m09/06/2026, 11:34:22 pm [32m    LOG[39m [38;5;3m[LexMentorAiService] [39m[32mLexMentor Intent Detected: Definition Request[39m
[32m[Nest] 5452  - [39m09/06/2026, 11:34:22 pm [32m    LOG[39m [38;5;3m[LexMentorAiService] [39m[32mLexMentor Mode: Intermediate[39m
[33m[Nest] 5452  - [39m09/06/2026, 11:34:23 pm [33m   WARN[39m [38;5;3m[LexMentorAiService] [39m[33mModel provider openai placed on cooldown for 300s. Reason: Request failed with status code 429[39m
[33m[Nest] 5452  - [39m09/06/2026, 11:34:23 pm [33m   WARN[39m [38;5;3m[LexMentorAiService] [39m[33mAll model providers failed. Returning local legal fallback. Reasons: DeepSeek: Request failed with status code 402 | Gemini: Request failed with status code 429 | OpenAI: Request failed with status code 429[39m
[33m[Nest] 5452  - [39m09/06/2026, 11:34:23 pm [33m   WARN[39m [38;5;3m[LexMentorAiService] [39m[33mLexMentor Qdrant retrieval skipped: BGE-M3 sidecar is unavailable.[39m
[33m[Nest] 5452  - [39m09/06/2026, 11:34:23 pm [33m   WARN[39m [38;5;3m[LexMentorAiService] [39m[33mAll model providers failed. Returning local legal fallback. Reasons: DeepSeek: skipped during temporary cooldown | Gemini: skipped during temporary cooldown | OpenAI: skipped during temporary cooldown[39m
[33m[Nest] 5452  - [39m09/06/2026, 11:35:46 pm [33m   WARN[39m [38;5;3m[LexMentorAiService] [39m[33mLexMentor Qdrant retrieval skipped: BGE-M3 sidecar is unavailable.[39m
[33m[Nest] 5452  - [39m09/06/2026, 11:35:46 pm [33m   WARN[39m [38;5;3m[LexMentorAiService] [39m[33mAll model providers failed. Returning local legal fallback. Reasons: DeepSeek: skipped during temporary cooldown | Gemini: skipped during temporary cooldown | OpenAI: skipped during temporary cooldown[39m
