
> legatrixon-server@1.0.0 start:dev
> nest start --watch

[2J[3J[H[[90m11:05:22 am[0m] Starting compilation in watch mode...

[[90m11:05:27 am[0m] Found 0 errors. Watching for file changes.

[32m[Nest] 13504  - [39m17/06/2026, 11:05:28 am [32m    LOG[39m [38;5;3m[NestFactory] [39m[32mStarting Nest application...[39m
[32m[Nest] 13504  - [39m17/06/2026, 11:05:28 am [32m    LOG[39m [38;5;3m[InstanceLoader] [39m[32mAppModule dependencies initialized[39m[38;5;3m +43ms[39m
[32m[Nest] 13504  - [39m17/06/2026, 11:05:28 am [32m    LOG[39m [38;5;3m[InstanceLoader] [39m[32mTypeOrmModule dependencies initialized[39m[38;5;3m +1ms[39m
[32m[Nest] 13504  - [39m17/06/2026, 11:05:28 am [32m    LOG[39m [38;5;3m[InstanceLoader] [39m[32mLegalDomainModule dependencies initialized[39m[38;5;3m +0ms[39m
[32m[Nest] 13504  - [39m17/06/2026, 11:05:28 am [32m    LOG[39m [38;5;3m[InstanceLoader] [39m[32mRetrievalModule dependencies initialized[39m[38;5;3m +1ms[39m
[32m[Nest] 13504  - [39m17/06/2026, 11:05:28 am [32m    LOG[39m [38;5;3m[InstanceLoader] [39m[32mTypeOrmCoreModule dependencies initialized[39m[38;5;3m +87ms[39m
[32m[Nest] 13504  - [39m17/06/2026, 11:05:28 am [32m    LOG[39m [38;5;3m[InstanceLoader] [39m[32mTypeOrmModule dependencies initialized[39m[38;5;3m +1ms[39m
[32m[Nest] 13504  - [39m17/06/2026, 11:05:28 am [32m    LOG[39m [38;5;3m[InstanceLoader] [39m[32mTypeOrmModule dependencies initialized[39m[38;5;3m +0ms[39m
[32m[Nest] 13504  - [39m17/06/2026, 11:05:28 am [32m    LOG[39m [38;5;3m[InstanceLoader] [39m[32mTypeOrmModule dependencies initialized[39m[38;5;3m +1ms[39m
[32m[Nest] 13504  - [39m17/06/2026, 11:05:28 am [32m    LOG[39m [38;5;3m[InstanceLoader] [39m[32mTypeOrmModule dependencies initialized[39m[38;5;3m +0ms[39m
[32m[Nest] 13504  - [39m17/06/2026, 11:05:28 am [32m    LOG[39m [38;5;3m[InstanceLoader] [39m[32mTypeOrmModule dependencies initialized[39m[38;5;3m +0ms[39m
[32m[Nest] 13504  - [39m17/06/2026, 11:05:28 am [32m    LOG[39m [38;5;3m[InstanceLoader] [39m[32mTypeOrmModule dependencies initialized[39m[38;5;3m +0ms[39m
[32m[Nest] 13504  - [39m17/06/2026, 11:05:28 am [32m    LOG[39m [38;5;3m[InstanceLoader] [39m[32mTypeOrmModule dependencies initialized[39m[38;5;3m +1ms[39m
[32m[Nest] 13504  - [39m17/06/2026, 11:05:28 am [32m    LOG[39m [38;5;3m[InstanceLoader] [39m[32mTypeOrmModule dependencies initialized[39m[38;5;3m +0ms[39m
[32m[Nest] 13504  - [39m17/06/2026, 11:05:28 am [32m    LOG[39m [38;5;3m[InstanceLoader] [39m[32mTypeOrmModule dependencies initialized[39m[38;5;3m +0ms[39m
[32m[Nest] 13504  - [39m17/06/2026, 11:05:28 am [32m    LOG[39m [38;5;3m[NotificationService] [39m[32mStarting background notification dispatcher...[39m
[32m[Nest] 13504  - [39m17/06/2026, 11:05:28 am [32m    LOG[39m [38;5;3m[InstanceLoader] [39m[32mFounderSecurityModule dependencies initialized[39m[38;5;3m +4ms[39m
[32m[Nest] 13504  - [39m17/06/2026, 11:05:28 am [32m    LOG[39m [38;5;3m[InstanceLoader] [39m[32mStudentVerificationModule dependencies initialized[39m[38;5;3m +0ms[39m
[32m[Nest] 13504  - [39m17/06/2026, 11:05:28 am [32m    LOG[39m [38;5;3m[InstanceLoader] [39m[32mIngestionModule dependencies initialized[39m[38;5;3m +1ms[39m
[32m[Nest] 13504  - [39m17/06/2026, 11:05:28 am [32m    LOG[39m [38;5;3m[InstanceLoader] [39m[32mJudgmentModule dependencies initialized[39m[38;5;3m +1ms[39m
[32m[Nest] 13504  - [39m17/06/2026, 11:05:28 am [32m    LOG[39m [38;5;3m[InstanceLoader] [39m[32mContractModule dependencies initialized[39m[38;5;3m +0ms[39m
[32m[Nest] 13504  - [39m17/06/2026, 11:05:28 am [32m    LOG[39m [38;5;3m[InstanceLoader] [39m[32mSettingsModule dependencies initialized[39m[38;5;3m +1ms[39m
[32m[Nest] 13504  - [39m17/06/2026, 11:05:28 am [32m    LOG[39m [38;5;3m[InstanceLoader] [39m[32mNotebookModule dependencies initialized[39m[38;5;3m +0ms[39m
[32m[Nest] 13504  - [39m17/06/2026, 11:05:28 am [32m    LOG[39m [38;5;3m[InstanceLoader] [39m[32mExamModule dependencies initialized[39m[38;5;3m +0ms[39m
[32m[Nest] 13504  - [39m17/06/2026, 11:05:28 am [32m    LOG[39m [38;5;3m[InstanceLoader] [39m[32mChatModule dependencies initialized[39m[38;5;3m +0ms[39m
[32m[Nest] 13504  - [39m17/06/2026, 11:05:28 am [32m    LOG[39m [38;5;3m[InstanceLoader] [39m[32mLearningWorkspaceModule dependencies initialized[39m[38;5;3m +0ms[39m
[32m[Nest] 13504  - [39m17/06/2026, 11:05:28 am [32m    LOG[39m [38;5;3m[InstanceLoader] [39m[32mResearchModule dependencies initialized[39m[38;5;3m +1ms[39m
[32m[Nest] 13504  - [39m17/06/2026, 11:05:28 am [32m    LOG[39m [38;5;3m[RoutesResolver] [39m[32mJudgmentController {/api/v1/judgments}:[39m[38;5;3m +26ms[39m
[32m[Nest] 13504  - [39m17/06/2026, 11:05:28 am [32m    LOG[39m [38;5;3m[RouterExplorer] [39m[32mMapped {/api/v1/judgments/:documentId/analyze, POST} route[39m[38;5;3m +3ms[39m
[32m[Nest] 13504  - [39m17/06/2026, 11:05:28 am [32m    LOG[39m [38;5;3m[RouterExplorer] [39m[32mMapped {/api/v1/judgments/:documentId/analysis, GET} route[39m[38;5;3m +0ms[39m
[32m[Nest] 13504  - [39m17/06/2026, 11:05:28 am [32m    LOG[39m [38;5;3m[RouterExplorer] [39m[32mMapped {/api/v1/judgments/:documentId/explain, POST} route[39m[38;5;3m +1ms[39m
[32m[Nest] 13504  - [39m17/06/2026, 11:05:28 am [32m    LOG[39m [38;5;3m[RouterExplorer] [39m[32mMapped {/api/v1/judgments/:documentId/evaluate-verdict, POST} route[39m[38;5;3m +1ms[39m
[32m[Nest] 13504  - [39m17/06/2026, 11:05:28 am [32m    LOG[39m [38;5;3m[RouterExplorer] [39m[32mMapped {/api/v1/judgments/:documentId/revision-notes, POST} route[39m[38;5;3m +0ms[39m
[32m[Nest] 13504  - [39m17/06/2026, 11:05:28 am [32m    LOG[39m [38;5;3m[RouterExplorer] [39m[32mMapped {/api/v1/judgments/:documentId/moot-court-kit, POST} route[39m[38;5;3m +0ms[39m
[32m[Nest] 13504  - [39m17/06/2026, 11:05:28 am [32m    LOG[39m [38;5;3m[RoutesResolver] [39m[32mChatController {/api/v1/chat}:[39m[38;5;3m +0ms[39m
[32m[Nest] 13504  - [39m17/06/2026, 11:05:28 am [32m    LOG[39m [38;5;3m[RouterExplorer] [39m[32mMapped {/api/v1/chat/message, POST} route[39m[38;5;3m +0ms[39m
[32m[Nest] 13504  - [39m17/06/2026, 11:05:28 am [32m    LOG[39m [38;5;3m[RouterExplorer] [39m[32mMapped {/api/v1/chat/history/:sessionId, GET} route[39m[38;5;3m +0ms[39m
[32m[Nest] 13504  - [39m17/06/2026, 11:05:28 am [32m    LOG[39m [38;5;3m[RouterExplorer] [39m[32mMapped {/api/v1/chat/history/:sessionId, DELETE} route[39m[38;5;3m +1ms[39m
[32m[Nest] 13504  - [39m17/06/2026, 11:05:28 am [32m    LOG[39m [38;5;3m[RouterExplorer] [39m[32mMapped {/api/v1/chat/fallback-metrics, GET} route[39m[38;5;3m +0ms[39m
[32m[Nest] 13504  - [39m17/06/2026, 11:05:28 am [32m    LOG[39m [38;5;3m[RouterExplorer] [39m[32mMapped {/api/v1/chat/token-analytics, GET} route[39m[38;5;3m +0ms[39m
[32m[Nest] 13504  - [39m17/06/2026, 11:05:28 am [32m    LOG[39m [38;5;3m[RouterExplorer] [39m[32mMapped {/api/v1/chat/cache-analytics, GET} route[39m[38;5;3m +1ms[39m
[32m[Nest] 13504  - [39m17/06/2026, 11:05:28 am [32m    LOG[39m [38;5;3m[RouterExplorer] [39m[32mMapped {/api/v1/chat/search, POST} route[39m[38;5;3m +0ms[39m
[32m[Nest] 13504  - [39m17/06/2026, 11:05:28 am [32m    LOG[39m [38;5;3m[RouterExplorer] [39m[32mMapped {/api/v1/chat/citations/:messageId, GET} route[39m[38;5;3m +0ms[39m
[32m[Nest] 13504  - [39m17/06/2026, 11:05:28 am [32m    LOG[39m [38;5;3m[RoutesResolver] [39m[32mContractController {/api/v1/contracts}:[39m[38;5;3m +0ms[39m
[32m[Nest] 13504  - [39m17/06/2026, 11:05:28 am [32m    LOG[39m [38;5;3m[RouterExplorer] [39m[32mMapped {/api/v1/contracts/review, POST} route[39m[38;5;3m +1ms[39m
[32m[Nest] 13504  - [39m17/06/2026, 11:05:28 am [32m    LOG[39m [38;5;3m[RouterExplorer] [39m[32mMapped {/api/v1/contracts/:id/risks, GET} route[39m[38;5;3m +0ms[39m
[32m[Nest] 13504  - [39m17/06/2026, 11:05:28 am [32m    LOG[39m [38;5;3m[RouterExplorer] [39m[32mMapped {/api/v1/contracts/:id/clauses, POST} route[39m[38;5;3m +0ms[39m
[32m[Nest] 13504  - [39m17/06/2026, 11:05:28 am [32m    LOG[39m [38;5;3m[RoutesResolver] [39m[32mNotebookController {/api/v1/notebook}:[39m[38;5;3m +1ms[39m
[32m[Nest] 13504  - [39m17/06/2026, 11:05:28 am [32m    LOG[39m [38;5;3m[RouterExplorer] [39m[32mMapped {/api/v1/notebook/documents, GET} route[39m[38;5;3m +0ms[39m
[32m[Nest] 13504  - [39m17/06/2026, 11:05:28 am [32m    LOG[39m [38;5;3m[RouterExplorer] [39m[32mMapped {/api/v1/notebook/documents/:id, GET} route[39m[38;5;3m +0ms[39m
[32m[Nest] 13504  - [39m17/06/2026, 11:05:28 am [32m    LOG[39m [38;5;3m[RouterExplorer] [39m[32mMapped {/api/v1/notebook/documents/:id/preview, GET} route[39m[38;5;3m +0ms[39m
[32m[Nest] 13504  - [39m17/06/2026, 11:05:28 am [32m    LOG[39m [38;5;3m[RouterExplorer] [39m[32mMapped {/api/v1/notebook/documents/:id/file, GET} route[39m[38;5;3m +1ms[39m
[32m[Nest] 13504  - [39m17/06/2026, 11:05:28 am [32m    LOG[39m [38;5;3m[RouterExplorer] [39m[32mMapped {/api/v1/notebook/documents/:id/chunks, GET} route[39m[38;5;3m +0ms[39m
[32m[Nest] 13504  - [39m17/06/2026, 11:05:28 am [32m    LOG[39m [38;5;3m[RouterExplorer] [39m[32mMapped {/api/v1/notebook/documents/:id/chat-history, GET} route[39m[38;5;3m +0ms[39m
[32m[Nest] 13504  - [39m17/06/2026, 11:05:28 am [32m    LOG[39m [38;5;3m[RouterExplorer] [39m[32mMapped {/api/v1/notebook/documents/:id/reprocess, POST} route[39m[38;5;3m +0ms[39m
[32m[Nest] 13504  - [39m17/06/2026, 11:05:28 am [32m    LOG[39m [38;5;3m[RouterExplorer] [39m[32mMapped {/api/v1/notebook/documents/:id/extraction, GET} route[39m[38;5;3m +1ms[39m
[32m[Nest] 13504  - [39m17/06/2026, 11:05:28 am [32m    LOG[39m [38;5;3m[RouterExplorer] [39m[32mMapped {/api/v1/notebook/documents/:id/extraction, POST} route[39m[38;5;3m +0ms[39m
[32m[Nest] 13504  - [39m17/06/2026, 11:05:28 am [32m    LOG[39m [38;5;3m[RouterExplorer] [39m[32mMapped {/api/v1/notebook/documents/:id/study-forge/generate, POST} route[39m[38;5;3m +0ms[39m
[32m[Nest] 13504  - [39m17/06/2026, 11:05:28 am [32m    LOG[39m [38;5;3m[RouterExplorer] [39m[32mMapped {/api/v1/notebook/documents/:id/study-forge/flashcards/:cardId/rate, POST} route[39m[38;5;3m +1ms[39m
[32m[Nest] 13504  - [39m17/06/2026, 11:05:28 am [32m    LOG[39m [38;5;3m[RouterExplorer] [39m[32mMapped {/api/v1/notebook/documents/:id/study-forge/quiz-attempt, POST} route[39m[38;5;3m +0ms[39m
[32m[Nest] 13504  - [39m17/06/2026, 11:05:28 am [32m    LOG[39m [38;5;3m[RouterExplorer] [39m[32mMapped {/api/v1/notebook/graph, GET} route[39m[38;5;3m +0ms[39m
[32m[Nest] 13504  - [39m17/06/2026, 11:05:28 am [32m    LOG[39m [38;5;3m[RouterExplorer] [39m[32mMapped {/api/v1/notebook/search, GET} route[39m[38;5;3m +0ms[39m
[32m[Nest] 13504  - [39m17/06/2026, 11:05:28 am [32m    LOG[39m [38;5;3m[RouterExplorer] [39m[32mMapped {/api/v1/notebook/documents/:id, DELETE} route[39m[38;5;3m +1ms[39m
[32m[Nest] 13504  - [39m17/06/2026, 11:05:28 am [32m    LOG[39m [38;5;3m[RouterExplorer] [39m[32mMapped {/api/v1/notebook/upload, POST} route[39m[38;5;3m +0ms[39m
[32m[Nest] 13504  - [39m17/06/2026, 11:05:28 am [32m    LOG[39m [38;5;3m[RouterExplorer] [39m[32mMapped {/api/v1/notebook/chat, POST} route[39m[38;5;3m +0ms[39m
[32m[Nest] 13504  - [39m17/06/2026, 11:05:28 am [32m    LOG[39m [38;5;3m[RoutesResolver] [39m[32mResearchController {/api/v1/research}:[39m[38;5;3m +0ms[39m
[32m[Nest] 13504  - [39m17/06/2026, 11:05:28 am [32m    LOG[39m [38;5;3m[RouterExplorer] [39m[32mMapped {/api/v1/research/query, POST} route[39m[38;5;3m +1ms[39m
[32m[Nest] 13504  - [39m17/06/2026, 11:05:28 am [32m    LOG[39m [38;5;3m[RouterExplorer] [39m[32mMapped {/api/v1/research/query/all, GET} route[39m[38;5;3m +0ms[39m
[32m[Nest] 13504  - [39m17/06/2026, 11:05:28 am [32m    LOG[39m [38;5;3m[RouterExplorer] [39m[32mMapped {/api/v1/research/query/:id, GET} route[39m[38;5;3m +0ms[39m
[32m[Nest] 13504  - [39m17/06/2026, 11:05:28 am [32m    LOG[39m [38;5;3m[RouterExplorer] [39m[32mMapped {/api/v1/research/report, POST} route[39m[38;5;3m +1ms[39m
[32m[Nest] 13504  - [39m17/06/2026, 11:05:28 am [32m    LOG[39m [38;5;3m[RouterExplorer] [39m[32mMapped {/api/v1/research/report/:id, GET} route[39m[38;5;3m +0ms[39m
[32m[Nest] 13504  - [39m17/06/2026, 11:05:28 am [32m    LOG[39m [38;5;3m[RouterExplorer] [39m[32mMapped {/api/v1/research/report/:id, PUT} route[39m[38;5;3m +0ms[39m
[32m[Nest] 13504  - [39m17/06/2026, 11:05:28 am [32m    LOG[39m [38;5;3m[RouterExplorer] [39m[32mMapped {/api/v1/research/report/:id, DELETE} route[39m[38;5;3m +0ms[39m
[32m[Nest] 13504  - [39m17/06/2026, 11:05:28 am [32m    LOG[39m [38;5;3m[RouterExplorer] [39m[32mMapped {/api/v1/research/note, POST} route[39m[38;5;3m +0ms[39m
[32m[Nest] 13504  - [39m17/06/2026, 11:05:28 am [32m    LOG[39m [38;5;3m[RouterExplorer] [39m[32mMapped {/api/v1/research/note/:id, GET} route[39m[38;5;3m +1ms[39m
[32m[Nest] 13504  - [39m17/06/2026, 11:05:28 am [32m    LOG[39m [38;5;3m[RouterExplorer] [39m[32mMapped {/api/v1/research/note/:id, PUT} route[39m[38;5;3m +0ms[39m
[32m[Nest] 13504  - [39m17/06/2026, 11:05:28 am [32m    LOG[39m [38;5;3m[RouterExplorer] [39m[32mMapped {/api/v1/research/note/:id, DELETE} route[39m[38;5;3m +0ms[39m
[32m[Nest] 13504  - [39m17/06/2026, 11:05:28 am [32m    LOG[39m [38;5;3m[RouterExplorer] [39m[32mMapped {/api/v1/research/source, POST} route[39m[38;5;3m +0ms[39m
[32m[Nest] 13504  - [39m17/06/2026, 11:05:28 am [32m    LOG[39m [38;5;3m[RouterExplorer] [39m[32mMapped {/api/v1/research/source/:id, GET} route[39m[38;5;3m +1ms[39m
[32m[Nest] 13504  - [39m17/06/2026, 11:05:28 am [32m    LOG[39m [38;5;3m[RouterExplorer] [39m[32mMapped {/api/v1/research/source/:id, DELETE} route[39m[38;5;3m +0ms[39m
[32m[Nest] 13504  - [39m17/06/2026, 11:05:28 am [32m    LOG[39m [38;5;3m[RouterExplorer] [39m[32mMapped {/api/v1/research/save, POST} route[39m[38;5;3m +0ms[39m
[32m[Nest] 13504  - [39m17/06/2026, 11:05:28 am [32m    LOG[39m [38;5;3m[RouterExplorer] [39m[32mMapped {/api/v1/research/save/all, GET} route[39m[38;5;3m +0ms[39m
[32m[Nest] 13504  - [39m17/06/2026, 11:05:28 am [32m    LOG[39m [38;5;3m[RouterExplorer] [39m[32mMapped {/api/v1/research/save/:id, DELETE} route[39m[38;5;3m +1ms[39m
[32m[Nest] 13504  - [39m17/06/2026, 11:05:28 am [32m    LOG[39m [38;5;3m[RouterExplorer] [39m[32mMapped {/api/v1/research/asset, POST} route[39m[38;5;3m +0ms[39m
[32m[Nest] 13504  - [39m17/06/2026, 11:05:28 am [32m    LOG[39m [38;5;3m[RouterExplorer] [39m[32mMapped {/api/v1/research/upload, POST} route[39m[38;5;3m +0ms[39m
[32m[Nest] 13504  - [39m17/06/2026, 11:05:28 am [32m    LOG[39m [38;5;3m[RouterExplorer] [39m[32mMapped {/api/v1/research/documents/:queryId, GET} route[39m[38;5;3m +0ms[39m
[32m[Nest] 13504  - [39m17/06/2026, 11:05:28 am [32m    LOG[39m [38;5;3m[RouterExplorer] [39m[32mMapped {/api/v1/research/generate, POST} route[39m[38;5;3m +1ms[39m
[32m[Nest] 13504  - [39m17/06/2026, 11:05:28 am [32m    LOG[39m [38;5;3m[RouterExplorer] [39m[32mMapped {/api/v1/research/judgment-intelligence, POST} route[39m[38;5;3m +0ms[39m
[32m[Nest] 13504  - [39m17/06/2026, 11:05:28 am [32m    LOG[39m [38;5;3m[RouterExplorer] [39m[32mMapped {/api/v1/research/legal-brief, POST} route[39m[38;5;3m +0ms[39m
[32m[Nest] 13504  - [39m17/06/2026, 11:05:28 am [32m    LOG[39m [38;5;3m[RouterExplorer] [39m[32mMapped {/api/v1/research/bare-act, POST} route[39m[38;5;3m +0ms[39m
[32m[Nest] 13504  - [39m17/06/2026, 11:05:28 am [32m    LOG[39m [38;5;3m[RouterExplorer] [39m[32mMapped {/api/v1/research/judgment-intelligence, GET} route[39m[38;5;3m +0ms[39m
[32m[Nest] 13504  - [39m17/06/2026, 11:05:28 am [32m    LOG[39m [38;5;3m[RouterExplorer] [39m[32mMapped {/api/v1/research/judgment-intelligence/analytics, GET} route[39m[38;5;3m +1ms[39m
[32m[Nest] 13504  - [39m17/06/2026, 11:05:28 am [32m    LOG[39m [38;5;3m[RouterExplorer] [39m[32mMapped {/api/v1/research/judgment-intelligence/:id, GET} route[39m[38;5;3m +0ms[39m
[32m[Nest] 13504  - [39m17/06/2026, 11:05:28 am [32m    LOG[39m [38;5;3m[RouterExplorer] [39m[32mMapped {/api/v1/research/judgment-intelligence/:id, DELETE} route[39m[38;5;3m +0ms[39m
[32m[Nest] 13504  - [39m17/06/2026, 11:05:28 am [32m    LOG[39m [38;5;3m[RouterExplorer] [39m[32mMapped {/api/v1/research/challenge, POST} route[39m[38;5;3m +1ms[39m
[32m[Nest] 13504  - [39m17/06/2026, 11:05:28 am [32m    LOG[39m [38;5;3m[RoutesResolver] [39m[32mExamController {/api/v1/exam}:[39m[38;5;3m +0ms[39m
[32m[Nest] 13504  - [39m17/06/2026, 11:05:28 am [32m    LOG[39m [38;5;3m[RouterExplorer] [39m[32mMapped {/api/v1/exam, POST} route[39m[38;5;3m +0ms[39m
[32m[Nest] 13504  - [39m17/06/2026, 11:05:28 am [32m    LOG[39m [38;5;3m[RouterExplorer] [39m[32mMapped {/api/v1/exam/analytics, GET} route[39m[38;5;3m +1ms[39m
[32m[Nest] 13504  - [39m17/06/2026, 11:05:28 am [32m    LOG[39m [38;5;3m[RouterExplorer] [39m[32mMapped {/api/v1/exam/lexmentor/strategy, GET} route[39m[38;5;3m +0ms[39m
[32m[Nest] 13504  - [39m17/06/2026, 11:05:28 am [32m    LOG[39m [38;5;3m[RouterExplorer] [39m[32mMapped {/api/v1/exam/dashboard/recommendations, GET} route[39m[38;5;3m +0ms[39m
[32m[Nest] 13504  - [39m17/06/2026, 11:05:28 am [32m    LOG[39m [38;5;3m[RouterExplorer] [39m[32mMapped {/api/v1/exam/dashboard/notifications, GET} route[39m[38;5;3m +1ms[39m
[32m[Nest] 13504  - [39m17/06/2026, 11:05:28 am [32m    LOG[39m [38;5;3m[RouterExplorer] [39m[32mMapped {/api/v1/exam/oauth/url, GET} route[39m[38;5;3m +0ms[39m
[32m[Nest] 13504  - [39m17/06/2026, 11:05:28 am [32m    LOG[39m [38;5;3m[RouterExplorer] [39m[32mMapped {/api/v1/exam/oauth/status, GET} route[39m[38;5;3m +0ms[39m
[32m[Nest] 13504  - [39m17/06/2026, 11:05:28 am [32m    LOG[39m [38;5;3m[RouterExplorer] [39m[32mMapped {/api/v1/exam/calendar/events, GET} route[39m[38;5;3m +0ms[39m
[32m[Nest] 13504  - [39m17/06/2026, 11:05:28 am [32m    LOG[39m [38;5;3m[RouterExplorer] [39m[32mMapped {/api/v1/exam, GET} route[39m[38;5;3m +0ms[39m
[32m[Nest] 13504  - [39m17/06/2026, 11:05:28 am [32m    LOG[39m [38;5;3m[RouterExplorer] [39m[32mMapped {/api/v1/exam/notifications/test-email, POST} route[39m[38;5;3m +1ms[39m
[32m[Nest] 13504  - [39m17/06/2026, 11:05:28 am [32m    LOG[39m [38;5;3m[RouterExplorer] [39m[32mMapped {/api/v1/exam/:id, GET} route[39m[38;5;3m +0ms[39m
[32m[Nest] 13504  - [39m17/06/2026, 11:05:28 am [32m    LOG[39m [38;5;3m[RouterExplorer] [39m[32mMapped {/api/v1/exam/:id/mock, POST} route[39m[38;5;3m +0ms[39m
[32m[Nest] 13504  - [39m17/06/2026, 11:05:28 am [32m    LOG[39m [38;5;3m[RouterExplorer] [39m[32mMapped {/api/v1/exam/mock-paper/generate, POST} route[39m[38;5;3m +0ms[39m
[32m[Nest] 13504  - [39m17/06/2026, 11:05:28 am [32m    LOG[39m [38;5;3m[RouterExplorer] [39m[32mMapped {/api/v1/exam/mock-paper/evaluate, POST} route[39m[38;5;3m +1ms[39m
[32m[Nest] 13504  - [39m17/06/2026, 11:05:28 am [32m    LOG[39m [38;5;3m[RouterExplorer] [39m[32mMapped {/api/v1/exam/assistant, POST} route[39m[38;5;3m +0ms[39m
[32m[Nest] 13504  - [39m17/06/2026, 11:05:28 am [32m    LOG[39m [38;5;3m[RouterExplorer] [39m[32mMapped {/api/v1/exam/doubt-solve, POST} route[39m[38;5;3m +0ms[39m
[32m[Nest] 13504  - [39m17/06/2026, 11:05:28 am [32m    LOG[39m [38;5;3m[RouterExplorer] [39m[32mMapped {/api/v1/exam/oauth-tokens, POST} route[39m[38;5;3m +0ms[39m
[32m[Nest] 13504  - [39m17/06/2026, 11:05:28 am [32m    LOG[39m [38;5;3m[RouterExplorer] [39m[32mMapped {/api/v1/exam/oauth/callback, POST} route[39m[38;5;3m +1ms[39m
[32m[Nest] 13504  - [39m17/06/2026, 11:05:28 am [32m    LOG[39m [38;5;3m[RouterExplorer] [39m[32mMapped {/api/v1/exam/oauth/disconnect, POST} route[39m[38;5;3m +0ms[39m
[32m[Nest] 13504  - [39m17/06/2026, 11:05:28 am [32m    LOG[39m [38;5;3m[RouterExplorer] [39m[32mMapped {/api/v1/exam/dashboard/notifications/read, POST} route[39m[38;5;3m +0ms[39m
[32m[Nest] 13504  - [39m17/06/2026, 11:05:28 am [32m    LOG[39m [38;5;3m[RouterExplorer] [39m[32mMapped {/api/v1/exam/calendar/events, POST} route[39m[38;5;3m +0ms[39m
[32m[Nest] 13504  - [39m17/06/2026, 11:05:28 am [32m    LOG[39m [38;5;3m[RouterExplorer] [39m[32mMapped {/api/v1/exam/calendar/events/:id, PATCH} route[39m[38;5;3m +0ms[39m
[32m[Nest] 13504  - [39m17/06/2026, 11:05:28 am [32m    LOG[39m [38;5;3m[RouterExplorer] [39m[32mMapped {/api/v1/exam/calendar/events/:id, DELETE} route[39m[38;5;3m +1ms[39m
[32m[Nest] 13504  - [39m17/06/2026, 11:05:28 am [32m    LOG[39m [38;5;3m[RoutesResolver] [39m[32mIngestionController {/api/v1/ingestion}:[39m[38;5;3m +0ms[39m
[32m[Nest] 13504  - [39m17/06/2026, 11:05:28 am [32m    LOG[39m [38;5;3m[RouterExplorer] [39m[32mMapped {/api/v1/ingestion/status, GET} route[39m[38;5;3m +0ms[39m
[32m[Nest] 13504  - [39m17/06/2026, 11:05:28 am [32m    LOG[39m [38;5;3m[RouterExplorer] [39m[32mMapped {/api/v1/ingestion/init-collections, POST} route[39m[38;5;3m +0ms[39m
[32m[Nest] 13504  - [39m17/06/2026, 11:05:28 am [32m    LOG[39m [38;5;3m[RouterExplorer] [39m[32mMapped {/api/v1/ingestion/ingest, POST} route[39m[38;5;3m +1ms[39m
[32m[Nest] 13504  - [39m17/06/2026, 11:05:28 am [32m    LOG[39m [38;5;3m[RouterExplorer] [39m[32mMapped {/api/v1/ingestion/ingest-text, POST} route[39m[38;5;3m +0ms[39m
[32m[Nest] 13504  - [39m17/06/2026, 11:05:28 am [32m    LOG[39m [38;5;3m[RouterExplorer] [39m[32mMapped {/api/v1/ingestion/ingest-batch, POST} route[39m[38;5;3m +0ms[39m
[32m[Nest] 13504  - [39m17/06/2026, 11:05:28 am [32m    LOG[39m [38;5;3m[RoutesResolver] [39m[32mFounderSecurityController {/api/v1/founder-security}:[39m[38;5;3m +0ms[39m
[32m[Nest] 13504  - [39m17/06/2026, 11:05:28 am [32m    LOG[39m [38;5;3m[RouterExplorer] [39m[32mMapped {/api/v1/founder-security/settings, GET} route[39m[38;5;3m +1ms[39m
[32m[Nest] 13504  - [39m17/06/2026, 11:05:28 am [32m    LOG[39m [38;5;3m[RouterExplorer] [39m[32mMapped {/api/v1/founder-security/admin-analytics, GET} route[39m[38;5;3m +1ms[39m
[32m[Nest] 13504  - [39m17/06/2026, 11:05:28 am [32m    LOG[39m [38;5;3m[RouterExplorer] [39m[32mMapped {/api/v1/founder-security/settings, PUT} route[39m[38;5;3m +0ms[39m
[32m[Nest] 13504  - [39m17/06/2026, 11:05:28 am [32m    LOG[39m [38;5;3m[RouterExplorer] [39m[32mMapped {/api/v1/founder-security/events, GET} route[39m[38;5;3m +0ms[39m
[32m[Nest] 13504  - [39m17/06/2026, 11:05:28 am [32m    LOG[39m [38;5;3m[RouterExplorer] [39m[32mMapped {/api/v1/founder-security/events, POST} route[39m[38;5;3m +1ms[39m
[32m[Nest] 13504  - [39m17/06/2026, 11:05:28 am [32m    LOG[39m [38;5;3m[RouterExplorer] [39m[32mMapped {/api/v1/founder-security/clear-locks, GET} route[39m[38;5;3m +0ms[39m
[32m[Nest] 13504  - [39m17/06/2026, 11:05:28 am [32m    LOG[39m [38;5;3m[RouterExplorer] [39m[32mMapped {/api/v1/founder-security/admin-login, POST} route[39m[38;5;3m +0ms[39m
[32m[Nest] 13504  - [39m17/06/2026, 11:05:28 am [32m    LOG[39m [38;5;3m[RouterExplorer] [39m[32mMapped {/api/v1/founder-security/verify-question, POST} route[39m[38;5;3m +0ms[39m
[32m[Nest] 13504  - [39m17/06/2026, 11:05:28 am [32m    LOG[39m [38;5;3m[RouterExplorer] [39m[32mMapped {/api/v1/founder-security/login-approve, GET} route[39m[38;5;3m +1ms[39m
[32m[Nest] 13504  - [39m17/06/2026, 11:05:28 am [32m    LOG[39m [38;5;3m[RouterExplorer] [39m[32mMapped {/api/v1/founder-security/login-reject, GET} route[39m[38;5;3m +0ms[39m
[32m[Nest] 13504  - [39m17/06/2026, 11:05:28 am [32m    LOG[39m [38;5;3m[RouterExplorer] [39m[32mMapped {/api/v1/founder-security/login-status, GET} route[39m[38;5;3m +0ms[39m
[32m[Nest] 13504  - [39m17/06/2026, 11:05:28 am [32m    LOG[39m [38;5;3m[RouterExplorer] [39m[32mMapped {/api/v1/founder-security/clerk-access/request, POST} route[39m[38;5;3m +0ms[39m
[32m[Nest] 13504  - [39m17/06/2026, 11:05:28 am [32m    LOG[39m [38;5;3m[RouterExplorer] [39m[32mMapped {/api/v1/founder-security/clerk-access/approve, GET} route[39m[38;5;3m +1ms[39m
[32m[Nest] 13504  - [39m17/06/2026, 11:05:28 am [32m    LOG[39m [38;5;3m[RouterExplorer] [39m[32mMapped {/api/v1/founder-security/clerk-access/reject, GET} route[39m[38;5;3m +0ms[39m
[32m[Nest] 13504  - [39m17/06/2026, 11:05:28 am [32m    LOG[39m [38;5;3m[RouterExplorer] [39m[32mMapped {/api/v1/founder-security/clerk-access/status, GET} route[39m[38;5;3m +0ms[39m
[32m[Nest] 13504  - [39m17/06/2026, 11:05:28 am [32m    LOG[39m [38;5;3m[RouterExplorer] [39m[32mMapped {/api/v1/founder-security/clerk-access/session-check, GET} route[39m[38;5;3m +0ms[39m
[32m[Nest] 13504  - [39m17/06/2026, 11:05:28 am [32m    LOG[39m [38;5;3m[RoutesResolver] [39m[32mSecurityTestController {/api/v1/api/security}:[39m[38;5;3m +0ms[39m
[32m[Nest] 13504  - [39m17/06/2026, 11:05:28 am [32m    LOG[39m [38;5;3m[RouterExplorer] [39m[32mMapped {/api/security/test-email, GET} route[39m[38;5;3m +1ms[39m
[32m[Nest] 13504  - [39m17/06/2026, 11:05:28 am [32m    LOG[39m [38;5;3m[RouterExplorer] [39m[32mMapped {/api/security/test-email, POST} route[39m[38;5;3m +0ms[39m
[32m[Nest] 13504  - [39m17/06/2026, 11:05:28 am [32m    LOG[39m [38;5;3m[RoutesResolver] [39m[32mSettingsController {/api/v1/settings}:[39m[38;5;3m +0ms[39m
[32m[Nest] 13504  - [39m17/06/2026, 11:05:28 am [32m    LOG[39m [38;5;3m[RouterExplorer] [39m[32mMapped {/api/v1/settings/dashboard, GET} route[39m[38;5;3m +0ms[39m
[32m[Nest] 13504  - [39m17/06/2026, 11:05:28 am [32m    LOG[39m [38;5;3m[RouterExplorer] [39m[32mMapped {/api/v1/settings/activity, POST} route[39m[38;5;3m +1ms[39m
[32m[Nest] 13504  - [39m17/06/2026, 11:05:28 am [32m    LOG[39m [38;5;3m[RouterExplorer] [39m[32mMapped {/api/v1/settings/notifications, POST} route[39m[38;5;3m +0ms[39m
[32m[Nest] 13504  - [39m17/06/2026, 11:05:28 am [32m    LOG[39m [38;5;3m[RouterExplorer] [39m[32mMapped {/api/v1/settings/danger/account-deletion, POST} route[39m[38;5;3m +0ms[39m
[32m[Nest] 13504  - [39m17/06/2026, 11:05:28 am [32m    LOG[39m [38;5;3m[RouterExplorer] [39m[32mMapped {/api/v1/settings/danger/soft-delete, POST} route[39m[38;5;3m +0ms[39m
[32m[Nest] 13504  - [39m17/06/2026, 11:05:28 am [32m    LOG[39m [38;5;3m[RouterExplorer] [39m[32mMapped {/api/v1/settings/danger/logout-all-devices, POST} route[39m[38;5;3m +1ms[39m
[32m[Nest] 13504  - [39m17/06/2026, 11:05:28 am [32m    LOG[39m [38;5;3m[RouterExplorer] [39m[32mMapped {/api/v1/settings/danger/data-removal-request, POST} route[39m[38;5;3m +0ms[39m
[32m[Nest] 13504  - [39m17/06/2026, 11:05:28 am [32m    LOG[39m [38;5;3m[RouterExplorer] [39m[32mMapped {/api/v1/settings/danger/permanent-delete, POST} route[39m[38;5;3m +1ms[39m
[32m[Nest] 13504  - [39m17/06/2026, 11:05:28 am [32m    LOG[39m [38;5;3m[RouterExplorer] [39m[32mMapped {/api/v1/settings/export/:kind/:format, GET} route[39m[38;5;3m +0ms[39m
[32m[Nest] 13504  - [39m17/06/2026, 11:05:28 am [32m    LOG[39m [38;5;3m[RouterExplorer] [39m[32mMapped {/api/v1/settings/feedback, POST} route[39m[38;5;3m +0ms[39m
[32m[Nest] 13504  - [39m17/06/2026, 11:05:28 am [32m    LOG[39m [38;5;3m[RouterExplorer] [39m[32mMapped {/api/v1/settings/feedback/my, GET} route[39m[38;5;3m +0ms[39m
[32m[Nest] 13504  - [39m17/06/2026, 11:05:28 am [32m    LOG[39m [38;5;3m[RouterExplorer] [39m[32mMapped {/api/v1/settings/feedback/community, GET} route[39m[38;5;3m +1ms[39m
[32m[Nest] 13504  - [39m17/06/2026, 11:05:28 am [32m    LOG[39m [38;5;3m[RouterExplorer] [39m[32mMapped {/api/v1/settings/feedback/:id/vote, POST} route[39m[38;5;3m +0ms[39m
[32m[Nest] 13504  - [39m17/06/2026, 11:05:28 am [32m    LOG[39m [38;5;3m[RouterExplorer] [39m[32mMapped {/api/v1/settings/feedback/admin, GET} route[39m[38;5;3m +0ms[39m
[32m[Nest] 13504  - [39m17/06/2026, 11:05:28 am [32m    LOG[39m [38;5;3m[RouterExplorer] [39m[32mMapped {/api/v1/settings/feedback/:id/status, PUT} route[39m[38;5;3m +0ms[39m
[32m[Nest] 13504  - [39m17/06/2026, 11:05:28 am [32m    LOG[39m [38;5;3m[RouterExplorer] [39m[32mMapped {/api/v1/settings/notifications/fcm-token, POST} route[39m[38;5;3m +1ms[39m
[32m[Nest] 13504  - [39m17/06/2026, 11:05:28 am [32m    LOG[39m [38;5;3m[RouterExplorer] [39m[32mMapped {/api/v1/settings/subscription/upgrade, POST} route[39m[38;5;3m +0ms[39m
[32m[Nest] 13504  - [39m17/06/2026, 11:05:28 am [32m    LOG[39m [38;5;3m[RouterExplorer] [39m[32mMapped {/api/v1/settings/security/password-change, POST} route[39m[38;5;3m +0ms[39m
[32m[Nest] 13504  - [39m17/06/2026, 11:05:28 am [32m    LOG[39m [38;5;3m[RouterExplorer] [39m[32mMapped {/api/v1/settings/notifications/test, POST} route[39m[38;5;3m +0ms[39m
[32m[Nest] 13504  - [39m17/06/2026, 11:05:28 am [32m    LOG[39m [38;5;3m[RouterExplorer] [39m[32mMapped {/api/v1/settings/profile, GET} route[39m[38;5;3m +0ms[39m
[32m[Nest] 13504  - [39m17/06/2026, 11:05:28 am [32m    LOG[39m [38;5;3m[RouterExplorer] [39m[32mMapped {/api/v1/settings/ai-provider-onboarding, GET} route[39m[38;5;3m +1ms[39m
[32m[Nest] 13504  - [39m17/06/2026, 11:05:28 am [32m    LOG[39m [38;5;3m[RouterExplorer] [39m[32mMapped {/api/v1/settings/ai-provider-onboarding/complete, POST} route[39m[38;5;3m +0ms[39m
[32m[Nest] 13504  - [39m17/06/2026, 11:05:28 am [32m    LOG[39m [38;5;3m[RouterExplorer] [39m[32mMapped {/api/v1/settings/profile, PUT} route[39m[38;5;3m +0ms[39m
[32m[Nest] 13504  - [39m17/06/2026, 11:05:28 am [32m    LOG[39m [38;5;3m[RouterExplorer] [39m[32mMapped {/api/v1/settings/login, POST} route[39m[38;5;3m +0ms[39m
[32m[Nest] 13504  - [39m17/06/2026, 11:05:28 am [32m    LOG[39m [38;5;3m[RouterExplorer] [39m[32mMapped {/api/v1/settings/logout, POST} route[39m[38;5;3m +1ms[39m
[32m[Nest] 13504  - [39m17/06/2026, 11:05:28 am [32m    LOG[39m [38;5;3m[RoutesResolver] [39m[32mByokController {/api/v1/settings/byok}:[39m[38;5;3m +0ms[39m
[32m[Nest] 13504  - [39m17/06/2026, 11:05:28 am [32m    LOG[39m [38;5;3m[RouterExplorer] [39m[32mMapped {/api/v1/settings/byok/keys, POST} route[39m[38;5;3m +0ms[39m
[32m[Nest] 13504  - [39m17/06/2026, 11:05:28 am [32m    LOG[39m [38;5;3m[RouterExplorer] [39m[32mMapped {/api/v1/settings/byok/keys/:provider, DELETE} route[39m[38;5;3m +0ms[39m
[32m[Nest] 13504  - [39m17/06/2026, 11:05:28 am [32m    LOG[39m [38;5;3m[RouterExplorer] [39m[32mMapped {/api/v1/settings/byok/keys, GET} route[39m[38;5;3m +1ms[39m
[32m[Nest] 13504  - [39m17/06/2026, 11:05:28 am [32m    LOG[39m [38;5;3m[RouterExplorer] [39m[32mMapped {/api/v1/settings/byok/usage, GET} route[39m[38;5;3m +0ms[39m
[32m[Nest] 13504  - [39m17/06/2026, 11:05:28 am [32m    LOG[39m [38;5;3m[RouterExplorer] [39m[32mMapped {/api/v1/settings/byok/status, GET} route[39m[38;5;3m +0ms[39m
[32m[Nest] 13504  - [39m17/06/2026, 11:05:28 am [32m    LOG[39m [38;5;3m[RoutesResolver] [39m[32mProviderManagementController {/api/v1/admin/providers}:[39m[38;5;3m +0ms[39m
[32m[Nest] 13504  - [39m17/06/2026, 11:05:28 am [32m    LOG[39m [38;5;3m[RouterExplorer] [39m[32mMapped {/api/v1/admin/providers, GET} route[39m[38;5;3m +0ms[39m
[32m[Nest] 13504  - [39m17/06/2026, 11:05:28 am [32m    LOG[39m [38;5;3m[RouterExplorer] [39m[32mMapped {/api/v1/admin/providers/keys, POST} route[39m[38;5;3m +1ms[39m
[32m[Nest] 13504  - [39m17/06/2026, 11:05:28 am [32m    LOG[39m [38;5;3m[RouterExplorer] [39m[32mMapped {/api/v1/admin/providers/keys/:id/test, POST} route[39m[38;5;3m +0ms[39m
[32m[Nest] 13504  - [39m17/06/2026, 11:05:28 am [32m    LOG[39m [38;5;3m[RouterExplorer] [39m[32mMapped {/api/v1/admin/providers/keys/:id/activate, POST} route[39m[38;5;3m +0ms[39m
[32m[Nest] 13504  - [39m17/06/2026, 11:05:28 am [32m    LOG[39m [38;5;3m[RouterExplorer] [39m[32mMapped {/api/v1/admin/providers/keys/:id/disable, POST} route[39m[38;5;3m +0ms[39m
[32m[Nest] 13504  - [39m17/06/2026, 11:05:28 am [32m    LOG[39m [38;5;3m[RouterExplorer] [39m[32mMapped {/api/v1/admin/providers/:providerKey/enable, POST} route[39m[38;5;3m +1ms[39m
[32m[Nest] 13504  - [39m17/06/2026, 11:05:28 am [32m    LOG[39m [38;5;3m[RouterExplorer] [39m[32mMapped {/api/v1/admin/providers/:providerKey/disable, POST} route[39m[38;5;3m +0ms[39m
[32m[Nest] 13504  - [39m17/06/2026, 11:05:28 am [32m    LOG[39m [38;5;3m[RoutesResolver] [39m[32mLearningWorkspaceController {/api/v1/learning-workspace}:[39m[38;5;3m +0ms[39m
[32m[Nest] 13504  - [39m17/06/2026, 11:05:28 am [32m    LOG[39m [38;5;3m[RouterExplorer] [39m[32mMapped {/api/v1/learning-workspace, GET} route[39m[38;5;3m +1ms[39m
[32m[Nest] 13504  - [39m17/06/2026, 11:05:28 am [32m    LOG[39m [38;5;3m[RouterExplorer] [39m[32mMapped {/api/v1/learning-workspace/sources/text, POST} route[39m[38;5;3m +0ms[39m
[32m[Nest] 13504  - [39m17/06/2026, 11:05:28 am [32m    LOG[39m [38;5;3m[RouterExplorer] [39m[32mMapped {/api/v1/learning-workspace/sources/upload, POST} route[39m[38;5;3m +1ms[39m
[32m[Nest] 13504  - [39m17/06/2026, 11:05:28 am [32m    LOG[39m [38;5;3m[RouterExplorer] [39m[32mMapped {/api/v1/learning-workspace/sources/:id/rename, POST} route[39m[38;5;3m +0ms[39m
[32m[Nest] 13504  - [39m17/06/2026, 11:05:28 am [32m    LOG[39m [38;5;3m[RouterExplorer] [39m[32mMapped {/api/v1/learning-workspace/sources/:id/delete, POST} route[39m[38;5;3m +0ms[39m
[32m[Nest] 13504  - [39m17/06/2026, 11:05:28 am [32m    LOG[39m [38;5;3m[RouterExplorer] [39m[32mMapped {/api/v1/learning-workspace/sources/:id/reprocess, POST} route[39m[38;5;3m +1ms[39m
[32m[Nest] 13504  - [39m17/06/2026, 11:05:28 am [32m    LOG[39m [38;5;3m[RouterExplorer] [39m[32mMapped {/api/v1/learning-workspace/mock-tests/generate, POST} route[39m[38;5;3m +0ms[39m
[32m[Nest] 13504  - [39m17/06/2026, 11:05:28 am [32m    LOG[39m [38;5;3m[RouterExplorer] [39m[32mMapped {/api/v1/learning-workspace/mock-tests/:id/submit, POST} route[39m[38;5;3m +0ms[39m
[32m[Nest] 13504  - [39m17/06/2026, 11:05:28 am [32m    LOG[39m [38;5;3m[RouterExplorer] [39m[32mMapped {/api/v1/learning-workspace/mock-tests/:id/export/:format, GET} route[39m[38;5;3m +0ms[39m
[32m[Nest] 13504  - [39m17/06/2026, 11:05:28 am [32m    LOG[39m [38;5;3m[RouterExplorer] [39m[32mMapped {/api/v1/learning-workspace/mind-maps/generate, POST} route[39m[38;5;3m +1ms[39m
[32m[Nest] 13504  - [39m17/06/2026, 11:05:28 am [32m    LOG[39m [38;5;3m[RouterExplorer] [39m[32mMapped {/api/v1/learning-workspace/mind-maps/:id/export/:format, GET} route[39m[38;5;3m +0ms[39m
[32m[Nest] 13504  - [39m17/06/2026, 11:05:28 am [32m    LOG[39m [38;5;3m[RouterExplorer] [39m[32mMapped {/api/v1/learning-workspace/study-kits/generate, POST} route[39m[38;5;3m +0ms[39m
[32m[Nest] 13504  - [39m17/06/2026, 11:05:28 am [32m    LOG[39m [38;5;3m[RouterExplorer] [39m[32mMapped {/api/v1/learning-workspace/study-kits/:id/export/:format, GET} route[39m[38;5;3m +1ms[39m
[32m[Nest] 13504  - [39m17/06/2026, 11:05:28 am [32m    LOG[39m [38;5;3m[RouterExplorer] [39m[32mMapped {/api/v1/learning-workspace/flashcards/review, POST} route[39m[38;5;3m +0ms[39m
[32m[Nest] 13504  - [39m17/06/2026, 11:05:28 am [32m    LOG[39m [38;5;3m[RouterExplorer] [39m[32mMapped {/api/v1/learning-workspace/revision-plan/generate, POST} route[39m[38;5;3m +0ms[39m
[32m[Nest] 13504  - [39m17/06/2026, 11:05:28 am [32m    LOG[39m [38;5;3m[RouterExplorer] [39m[32mMapped {/api/v1/learning-workspace/weak-areas, GET} route[39m[38;5;3m +0ms[39m
[32m[Nest] 13504  - [39m17/06/2026, 11:05:28 am [32m    LOG[39m [38;5;3m[RouterExplorer] [39m[32mMapped {/api/v1/learning-workspace/analytics, GET} route[39m[38;5;3m +1ms[39m
[32m[Nest] 13504  - [39m17/06/2026, 11:05:28 am [32m    LOG[39m [38;5;3m[RoutesResolver] [39m[32mStudentVerificationController {/api/v1/student-verification}:[39m[38;5;3m +0ms[39m
[32m[Nest] 13504  - [39m17/06/2026, 11:05:28 am [32m    LOG[39m [38;5;3m[RouterExplorer] [39m[32mMapped {/api/v1/student-verification/submit, POST} route[39m[38;5;3m +0ms[39m
[32m[Nest] 13504  - [39m17/06/2026, 11:05:28 am [32m    LOG[39m [38;5;3m[RouterExplorer] [39m[32mMapped {/api/v1/student-verification/status, GET} route[39m[38;5;3m +0ms[39m
[32m[Nest] 13504  - [39m17/06/2026, 11:05:28 am [32m    LOG[39m [38;5;3m[RouterExplorer] [39m[32mMapped {/api/v1/student-verification/admin/list, GET} route[39m[38;5;3m +1ms[39m
[32m[Nest] 13504  - [39m17/06/2026, 11:05:28 am [32m    LOG[39m [38;5;3m[RouterExplorer] [39m[32mMapped {/api/v1/student-verification/admin/analytics, GET} route[39m[38;5;3m +0ms[39m
[32m[Nest] 13504  - [39m17/06/2026, 11:05:28 am [32m    LOG[39m [38;5;3m[RouterExplorer] [39m[32mMapped {/api/v1/student-verification/admin/:id/approve, POST} route[39m[38;5;3m +0ms[39m
[32m[Nest] 13504  - [39m17/06/2026, 11:05:28 am [32m    LOG[39m [38;5;3m[RouterExplorer] [39m[32mMapped {/api/v1/student-verification/admin/:id/reject, POST} route[39m[38;5;3m +0ms[39m
[32m[Nest] 13504  - [39m17/06/2026, 11:05:28 am [32m    LOG[39m [38;5;3m[RouterExplorer] [39m[32mMapped {/api/v1/student-verification/documents/:id, GET} route[39m[38;5;3m +1ms[39m
[32m[Nest] 13504  - [39m17/06/2026, 11:05:28 am [32m    LOG[39m [38;5;3m[QdrantService] [39m[32mInitializing Qdrant client with URL: https://dd284eb5-9c7e-4f0e-92fd-815f87684ce0.us-west-1-0.aws.cloud.qdrant.io[39m
[32m[Nest] 13504  - [39m17/06/2026, 11:05:28 am [32m    LOG[39m [38;5;3m[QdrantService] [39m[32mTesting Qdrant connection...[39m
[32m[Nest] 13504  - [39m17/06/2026, 11:05:28 am [32m    LOG[39m [38;5;3m[BgeM3Provider] [39m[32mInitializing BGE-M3 provider → http://localhost:8100[39m
[33m[Nest] 13504  - [39m17/06/2026, 11:05:28 am [33m   WARN[39m [38;5;3m[SupabaseService] [39m[33mProject ref mismatch: URL is for "mydrikssmzzudzqeqroe" but service key is for "knwotyuwjkkuvfwuzseq". Falling back to anon key.[39m
[33m[Nest] 13504  - [39m17/06/2026, 11:05:28 am [33m   WARN[39m [38;5;3m[SupabaseService] [39m[33mSupabase getPreferences failed: connect ECONNREFUSED 127.0.0.1:9. Fallback active.[39m
[33m[Nest] 13504  - [39m17/06/2026, 11:05:28 am [33m   WARN[39m [38;5;3m[BgeM3Provider] [39m[33mBGE-M3 sidecar unreachable at http://localhost:8100: . Embeddings will fail until the sidecar is started.[39m
[33m[Nest] 13504  - [39m17/06/2026, 11:05:28 am [33m   WARN[39m [38;5;3m[SupabaseService] [39m[33mProject ref mismatch: URL is for "mydrikssmzzudzqeqroe" but service key is for "knwotyuwjkkuvfwuzseq". Falling back to anon key.[39m
[33m[Nest] 13504  - [39m17/06/2026, 11:05:28 am [33m   WARN[39m [38;5;3m[SupabaseService] [39m[33mSupabase getPreferences failed: connect ECONNREFUSED 127.0.0.1:9. Fallback active.[39m
[32m[Nest] 13504  - [39m17/06/2026, 11:05:29 am [32m    LOG[39m [38;5;3m[NestApplication] [39m[32mNest application successfully started[39m[38;5;3m +5ms[39m
[2J[3J[H[[90m11:13:33 am[0m] File change detected. Starting incremental compilation...

[[90m11:13:34 am[0m] Found 0 errors. Watching for file changes.

[2J[3J[H[[90m11:13:34 am[0m] File change detected. Starting incremental compilation...

[32m[Nest] 39240  - [39m17/06/2026, 11:13:36 am [32m    LOG[39m [38;5;3m[NestFactory] [39m[32mStarting Nest application...[39m
[32m[Nest] 39240  - [39m17/06/2026, 11:13:36 am [32m    LOG[39m [38;5;3m[InstanceLoader] [39m[32mAppModule dependencies initialized[39m[38;5;3m +40ms[39m
[32m[Nest] 39240  - [39m17/06/2026, 11:13:36 am [32m    LOG[39m [38;5;3m[InstanceLoader] [39m[32mTypeOrmModule dependencies initialized[39m[38;5;3m +0ms[39m
[32m[Nest] 39240  - [39m17/06/2026, 11:13:36 am [32m    LOG[39m [38;5;3m[InstanceLoader] [39m[32mLegalDomainModule dependencies initialized[39m[38;5;3m +0ms[39m
[32m[Nest] 39240  - [39m17/06/2026, 11:13:36 am [32m    LOG[39m [38;5;3m[InstanceLoader] [39m[32mRetrievalModule dependencies initialized[39m[38;5;3m +1ms[39m
[32m[Nest] 39240  - [39m17/06/2026, 11:13:36 am [32m    LOG[39m [38;5;3m[InstanceLoader] [39m[32mTypeOrmCoreModule dependencies initialized[39m[38;5;3m +91ms[39m
[32m[Nest] 39240  - [39m17/06/2026, 11:13:36 am [32m    LOG[39m [38;5;3m[InstanceLoader] [39m[32mTypeOrmModule dependencies initialized[39m[38;5;3m +1ms[39m
[32m[Nest] 39240  - [39m17/06/2026, 11:13:36 am [32m    LOG[39m [38;5;3m[InstanceLoader] [39m[32mTypeOrmModule dependencies initialized[39m[38;5;3m +0ms[39m
[32m[Nest] 39240  - [39m17/06/2026, 11:13:36 am [32m    LOG[39m [38;5;3m[InstanceLoader] [39m[32mTypeOrmModule dependencies initialized[39m[38;5;3m +1ms[39m
[32m[Nest] 39240  - [39m17/06/2026, 11:13:36 am [32m    LOG[39m [38;5;3m[InstanceLoader] [39m[32mTypeOrmModule dependencies initialized[39m[38;5;3m +0ms[39m
[32m[Nest] 39240  - [39m17/06/2026, 11:13:36 am [32m    LOG[39m [38;5;3m[InstanceLoader] [39m[32mTypeOrmModule dependencies initialized[39m[38;5;3m +0ms[39m
[32m[Nest] 39240  - [39m17/06/2026, 11:13:36 am [32m    LOG[39m [38;5;3m[InstanceLoader] [39m[32mTypeOrmModule dependencies initialized[39m[38;5;3m +1ms[39m
[32m[Nest] 39240  - [39m17/06/2026, 11:13:36 am [32m    LOG[39m [38;5;3m[InstanceLoader] [39m[32mTypeOrmModule dependencies initialized[39m[38;5;3m +0ms[39m
[32m[Nest] 39240  - [39m17/06/2026, 11:13:36 am [32m    LOG[39m [38;5;3m[InstanceLoader] [39m[32mTypeOrmModule dependencies initialized[39m[38;5;3m +0ms[39m
[32m[Nest] 39240  - [39m17/06/2026, 11:13:36 am [32m    LOG[39m [38;5;3m[InstanceLoader] [39m[32mTypeOrmModule dependencies initialized[39m[38;5;3m +0ms[39m
[32m[Nest] 39240  - [39m17/06/2026, 11:13:36 am [32m    LOG[39m [38;5;3m[NotificationService] [39m[32mStarting background notification dispatcher...[39m
[32m[Nest] 39240  - [39m17/06/2026, 11:13:36 am [32m    LOG[39m [38;5;3m[InstanceLoader] [39m[32mFounderSecurityModule dependencies initialized[39m[38;5;3m +5ms[39m
[32m[Nest] 39240  - [39m17/06/2026, 11:13:36 am [32m    LOG[39m [38;5;3m[InstanceLoader] [39m[32mStudentVerificationModule dependencies initialized[39m[38;5;3m +0ms[39m
[32m[Nest] 39240  - [39m17/06/2026, 11:13:36 am [32m    LOG[39m [38;5;3m[InstanceLoader] [39m[32mIngestionModule dependencies initialized[39m[38;5;3m +1ms[39m
[32m[Nest] 39240  - [39m17/06/2026, 11:13:36 am [32m    LOG[39m [38;5;3m[InstanceLoader] [39m[32mJudgmentModule dependencies initialized[39m[38;5;3m +1ms[39m
[32m[Nest] 39240  - [39m17/06/2026, 11:13:36 am [32m    LOG[39m [38;5;3m[InstanceLoader] [39m[32mContractModule dependencies initialized[39m[38;5;3m +0ms[39m
[32m[Nest] 39240  - [39m17/06/2026, 11:13:36 am [32m    LOG[39m [38;5;3m[InstanceLoader] [39m[32mSettingsModule dependencies initialized[39m[38;5;3m +1ms[39m
[32m[Nest] 39240  - [39m17/06/2026, 11:13:36 am [32m    LOG[39m [38;5;3m[InstanceLoader] [39m[32mNotebookModule dependencies initialized[39m[38;5;3m +0ms[39m
[32m[Nest] 39240  - [39m17/06/2026, 11:13:36 am [32m    LOG[39m [38;5;3m[InstanceLoader] [39m[32mExamModule dependencies initialized[39m[38;5;3m +0ms[39m
[32m[Nest] 39240  - [39m17/06/2026, 11:13:36 am [32m    LOG[39m [38;5;3m[InstanceLoader] [39m[32mChatModule dependencies initialized[39m[38;5;3m +0ms[39m
[32m[Nest] 39240  - [39m17/06/2026, 11:13:36 am [32m    LOG[39m [38;5;3m[InstanceLoader] [39m[32mLearningWorkspaceModule dependencies initialized[39m[38;5;3m +0ms[39m
[32m[Nest] 39240  - [39m17/06/2026, 11:13:36 am [32m    LOG[39m [38;5;3m[InstanceLoader] [39m[32mResearchModule dependencies initialized[39m[38;5;3m +0ms[39m
[32m[Nest] 39240  - [39m17/06/2026, 11:13:36 am [32m    LOG[39m [38;5;3m[RoutesResolver] [39m[32mJudgmentController {/api/v1/judgments}:[39m[38;5;3m +33ms[39m
[32m[Nest] 39240  - [39m17/06/2026, 11:13:36 am [32m    LOG[39m [38;5;3m[RouterExplorer] [39m[32mMapped {/api/v1/judgments/:documentId/analyze, POST} route[39m[38;5;3m +4ms[39m
[32m[Nest] 39240  - [39m17/06/2026, 11:13:36 am [32m    LOG[39m [38;5;3m[RouterExplorer] [39m[32mMapped {/api/v1/judgments/:documentId/analysis, GET} route[39m[38;5;3m +1ms[39m
[32m[Nest] 39240  - [39m17/06/2026, 11:13:36 am [32m    LOG[39m [38;5;3m[RouterExplorer] [39m[32mMapped {/api/v1/judgments/:documentId/explain, POST} route[39m[38;5;3m +1ms[39m
[32m[Nest] 39240  - [39m17/06/2026, 11:13:36 am [32m    LOG[39m [38;5;3m[RouterExplorer] [39m[32mMapped {/api/v1/judgments/:documentId/evaluate-verdict, POST} route[39m[38;5;3m +0ms[39m
[32m[Nest] 39240  - [39m17/06/2026, 11:13:36 am [32m    LOG[39m [38;5;3m[RouterExplorer] [39m[32mMapped {/api/v1/judgments/:documentId/revision-notes, POST} route[39m[38;5;3m +1ms[39m
[32m[Nest] 39240  - [39m17/06/2026, 11:13:36 am [32m    LOG[39m [38;5;3m[RouterExplorer] [39m[32mMapped {/api/v1/judgments/:documentId/moot-court-kit, POST} route[39m[38;5;3m +0ms[39m
[32m[Nest] 39240  - [39m17/06/2026, 11:13:36 am [32m    LOG[39m [38;5;3m[RoutesResolver] [39m[32mChatController {/api/v1/chat}:[39m[38;5;3m +0ms[39m
[32m[Nest] 39240  - [39m17/06/2026, 11:13:36 am [32m    LOG[39m [38;5;3m[RouterExplorer] [39m[32mMapped {/api/v1/chat/message, POST} route[39m[38;5;3m +0ms[39m
[32m[Nest] 39240  - [39m17/06/2026, 11:13:36 am [32m    LOG[39m [38;5;3m[RouterExplorer] [39m[32mMapped {/api/v1/chat/history/:sessionId, GET} route[39m[38;5;3m +1ms[39m
[32m[Nest] 39240  - [39m17/06/2026, 11:13:36 am [32m    LOG[39m [38;5;3m[RouterExplorer] [39m[32mMapped {/api/v1/chat/history/:sessionId, DELETE} route[39m[38;5;3m +0ms[39m
[32m[Nest] 39240  - [39m17/06/2026, 11:13:36 am [32m    LOG[39m [38;5;3m[RouterExplorer] [39m[32mMapped {/api/v1/chat/fallback-metrics, GET} route[39m[38;5;3m +1ms[39m
[32m[Nest] 39240  - [39m17/06/2026, 11:13:36 am [32m    LOG[39m [38;5;3m[RouterExplorer] [39m[32mMapped {/api/v1/chat/token-analytics, GET} route[39m[38;5;3m +0ms[39m
[32m[Nest] 39240  - [39m17/06/2026, 11:13:36 am [32m    LOG[39m [38;5;3m[RouterExplorer] [39m[32mMapped {/api/v1/chat/cache-analytics, GET} route[39m[38;5;3m +1ms[39m
[32m[Nest] 39240  - [39m17/06/2026, 11:13:36 am [32m    LOG[39m [38;5;3m[RouterExplorer] [39m[32mMapped {/api/v1/chat/search, POST} route[39m[38;5;3m +0ms[39m
[32m[Nest] 39240  - [39m17/06/2026, 11:13:36 am [32m    LOG[39m [38;5;3m[RouterExplorer] [39m[32mMapped {/api/v1/chat/citations/:messageId, GET} route[39m[38;5;3m +1ms[39m
[32m[Nest] 39240  - [39m17/06/2026, 11:13:36 am [32m    LOG[39m [38;5;3m[RoutesResolver] [39m[32mContractController {/api/v1/contracts}:[39m[38;5;3m +0ms[39m
[32m[Nest] 39240  - [39m17/06/2026, 11:13:36 am [32m    LOG[39m [38;5;3m[RouterExplorer] [39m[32mMapped {/api/v1/contracts/review, POST} route[39m[38;5;3m +0ms[39m
[32m[Nest] 39240  - [39m17/06/2026, 11:13:36 am [32m    LOG[39m [38;5;3m[RouterExplorer] [39m[32mMapped {/api/v1/contracts/:id/risks, GET} route[39m[38;5;3m +1ms[39m
[32m[Nest] 39240  - [39m17/06/2026, 11:13:36 am [32m    LOG[39m [38;5;3m[RouterExplorer] [39m[32mMapped {/api/v1/contracts/:id/clauses, POST} route[39m[38;5;3m +0ms[39m
[32m[Nest] 39240  - [39m17/06/2026, 11:13:36 am [32m    LOG[39m [38;5;3m[RoutesResolver] [39m[32mNotebookController {/api/v1/notebook}:[39m[38;5;3m +1ms[39m
[32m[Nest] 39240  - [39m17/06/2026, 11:13:36 am [32m    LOG[39m [38;5;3m[RouterExplorer] [39m[32mMapped {/api/v1/notebook/documents, GET} route[39m[38;5;3m +0ms[39m
[32m[Nest] 39240  - [39m17/06/2026, 11:13:36 am [32m    LOG[39m [38;5;3m[RouterExplorer] [39m[32mMapped {/api/v1/notebook/documents/:id, GET} route[39m[38;5;3m +1ms[39m
[32m[Nest] 39240  - [39m17/06/2026, 11:13:36 am [32m    LOG[39m [38;5;3m[RouterExplorer] [39m[32mMapped {/api/v1/notebook/documents/:id/preview, GET} route[39m[38;5;3m +0ms[39m
[32m[Nest] 39240  - [39m17/06/2026, 11:13:36 am [32m    LOG[39m [38;5;3m[RouterExplorer] [39m[32mMapped {/api/v1/notebook/documents/:id/file, GET} route[39m[38;5;3m +1ms[39m
[32m[Nest] 39240  - [39m17/06/2026, 11:13:36 am [32m    LOG[39m [38;5;3m[RouterExplorer] [39m[32mMapped {/api/v1/notebook/documents/:id/chunks, GET} route[39m[38;5;3m +0ms[39m
[32m[Nest] 39240  - [39m17/06/2026, 11:13:36 am [32m    LOG[39m [38;5;3m[RouterExplorer] [39m[32mMapped {/api/v1/notebook/documents/:id/chat-history, GET} route[39m[38;5;3m +0ms[39m
[32m[Nest] 39240  - [39m17/06/2026, 11:13:36 am [32m    LOG[39m [38;5;3m[RouterExplorer] [39m[32mMapped {/api/v1/notebook/documents/:id/reprocess, POST} route[39m[38;5;3m +1ms[39m
[32m[Nest] 39240  - [39m17/06/2026, 11:13:36 am [32m    LOG[39m [38;5;3m[RouterExplorer] [39m[32mMapped {/api/v1/notebook/documents/:id/extraction, GET} route[39m[38;5;3m +0ms[39m
[32m[Nest] 39240  - [39m17/06/2026, 11:13:36 am [32m    LOG[39m [38;5;3m[RouterExplorer] [39m[32mMapped {/api/v1/notebook/documents/:id/extraction, POST} route[39m[38;5;3m +0ms[39m
[32m[Nest] 39240  - [39m17/06/2026, 11:13:36 am [32m    LOG[39m [38;5;3m[RouterExplorer] [39m[32mMapped {/api/v1/notebook/documents/:id/study-forge/generate, POST} route[39m[38;5;3m +0ms[39m
[32m[Nest] 39240  - [39m17/06/2026, 11:13:36 am [32m    LOG[39m [38;5;3m[RouterExplorer] [39m[32mMapped {/api/v1/notebook/documents/:id/study-forge/flashcards/:cardId/rate, POST} route[39m[38;5;3m +1ms[39m
[32m[Nest] 39240  - [39m17/06/2026, 11:13:36 am [32m    LOG[39m [38;5;3m[RouterExplorer] [39m[32mMapped {/api/v1/notebook/documents/:id/study-forge/quiz-attempt, POST} route[39m[38;5;3m +0ms[39m
[32m[Nest] 39240  - [39m17/06/2026, 11:13:36 am [32m    LOG[39m [38;5;3m[RouterExplorer] [39m[32mMapped {/api/v1/notebook/graph, GET} route[39m[38;5;3m +0ms[39m
[32m[Nest] 39240  - [39m17/06/2026, 11:13:36 am [32m    LOG[39m [38;5;3m[RouterExplorer] [39m[32mMapped {/api/v1/notebook/search, GET} route[39m[38;5;3m +1ms[39m
[32m[Nest] 39240  - [39m17/06/2026, 11:13:36 am [32m    LOG[39m [38;5;3m[RouterExplorer] [39m[32mMapped {/api/v1/notebook/documents/:id, DELETE} route[39m[38;5;3m +0ms[39m
[32m[Nest] 39240  - [39m17/06/2026, 11:13:36 am [32m    LOG[39m [38;5;3m[RouterExplorer] [39m[32mMapped {/api/v1/notebook/upload, POST} route[39m[38;5;3m +0ms[39m
[32m[Nest] 39240  - [39m17/06/2026, 11:13:36 am [32m    LOG[39m [38;5;3m[RouterExplorer] [39m[32mMapped {/api/v1/notebook/chat, POST} route[39m[38;5;3m +1ms[39m
[32m[Nest] 39240  - [39m17/06/2026, 11:13:36 am [32m    LOG[39m [38;5;3m[RoutesResolver] [39m[32mResearchController {/api/v1/research}:[39m[38;5;3m +0ms[39m
[32m[Nest] 39240  - [39m17/06/2026, 11:13:36 am [32m    LOG[39m [38;5;3m[RouterExplorer] [39m[32mMapped {/api/v1/research/query, POST} route[39m[38;5;3m +1ms[39m
[32m[Nest] 39240  - [39m17/06/2026, 11:13:36 am [32m    LOG[39m [38;5;3m[RouterExplorer] [39m[32mMapped {/api/v1/research/query/all, GET} route[39m[38;5;3m +0ms[39m
[32m[Nest] 39240  - [39m17/06/2026, 11:13:36 am [32m    LOG[39m [38;5;3m[RouterExplorer] [39m[32mMapped {/api/v1/research/query/:id, GET} route[39m[38;5;3m +0ms[39m
[32m[Nest] 39240  - [39m17/06/2026, 11:13:36 am [32m    LOG[39m [38;5;3m[RouterExplorer] [39m[32mMapped {/api/v1/research/report, POST} route[39m[38;5;3m +1ms[39m
[32m[Nest] 39240  - [39m17/06/2026, 11:13:36 am [32m    LOG[39m [38;5;3m[RouterExplorer] [39m[32mMapped {/api/v1/research/report/:id, GET} route[39m[38;5;3m +0ms[39m
[32m[Nest] 39240  - [39m17/06/2026, 11:13:36 am [32m    LOG[39m [38;5;3m[RouterExplorer] [39m[32mMapped {/api/v1/research/report/:id, PUT} route[39m[38;5;3m +0ms[39m
[32m[Nest] 39240  - [39m17/06/2026, 11:13:36 am [32m    LOG[39m [38;5;3m[RouterExplorer] [39m[32mMapped {/api/v1/research/report/:id, DELETE} route[39m[38;5;3m +0ms[39m
[32m[Nest] 39240  - [39m17/06/2026, 11:13:36 am [32m    LOG[39m [38;5;3m[RouterExplorer] [39m[32mMapped {/api/v1/research/note, POST} route[39m[38;5;3m +1ms[39m
[32m[Nest] 39240  - [39m17/06/2026, 11:13:36 am [32m    LOG[39m [38;5;3m[RouterExplorer] [39m[32mMapped {/api/v1/research/note/:id, GET} route[39m[38;5;3m +0ms[39m
[32m[Nest] 39240  - [39m17/06/2026, 11:13:36 am [32m    LOG[39m [38;5;3m[RouterExplorer] [39m[32mMapped {/api/v1/research/note/:id, PUT} route[39m[38;5;3m +0ms[39m
[32m[Nest] 39240  - [39m17/06/2026, 11:13:36 am [32m    LOG[39m [38;5;3m[RouterExplorer] [39m[32mMapped {/api/v1/research/note/:id, DELETE} route[39m[38;5;3m +0ms[39m
[32m[Nest] 39240  - [39m17/06/2026, 11:13:36 am [32m    LOG[39m [38;5;3m[RouterExplorer] [39m[32mMapped {/api/v1/research/source, POST} route[39m[38;5;3m +0ms[39m
[32m[Nest] 39240  - [39m17/06/2026, 11:13:36 am [32m    LOG[39m [38;5;3m[RouterExplorer] [39m[32mMapped {/api/v1/research/source/:id, GET} route[39m[38;5;3m +1ms[39m
[32m[Nest] 39240  - [39m17/06/2026, 11:13:36 am [32m    LOG[39m [38;5;3m[RouterExplorer] [39m[32mMapped {/api/v1/research/source/:id, DELETE} route[39m[38;5;3m +0ms[39m
[32m[Nest] 39240  - [39m17/06/2026, 11:13:36 am [32m    LOG[39m [38;5;3m[RouterExplorer] [39m[32mMapped {/api/v1/research/save, POST} route[39m[38;5;3m +0ms[39m
[32m[Nest] 39240  - [39m17/06/2026, 11:13:36 am [32m    LOG[39m [38;5;3m[RouterExplorer] [39m[32mMapped {/api/v1/research/save/all, GET} route[39m[38;5;3m +0ms[39m
[32m[Nest] 39240  - [39m17/06/2026, 11:13:36 am [32m    LOG[39m [38;5;3m[RouterExplorer] [39m[32mMapped {/api/v1/research/save/:id, DELETE} route[39m[38;5;3m +0ms[39m
[32m[Nest] 39240  - [39m17/06/2026, 11:13:36 am [32m    LOG[39m [38;5;3m[RouterExplorer] [39m[32mMapped {/api/v1/research/asset, POST} route[39m[38;5;3m +1ms[39m
[32m[Nest] 39240  - [39m17/06/2026, 11:13:36 am [32m    LOG[39m [38;5;3m[RouterExplorer] [39m[32mMapped {/api/v1/research/upload, POST} route[39m[38;5;3m +0ms[39m
[32m[Nest] 39240  - [39m17/06/2026, 11:13:36 am [32m    LOG[39m [38;5;3m[RouterExplorer] [39m[32mMapped {/api/v1/research/documents/:queryId, GET} route[39m[38;5;3m +0ms[39m
[32m[Nest] 39240  - [39m17/06/2026, 11:13:36 am [32m    LOG[39m [38;5;3m[RouterExplorer] [39m[32mMapped {/api/v1/research/generate, POST} route[39m[38;5;3m +0ms[39m
[32m[Nest] 39240  - [39m17/06/2026, 11:13:36 am [32m    LOG[39m [38;5;3m[RouterExplorer] [39m[32mMapped {/api/v1/research/judgment-intelligence, POST} route[39m[38;5;3m +1ms[39m
[32m[Nest] 39240  - [39m17/06/2026, 11:13:36 am [32m    LOG[39m [38;5;3m[RouterExplorer] [39m[32mMapped {/api/v1/research/legal-brief, POST} route[39m[38;5;3m +0ms[39m
[32m[Nest] 39240  - [39m17/06/2026, 11:13:36 am [32m    LOG[39m [38;5;3m[RouterExplorer] [39m[32mMapped {/api/v1/research/bare-act, POST} route[39m[38;5;3m +0ms[39m
[32m[Nest] 39240  - [39m17/06/2026, 11:13:36 am [32m    LOG[39m [38;5;3m[RouterExplorer] [39m[32mMapped {/api/v1/research/judgment-intelligence, GET} route[39m[38;5;3m +0ms[39m
[32m[Nest] 39240  - [39m17/06/2026, 11:13:36 am [32m    LOG[39m [38;5;3m[RouterExplorer] [39m[32mMapped {/api/v1/research/judgment-intelligence/analytics, GET} route[39m[38;5;3m +1ms[39m
[32m[Nest] 39240  - [39m17/06/2026, 11:13:36 am [32m    LOG[39m [38;5;3m[RouterExplorer] [39m[32mMapped {/api/v1/research/judgment-intelligence/:id, GET} route[39m[38;5;3m +0ms[39m
[32m[Nest] 39240  - [39m17/06/2026, 11:13:36 am [32m    LOG[39m [38;5;3m[RouterExplorer] [39m[32mMapped {/api/v1/research/judgment-intelligence/:id, DELETE} route[39m[38;5;3m +0ms[39m
[32m[Nest] 39240  - [39m17/06/2026, 11:13:36 am [32m    LOG[39m [38;5;3m[RouterExplorer] [39m[32mMapped {/api/v1/research/challenge, POST} route[39m[38;5;3m +0ms[39m
[32m[Nest] 39240  - [39m17/06/2026, 11:13:36 am [32m    LOG[39m [38;5;3m[RoutesResolver] [39m[32mExamController {/api/v1/exam}:[39m[38;5;3m +1ms[39m
[32m[Nest] 39240  - [39m17/06/2026, 11:13:36 am [32m    LOG[39m [38;5;3m[RouterExplorer] [39m[32mMapped {/api/v1/exam, POST} route[39m[38;5;3m +0ms[39m
[32m[Nest] 39240  - [39m17/06/2026, 11:13:36 am [32m    LOG[39m [38;5;3m[RouterExplorer] [39m[32mMapped {/api/v1/exam/analytics, GET} route[39m[38;5;3m +0ms[39m
[32m[Nest] 39240  - [39m17/06/2026, 11:13:36 am [32m    LOG[39m [38;5;3m[RouterExplorer] [39m[32mMapped {/api/v1/exam/lexmentor/strategy, GET} route[39m[38;5;3m +1ms[39m
[32m[Nest] 39240  - [39m17/06/2026, 11:13:36 am [32m    LOG[39m [38;5;3m[RouterExplorer] [39m[32mMapped {/api/v1/exam/dashboard/recommendations, GET} route[39m[38;5;3m +0ms[39m
[32m[Nest] 39240  - [39m17/06/2026, 11:13:36 am [32m    LOG[39m [38;5;3m[RouterExplorer] [39m[32mMapped {/api/v1/exam/dashboard/notifications, GET} route[39m[38;5;3m +0ms[39m
[32m[Nest] 39240  - [39m17/06/2026, 11:13:36 am [32m    LOG[39m [38;5;3m[RouterExplorer] [39m[32mMapped {/api/v1/exam/oauth/url, GET} route[39m[38;5;3m +0ms[39m
[32m[Nest] 39240  - [39m17/06/2026, 11:13:36 am [32m    LOG[39m [38;5;3m[RouterExplorer] [39m[32mMapped {/api/v1/exam/oauth/status, GET} route[39m[38;5;3m +1ms[39m
[32m[Nest] 39240  - [39m17/06/2026, 11:13:36 am [32m    LOG[39m [38;5;3m[RouterExplorer] [39m[32mMapped {/api/v1/exam/calendar/events, GET} route[39m[38;5;3m +0ms[39m
[32m[Nest] 39240  - [39m17/06/2026, 11:13:36 am [32m    LOG[39m [38;5;3m[RouterExplorer] [39m[32mMapped {/api/v1/exam, GET} route[39m[38;5;3m +0ms[39m
[32m[Nest] 39240  - [39m17/06/2026, 11:13:36 am [32m    LOG[39m [38;5;3m[RouterExplorer] [39m[32mMapped {/api/v1/exam/notifications/test-email, POST} route[39m[38;5;3m +0ms[39m
[32m[Nest] 39240  - [39m17/06/2026, 11:13:36 am [32m    LOG[39m [38;5;3m[RouterExplorer] [39m[32mMapped {/api/v1/exam/:id, GET} route[39m[38;5;3m +1ms[39m
[32m[Nest] 39240  - [39m17/06/2026, 11:13:36 am [32m    LOG[39m [38;5;3m[RouterExplorer] [39m[32mMapped {/api/v1/exam/:id/mock, POST} route[39m[38;5;3m +0ms[39m
[32m[Nest] 39240  - [39m17/06/2026, 11:13:36 am [32m    LOG[39m [38;5;3m[RouterExplorer] [39m[32mMapped {/api/v1/exam/mock-paper/generate, POST} route[39m[38;5;3m +0ms[39m
[32m[Nest] 39240  - [39m17/06/2026, 11:13:36 am [32m    LOG[39m [38;5;3m[RouterExplorer] [39m[32mMapped {/api/v1/exam/mock-paper/evaluate, POST} route[39m[38;5;3m +0ms[39m
[32m[Nest] 39240  - [39m17/06/2026, 11:13:36 am [32m    LOG[39m [38;5;3m[RouterExplorer] [39m[32mMapped {/api/v1/exam/assistant, POST} route[39m[38;5;3m +1ms[39m
[32m[Nest] 39240  - [39m17/06/2026, 11:13:36 am [32m    LOG[39m [38;5;3m[RouterExplorer] [39m[32mMapped {/api/v1/exam/doubt-solve, POST} route[39m[38;5;3m +0ms[39m
[32m[Nest] 39240  - [39m17/06/2026, 11:13:36 am [32m    LOG[39m [38;5;3m[RouterExplorer] [39m[32mMapped {/api/v1/exam/oauth-tokens, POST} route[39m[38;5;3m +0ms[39m
[32m[Nest] 39240  - [39m17/06/2026, 11:13:36 am [32m    LOG[39m [38;5;3m[RouterExplorer] [39m[32mMapped {/api/v1/exam/oauth/callback, POST} route[39m[38;5;3m +0ms[39m
[32m[Nest] 39240  - [39m17/06/2026, 11:13:36 am [32m    LOG[39m [38;5;3m[RouterExplorer] [39m[32mMapped {/api/v1/exam/oauth/disconnect, POST} route[39m[38;5;3m +0ms[39m
[32m[Nest] 39240  - [39m17/06/2026, 11:13:36 am [32m    LOG[39m [38;5;3m[RouterExplorer] [39m[32mMapped {/api/v1/exam/dashboard/notifications/read, POST} route[39m[38;5;3m +1ms[39m
[32m[Nest] 39240  - [39m17/06/2026, 11:13:36 am [32m    LOG[39m [38;5;3m[RouterExplorer] [39m[32mMapped {/api/v1/exam/calendar/events, POST} route[39m[38;5;3m +0ms[39m
[32m[Nest] 39240  - [39m17/06/2026, 11:13:36 am [32m    LOG[39m [38;5;3m[RouterExplorer] [39m[32mMapped {/api/v1/exam/calendar/events/:id, PATCH} route[39m[38;5;3m +0ms[39m
[32m[Nest] 39240  - [39m17/06/2026, 11:13:36 am [32m    LOG[39m [38;5;3m[RouterExplorer] [39m[32mMapped {/api/v1/exam/calendar/events/:id, DELETE} route[39m[38;5;3m +0ms[39m
[32m[Nest] 39240  - [39m17/06/2026, 11:13:36 am [32m    LOG[39m [38;5;3m[RoutesResolver] [39m[32mIngestionController {/api/v1/ingestion}:[39m[38;5;3m +0ms[39m
[32m[Nest] 39240  - [39m17/06/2026, 11:13:36 am [32m    LOG[39m [38;5;3m[RouterExplorer] [39m[32mMapped {/api/v1/ingestion/status, GET} route[39m[38;5;3m +1ms[39m
[32m[Nest] 39240  - [39m17/06/2026, 11:13:36 am [32m    LOG[39m [38;5;3m[RouterExplorer] [39m[32mMapped {/api/v1/ingestion/init-collections, POST} route[39m[38;5;3m +0ms[39m
[32m[Nest] 39240  - [39m17/06/2026, 11:13:36 am [32m    LOG[39m [38;5;3m[RouterExplorer] [39m[32mMapped {/api/v1/ingestion/ingest, POST} route[39m[38;5;3m +0ms[39m
[32m[Nest] 39240  - [39m17/06/2026, 11:13:36 am [32m    LOG[39m [38;5;3m[RouterExplorer] [39m[32mMapped {/api/v1/ingestion/ingest-text, POST} route[39m[38;5;3m +1ms[39m
[32m[Nest] 39240  - [39m17/06/2026, 11:13:36 am [32m    LOG[39m [38;5;3m[RouterExplorer] [39m[32mMapped {/api/v1/ingestion/ingest-batch, POST} route[39m[38;5;3m +0ms[39m
[32m[Nest] 39240  - [39m17/06/2026, 11:13:36 am [32m    LOG[39m [38;5;3m[RoutesResolver] [39m[32mFounderSecurityController {/api/v1/founder-security}:[39m[38;5;3m +0ms[39m
[32m[Nest] 39240  - [39m17/06/2026, 11:13:36 am [32m    LOG[39m [38;5;3m[RouterExplorer] [39m[32mMapped {/api/v1/founder-security/settings, GET} route[39m[38;5;3m +0ms[39m
[32m[Nest] 39240  - [39m17/06/2026, 11:13:36 am [32m    LOG[39m [38;5;3m[RouterExplorer] [39m[32mMapped {/api/v1/founder-security/admin-analytics, GET} route[39m[38;5;3m +1ms[39m
[32m[Nest] 39240  - [39m17/06/2026, 11:13:36 am [32m    LOG[39m [38;5;3m[RouterExplorer] [39m[32mMapped {/api/v1/founder-security/settings, PUT} route[39m[38;5;3m +0ms[39m
[32m[Nest] 39240  - [39m17/06/2026, 11:13:36 am [32m    LOG[39m [38;5;3m[RouterExplorer] [39m[32mMapped {/api/v1/founder-security/events, GET} route[39m[38;5;3m +0ms[39m
[32m[Nest] 39240  - [39m17/06/2026, 11:13:36 am [32m    LOG[39m [38;5;3m[RouterExplorer] [39m[32mMapped {/api/v1/founder-security/events, POST} route[39m[38;5;3m +1ms[39m
[32m[Nest] 39240  - [39m17/06/2026, 11:13:36 am [32m    LOG[39m [38;5;3m[RouterExplorer] [39m[32mMapped {/api/v1/founder-security/clear-locks, GET} route[39m[38;5;3m +0ms[39m
[32m[Nest] 39240  - [39m17/06/2026, 11:13:36 am [32m    LOG[39m [38;5;3m[RouterExplorer] [39m[32mMapped {/api/v1/founder-security/admin-login, POST} route[39m[38;5;3m +0ms[39m
[32m[Nest] 39240  - [39m17/06/2026, 11:13:36 am [32m    LOG[39m [38;5;3m[RouterExplorer] [39m[32mMapped {/api/v1/founder-security/verify-question, POST} route[39m[38;5;3m +0ms[39m
[32m[Nest] 39240  - [39m17/06/2026, 11:13:36 am [32m    LOG[39m [38;5;3m[RouterExplorer] [39m[32mMapped {/api/v1/founder-security/login-approve, GET} route[39m[38;5;3m +0ms[39m
[32m[Nest] 39240  - [39m17/06/2026, 11:13:36 am [32m    LOG[39m [38;5;3m[RouterExplorer] [39m[32mMapped {/api/v1/founder-security/login-reject, GET} route[39m[38;5;3m +1ms[39m
[32m[Nest] 39240  - [39m17/06/2026, 11:13:36 am [32m    LOG[39m [38;5;3m[RouterExplorer] [39m[32mMapped {/api/v1/founder-security/login-status, GET} route[39m[38;5;3m +0ms[39m
[32m[Nest] 39240  - [39m17/06/2026, 11:13:36 am [32m    LOG[39m [38;5;3m[RouterExplorer] [39m[32mMapped {/api/v1/founder-security/clerk-access/request, POST} route[39m[38;5;3m +0ms[39m
[32m[Nest] 39240  - [39m17/06/2026, 11:13:36 am [32m    LOG[39m [38;5;3m[RouterExplorer] [39m[32mMapped {/api/v1/founder-security/clerk-access/approve, GET} route[39m[38;5;3m +0ms[39m
[32m[Nest] 39240  - [39m17/06/2026, 11:13:36 am [32m    LOG[39m [38;5;3m[RouterExplorer] [39m[32mMapped {/api/v1/founder-security/clerk-access/reject, GET} route[39m[38;5;3m +1ms[39m
[32m[Nest] 39240  - [39m17/06/2026, 11:13:36 am [32m    LOG[39m [38;5;3m[RouterExplorer] [39m[32mMapped {/api/v1/founder-security/clerk-access/status, GET} route[39m[38;5;3m +0ms[39m
[32m[Nest] 39240  - [39m17/06/2026, 11:13:36 am [32m    LOG[39m [38;5;3m[RouterExplorer] [39m[32mMapped {/api/v1/founder-security/clerk-access/session-check, GET} route[39m[38;5;3m +0ms[39m
[32m[Nest] 39240  - [39m17/06/2026, 11:13:36 am [32m    LOG[39m [38;5;3m[RoutesResolver] [39m[32mSecurityTestController {/api/v1/api/security}:[39m[38;5;3m +1ms[39m
[32m[Nest] 39240  - [39m17/06/2026, 11:13:36 am [32m    LOG[39m [38;5;3m[RouterExplorer] [39m[32mMapped {/api/security/test-email, GET} route[39m[38;5;3m +0ms[39m
[32m[Nest] 39240  - [39m17/06/2026, 11:13:36 am [32m    LOG[39m [38;5;3m[RouterExplorer] [39m[32mMapped {/api/security/test-email, POST} route[39m[38;5;3m +0ms[39m
[32m[Nest] 39240  - [39m17/06/2026, 11:13:36 am [32m    LOG[39m [38;5;3m[RoutesResolver] [39m[32mSettingsController {/api/v1/settings}:[39m[38;5;3m +0ms[39m
[32m[Nest] 39240  - [39m17/06/2026, 11:13:36 am [32m    LOG[39m [38;5;3m[RouterExplorer] [39m[32mMapped {/api/v1/settings/dashboard, GET} route[39m[38;5;3m +1ms[39m
[32m[Nest] 39240  - [39m17/06/2026, 11:13:36 am [32m    LOG[39m [38;5;3m[RouterExplorer] [39m[32mMapped {/api/v1/settings/activity, POST} route[39m[38;5;3m +0ms[39m
[32m[Nest] 39240  - [39m17/06/2026, 11:13:36 am [32m    LOG[39m [38;5;3m[RouterExplorer] [39m[32mMapped {/api/v1/settings/notifications, POST} route[39m[38;5;3m +0ms[39m
[32m[Nest] 39240  - [39m17/06/2026, 11:13:36 am [32m    LOG[39m [38;5;3m[RouterExplorer] [39m[32mMapped {/api/v1/settings/danger/account-deletion, POST} route[39m[38;5;3m +1ms[39m
[32m[Nest] 39240  - [39m17/06/2026, 11:13:36 am [32m    LOG[39m [38;5;3m[RouterExplorer] [39m[32mMapped {/api/v1/settings/danger/soft-delete, POST} route[39m[38;5;3m +0ms[39m
[32m[Nest] 39240  - [39m17/06/2026, 11:13:36 am [32m    LOG[39m [38;5;3m[RouterExplorer] [39m[32mMapped {/api/v1/settings/danger/logout-all-devices, POST} route[39m[38;5;3m +0ms[39m
[32m[Nest] 39240  - [39m17/06/2026, 11:13:36 am [32m    LOG[39m [38;5;3m[RouterExplorer] [39m[32mMapped {/api/v1/settings/danger/data-removal-request, POST} route[39m[38;5;3m +0ms[39m
[32m[Nest] 39240  - [39m17/06/2026, 11:13:36 am [32m    LOG[39m [38;5;3m[RouterExplorer] [39m[32mMapped {/api/v1/settings/danger/permanent-delete, POST} route[39m[38;5;3m +1ms[39m
[32m[Nest] 39240  - [39m17/06/2026, 11:13:36 am [32m    LOG[39m [38;5;3m[RouterExplorer] [39m[32mMapped {/api/v1/settings/export/:kind/:format, GET} route[39m[38;5;3m +0ms[39m
[32m[Nest] 39240  - [39m17/06/2026, 11:13:36 am [32m    LOG[39m [38;5;3m[RouterExplorer] [39m[32mMapped {/api/v1/settings/feedback, POST} route[39m[38;5;3m +0ms[39m
[32m[Nest] 39240  - [39m17/06/2026, 11:13:36 am [32m    LOG[39m [38;5;3m[RouterExplorer] [39m[32mMapped {/api/v1/settings/feedback/my, GET} route[39m[38;5;3m +0ms[39m
[32m[Nest] 39240  - [39m17/06/2026, 11:13:36 am [32m    LOG[39m [38;5;3m[RouterExplorer] [39m[32mMapped {/api/v1/settings/feedback/community, GET} route[39m[38;5;3m +1ms[39m
[32m[Nest] 39240  - [39m17/06/2026, 11:13:36 am [32m    LOG[39m [38;5;3m[RouterExplorer] [39m[32mMapped {/api/v1/settings/feedback/:id/vote, POST} route[39m[38;5;3m +0ms[39m
[32m[Nest] 39240  - [39m17/06/2026, 11:13:36 am [32m    LOG[39m [38;5;3m[RouterExplorer] [39m[32mMapped {/api/v1/settings/feedback/admin, GET} route[39m[38;5;3m +0ms[39m
[32m[Nest] 39240  - [39m17/06/2026, 11:13:36 am [32m    LOG[39m [38;5;3m[RouterExplorer] [39m[32mMapped {/api/v1/settings/feedback/:id/status, PUT} route[39m[38;5;3m +0ms[39m
[32m[Nest] 39240  - [39m17/06/2026, 11:13:36 am [32m    LOG[39m [38;5;3m[RouterExplorer] [39m[32mMapped {/api/v1/settings/notifications/fcm-token, POST} route[39m[38;5;3m +0ms[39m
[32m[Nest] 39240  - [39m17/06/2026, 11:13:36 am [32m    LOG[39m [38;5;3m[RouterExplorer] [39m[32mMapped {/api/v1/settings/subscription/upgrade, POST} route[39m[38;5;3m +1ms[39m
[32m[Nest] 39240  - [39m17/06/2026, 11:13:36 am [32m    LOG[39m [38;5;3m[RouterExplorer] [39m[32mMapped {/api/v1/settings/security/password-change, POST} route[39m[38;5;3m +0ms[39m
[32m[Nest] 39240  - [39m17/06/2026, 11:13:36 am [32m    LOG[39m [38;5;3m[RouterExplorer] [39m[32mMapped {/api/v1/settings/notifications/test, POST} route[39m[38;5;3m +0ms[39m
[32m[Nest] 39240  - [39m17/06/2026, 11:13:36 am [32m    LOG[39m [38;5;3m[RouterExplorer] [39m[32mMapped {/api/v1/settings/profile, GET} route[39m[38;5;3m +0ms[39m
[32m[Nest] 39240  - [39m17/06/2026, 11:13:36 am [32m    LOG[39m [38;5;3m[RouterExplorer] [39m[32mMapped {/api/v1/settings/ai-provider-onboarding, GET} route[39m[38;5;3m +1ms[39m
[32m[Nest] 39240  - [39m17/06/2026, 11:13:36 am [32m    LOG[39m [38;5;3m[RouterExplorer] [39m[32mMapped {/api/v1/settings/ai-provider-onboarding/complete, POST} route[39m[38;5;3m +0ms[39m
[32m[Nest] 39240  - [39m17/06/2026, 11:13:36 am [32m    LOG[39m [38;5;3m[RouterExplorer] [39m[32mMapped {/api/v1/settings/profile, PUT} route[39m[38;5;3m +0ms[39m
[32m[Nest] 39240  - [39m17/06/2026, 11:13:36 am [32m    LOG[39m [38;5;3m[RouterExplorer] [39m[32mMapped {/api/v1/settings/login, POST} route[39m[38;5;3m +0ms[39m
[32m[Nest] 39240  - [39m17/06/2026, 11:13:36 am [32m    LOG[39m [38;5;3m[RouterExplorer] [39m[32mMapped {/api/v1/settings/logout, POST} route[39m[38;5;3m +0ms[39m
[32m[Nest] 39240  - [39m17/06/2026, 11:13:36 am [32m    LOG[39m [38;5;3m[RoutesResolver] [39m[32mByokController {/api/v1/settings/byok}:[39m[38;5;3m +1ms[39m
[32m[Nest] 39240  - [39m17/06/2026, 11:13:36 am [32m    LOG[39m [38;5;3m[RouterExplorer] [39m[32mMapped {/api/v1/settings/byok/keys, POST} route[39m[38;5;3m +0ms[39m
[32m[Nest] 39240  - [39m17/06/2026, 11:13:36 am [32m    LOG[39m [38;5;3m[RouterExplorer] [39m[32mMapped {/api/v1/settings/byok/keys/:provider, DELETE} route[39m[38;5;3m +0ms[39m
[32m[Nest] 39240  - [39m17/06/2026, 11:13:36 am [32m    LOG[39m [38;5;3m[RouterExplorer] [39m[32mMapped {/api/v1/settings/byok/keys, GET} route[39m[38;5;3m +1ms[39m
[32m[Nest] 39240  - [39m17/06/2026, 11:13:36 am [32m    LOG[39m [38;5;3m[RouterExplorer] [39m[32mMapped {/api/v1/settings/byok/usage, GET} route[39m[38;5;3m +0ms[39m
[32m[Nest] 39240  - [39m17/06/2026, 11:13:36 am [32m    LOG[39m [38;5;3m[RouterExplorer] [39m[32mMapped {/api/v1/settings/byok/status, GET} route[39m[38;5;3m +0ms[39m
[32m[Nest] 39240  - [39m17/06/2026, 11:13:36 am [32m    LOG[39m [38;5;3m[RoutesResolver] [39m[32mProviderManagementController {/api/v1/admin/providers}:[39m[38;5;3m +0ms[39m
[32m[Nest] 39240  - [39m17/06/2026, 11:13:36 am [32m    LOG[39m [38;5;3m[RouterExplorer] [39m[32mMapped {/api/v1/admin/providers, GET} route[39m[38;5;3m +1ms[39m
[32m[Nest] 39240  - [39m17/06/2026, 11:13:36 am [32m    LOG[39m [38;5;3m[RouterExplorer] [39m[32mMapped {/api/v1/admin/providers/keys, POST} route[39m[38;5;3m +0ms[39m
[32m[Nest] 39240  - [39m17/06/2026, 11:13:36 am [32m    LOG[39m [38;5;3m[RouterExplorer] [39m[32mMapped {/api/v1/admin/providers/keys/:id/test, POST} route[39m[38;5;3m +0ms[39m
[32m[Nest] 39240  - [39m17/06/2026, 11:13:36 am [32m    LOG[39m [38;5;3m[RouterExplorer] [39m[32mMapped {/api/v1/admin/providers/keys/:id/activate, POST} route[39m[38;5;3m +0ms[39m
[32m[Nest] 39240  - [39m17/06/2026, 11:13:36 am [32m    LOG[39m [38;5;3m[RouterExplorer] [39m[32mMapped {/api/v1/admin/providers/keys/:id/disable, POST} route[39m[38;5;3m +1ms[39m
[32m[Nest] 39240  - [39m17/06/2026, 11:13:36 am [32m    LOG[39m [38;5;3m[RouterExplorer] [39m[32mMapped {/api/v1/admin/providers/:providerKey/enable, POST} route[39m[38;5;3m +0ms[39m
[32m[Nest] 39240  - [39m17/06/2026, 11:13:36 am [32m    LOG[39m [38;5;3m[RouterExplorer] [39m[32mMapped {/api/v1/admin/providers/:providerKey/disable, POST} route[39m[38;5;3m +0ms[39m
[32m[Nest] 39240  - [39m17/06/2026, 11:13:36 am [32m    LOG[39m [38;5;3m[RoutesResolver] [39m[32mLearningWorkspaceController {/api/v1/learning-workspace}:[39m[38;5;3m +0ms[39m
[32m[Nest] 39240  - [39m17/06/2026, 11:13:36 am [32m    LOG[39m [38;5;3m[RouterExplorer] [39m[32mMapped {/api/v1/learning-workspace, GET} route[39m[38;5;3m +1ms[39m
[32m[Nest] 39240  - [39m17/06/2026, 11:13:36 am [32m    LOG[39m [38;5;3m[RouterExplorer] [39m[32mMapped {/api/v1/learning-workspace/sources/text, POST} route[39m[38;5;3m +0ms[39m
[32m[Nest] 39240  - [39m17/06/2026, 11:13:36 am [32m    LOG[39m [38;5;3m[RouterExplorer] [39m[32mMapped {/api/v1/learning-workspace/sources/upload, POST} route[39m[38;5;3m +0ms[39m
[32m[Nest] 39240  - [39m17/06/2026, 11:13:36 am [32m    LOG[39m [38;5;3m[RouterExplorer] [39m[32mMapped {/api/v1/learning-workspace/sources/:id/rename, POST} route[39m[38;5;3m +0ms[39m
[32m[Nest] 39240  - [39m17/06/2026, 11:13:36 am [32m    LOG[39m [38;5;3m[RouterExplorer] [39m[32mMapped {/api/v1/learning-workspace/sources/:id/delete, POST} route[39m[38;5;3m +1ms[39m
[32m[Nest] 39240  - [39m17/06/2026, 11:13:36 am [32m    LOG[39m [38;5;3m[RouterExplorer] [39m[32mMapped {/api/v1/learning-workspace/sources/:id/reprocess, POST} route[39m[38;5;3m +0ms[39m
[32m[Nest] 39240  - [39m17/06/2026, 11:13:36 am [32m    LOG[39m [38;5;3m[RouterExplorer] [39m[32mMapped {/api/v1/learning-workspace/mock-tests/generate, POST} route[39m[38;5;3m +0ms[39m
[32m[Nest] 39240  - [39m17/06/2026, 11:13:36 am [32m    LOG[39m [38;5;3m[RouterExplorer] [39m[32mMapped {/api/v1/learning-workspace/mock-tests/:id/submit, POST} route[39m[38;5;3m +0ms[39m
[32m[Nest] 39240  - [39m17/06/2026, 11:13:36 am [32m    LOG[39m [38;5;3m[RouterExplorer] [39m[32mMapped {/api/v1/learning-workspace/mock-tests/:id/export/:format, GET} route[39m[38;5;3m +1ms[39m
[32m[Nest] 39240  - [39m17/06/2026, 11:13:36 am [32m    LOG[39m [38;5;3m[RouterExplorer] [39m[32mMapped {/api/v1/learning-workspace/mind-maps/generate, POST} route[39m[38;5;3m +0ms[39m
[32m[Nest] 39240  - [39m17/06/2026, 11:13:36 am [32m    LOG[39m [38;5;3m[RouterExplorer] [39m[32mMapped {/api/v1/learning-workspace/mind-maps/:id/export/:format, GET} route[39m[38;5;3m +0ms[39m
[32m[Nest] 39240  - [39m17/06/2026, 11:13:36 am [32m    LOG[39m [38;5;3m[RouterExplorer] [39m[32mMapped {/api/v1/learning-workspace/study-kits/generate, POST} route[39m[38;5;3m +0ms[39m
[32m[Nest] 39240  - [39m17/06/2026, 11:13:36 am [32m    LOG[39m [38;5;3m[RouterExplorer] [39m[32mMapped {/api/v1/learning-workspace/study-kits/:id/export/:format, GET} route[39m[38;5;3m +1ms[39m
[32m[Nest] 39240  - [39m17/06/2026, 11:13:36 am [32m    LOG[39m [38;5;3m[RouterExplorer] [39m[32mMapped {/api/v1/learning-workspace/flashcards/review, POST} route[39m[38;5;3m +0ms[39m
[32m[Nest] 39240  - [39m17/06/2026, 11:13:36 am [32m    LOG[39m [38;5;3m[RouterExplorer] [39m[32mMapped {/api/v1/learning-workspace/revision-plan/generate, POST} route[39m[38;5;3m +0ms[39m
[32m[Nest] 39240  - [39m17/06/2026, 11:13:36 am [32m    LOG[39m [38;5;3m[RouterExplorer] [39m[32mMapped {/api/v1/learning-workspace/weak-areas, GET} route[39m[38;5;3m +0ms[39m
[32m[Nest] 39240  - [39m17/06/2026, 11:13:36 am [32m    LOG[39m [38;5;3m[RouterExplorer] [39m[32mMapped {/api/v1/learning-workspace/analytics, GET} route[39m[38;5;3m +1ms[39m
[32m[Nest] 39240  - [39m17/06/2026, 11:13:36 am [32m    LOG[39m [38;5;3m[RoutesResolver] [39m[32mStudentVerificationController {/api/v1/student-verification}:[39m[38;5;3m +0ms[39m
[32m[Nest] 39240  - [39m17/06/2026, 11:13:36 am [32m    LOG[39m [38;5;3m[RouterExplorer] [39m[32mMapped {/api/v1/student-verification/submit, POST} route[39m[38;5;3m +0ms[39m
[32m[Nest] 39240  - [39m17/06/2026, 11:13:36 am [32m    LOG[39m [38;5;3m[RouterExplorer] [39m[32mMapped {/api/v1/student-verification/status, GET} route[39m[38;5;3m +0ms[39m
[32m[Nest] 39240  - [39m17/06/2026, 11:13:36 am [32m    LOG[39m [38;5;3m[RouterExplorer] [39m[32mMapped {/api/v1/student-verification/admin/list, GET} route[39m[38;5;3m +1ms[39m
[32m[Nest] 39240  - [39m17/06/2026, 11:13:36 am [32m    LOG[39m [38;5;3m[RouterExplorer] [39m[32mMapped {/api/v1/student-verification/admin/analytics, GET} route[39m[38;5;3m +0ms[39m
[32m[Nest] 39240  - [39m17/06/2026, 11:13:36 am [32m    LOG[39m [38;5;3m[RouterExplorer] [39m[32mMapped {/api/v1/student-verification/admin/:id/approve, POST} route[39m[38;5;3m +0ms[39m
[32m[Nest] 39240  - [39m17/06/2026, 11:13:36 am [32m    LOG[39m [38;5;3m[RouterExplorer] [39m[32mMapped {/api/v1/student-verification/admin/:id/reject, POST} route[39m[38;5;3m +0ms[39m
[32m[Nest] 39240  - [39m17/06/2026, 11:13:36 am [32m    LOG[39m [38;5;3m[RouterExplorer] [39m[32mMapped {/api/v1/student-verification/documents/:id, GET} route[39m[38;5;3m +1ms[39m
[32m[Nest] 39240  - [39m17/06/2026, 11:13:36 am [32m    LOG[39m [38;5;3m[QdrantService] [39m[32mInitializing Qdrant client with URL: https://dd284eb5-9c7e-4f0e-92fd-815f87684ce0.us-west-1-0.aws.cloud.qdrant.io[39m
[32m[Nest] 39240  - [39m17/06/2026, 11:13:36 am [32m    LOG[39m [38;5;3m[QdrantService] [39m[32mTesting Qdrant connection...[39m
[32m[Nest] 39240  - [39m17/06/2026, 11:13:36 am [32m    LOG[39m [38;5;3m[BgeM3Provider] [39m[32mInitializing BGE-M3 provider → http://localhost:8100[39m
[33m[Nest] 39240  - [39m17/06/2026, 11:13:36 am [33m   WARN[39m [38;5;3m[SupabaseService] [39m[33mProject ref mismatch: URL is for "mydrikssmzzudzqeqroe" but service key is for "knwotyuwjkkuvfwuzseq". Falling back to anon key.[39m
[33m[Nest] 39240  - [39m17/06/2026, 11:13:36 am [33m   WARN[39m [38;5;3m[SupabaseService] [39m[33mSupabase getPreferences failed: connect ECONNREFUSED 127.0.0.1:9. Fallback active.[39m
[33m[Nest] 39240  - [39m17/06/2026, 11:13:36 am [33m   WARN[39m [38;5;3m[BgeM3Provider] [39m[33mBGE-M3 sidecar unreachable at http://localhost:8100: . Embeddings will fail until the sidecar is started.[39m
[33m[Nest] 39240  - [39m17/06/2026, 11:13:36 am [33m   WARN[39m [38;5;3m[SupabaseService] [39m[33mProject ref mismatch: URL is for "mydrikssmzzudzqeqroe" but service key is for "knwotyuwjkkuvfwuzseq". Falling back to anon key.[39m
[33m[Nest] 39240  - [39m17/06/2026, 11:13:36 am [33m   WARN[39m [38;5;3m[SupabaseService] [39m[33mSupabase getPreferences failed: connect ECONNREFUSED 127.0.0.1:9. Fallback active.[39m
[32m[Nest] 39240  - [39m17/06/2026, 11:13:36 am [32m    LOG[39m [38;5;3m[NestApplication] [39m[32mNest application successfully started[39m[38;5;3m +6ms[39m
N[39m [38;5;3m[SupabaseService] [39m[33mProject ref mismatch: URL is for "mydrikssmzzudzqeqroe" but service key is for "knwotyuwjkkuvfwuzseq". Falling back to anon key.[39m
[33m[Nest] 23464  - [39m17/06/2026, 11:08:01 am [33m   WARN[39m [38;5;3m[SupabaseService] [39m[33mSupabase getUserEmail failed: connect ECONNREFUSED 127.0.0.1:9. Fallback active.[39m
[33m[Nest] 23464  - [39m17/06/2026, 11:08:01 am [33m   WARN[39m [38;5;3m[NotificationService] [39m[33mNo email address resolved for user user_3EwmjaCl5UfguZTH3M8KPZg5AAE[39m
[33m[Nest] 23464  - [39m17/06/2026, 11:08:01 am [33m   WARN[39m [38;5;3m[SupabaseService] [39m[33mProject ref mismatch: URL is for "mydrikssmzzudzqeqroe" but service key is for "knwotyuwjkkuvfwuzseq". Falling back to anon key.[39m
[32m[Nest] 23464  - [39m17/06/2026, 11:08:01 am [32m    LOG[39m [38;5;3m[NotificationService] [39m[32mDispatching browser push to token for user user_3EwmjaCl5UfguZTH3M8KPZg5AAE[39m
[33m[Nest] 23464  - [39m17/06/2026, 11:08:01 am [33m   WARN[39m [38;5;3m[NotificationService] [39m[33mFCM_SERVER_KEY is missing from environment. Browser push notification simulated.[39m
[33m[Nest] 23464  - [39m17/06/2026, 11:08:01 am [33m   WARN[39m [38;5;3m[SupabaseService] [39m[33mProject ref mismatch: URL is for "mydrikssmzzudzqeqroe" but service key is for "knwotyuwjkkuvfwuzseq". Falling back to anon key.[39m
[33m[Nest] 23464  - [39m17/06/2026, 11:08:01 am [33m   WARN[39m [38;5;3m[NotificationService] [39m[33mEmail notification 547c916c-dea1-4990-a9c9-9ccf44151ab3 remains pending for retry.[39m
[33m[Nest] 23464  - [39m17/06/2026, 11:08:01 am [33m   WARN[39m [38;5;3m[SupabaseService] [39m[33mProject ref mismatch: URL is for "mydrikssmzzudzqeqroe" but service key is for "knwotyuwjkkuvfwuzseq". Falling back to anon key.[39m
[33m[Nest] 23464  - [39m17/06/2026, 11:08:01 am [33m   WARN[39m [38;5;3m[SupabaseService] [39m[33mSupabase getPreferences failed: connect ECONNREFUSED 127.0.0.1:9. Fallback active.[39m
[33m[Nest] 23464  - [39m17/06/2026, 11:08:01 am [33m   WARN[39m [38;5;3m[SupabaseService] [39m[33mProject ref mismatch: URL is for "mydrikssmzzudzqeqroe" but service key is for "knwotyuwjkkuvfwuzseq". Falling back to anon key.[39m
[33m[Nest] 23464  - [39m17/06/2026, 11:08:01 am [33m   WARN[39m [38;5;3m[SupabaseService] [39m[33mSupabase getUserEmail failed: connect ECONNREFUSED 127.0.0.1:9. Fallback active.[39m
[33m[Nest] 23464  - [39m17/06/2026, 11:08:01 am [33m   WARN[39m [38;5;3m[NotificationService] [39m[33mNo email address resolved for user user_3EwmjaCl5UfguZTH3M8KPZg5AAE[39m
[33m[Nest] 23464  - [39m17/06/2026, 11:08:01 am [33m   WARN[39m [38;5;3m[SupabaseService] [39m[33mProject ref mismatch: URL is for "mydrikssmzzudzqeqroe" but service key is for "knwotyuwjkkuvfwuzseq". Falling back to anon key.[39m
[32m[Nest] 23464  - [39m17/06/2026, 11:08:01 am [32m    LOG[39m [38;5;3m[NotificationService] [39m[32mDispatching browser push to token for user user_3EwmjaCl5UfguZTH3M8KPZg5AAE[39m
[33m[Nest] 23464  - [39m17/06/2026, 11:08:01 am [33m   WARN[39m [38;5;3m[NotificationService] [39m[33mFCM_SERVER_KEY is missing from environment. Browser push notification simulated.[39m
[33m[Nest] 23464  - [39m17/06/2026, 11:08:01 am [33m   WARN[39m [38;5;3m[SupabaseService] [39m[33mProject ref mismatch: URL is for "mydrikssmzzudzqeqroe" but service key is for "knwotyuwjkkuvfwuzseq". Falling back to anon key.[39m
[33m[Nest] 23464  - [39m17/06/2026, 11:08:01 am [33m   WARN[39m [38;5;3m[NotificationService] [39m[33mEmail notification 925cd5f3-914a-409e-9197-d2969f4b0a94 remains pending for retry.[39m
[33m[Nest] 23464  - [39m17/06/2026, 11:08:57 am [33m   WARN[39m [38;5;3m[SupabaseService] [39m[33mProject ref mismatch: URL is for "mydrikssmzzudzqeqroe" but service key is for "knwotyuwjkkuvfwuzseq". Falling back to anon key.[39m
[33m[Nest] 23464  - [39m17/06/2026, 11:08:57 am [33m   WARN[39m [38;5;3m[SupabaseService] [39m[33mSupabase getPreferences failed: connect ECONNREFUSED 127.0.0.1:9. Fallback active.[39m
[33m[Nest] 23464  - [39m17/06/2026, 11:08:57 am [33m   WARN[39m [38;5;3m[SupabaseService] [39m[33mProject ref mismatch: URL is for "mydrikssmzzudzqeqroe" but service key is for "knwotyuwjkkuvfwuzseq". Falling back to anon key.[39m
[33m[Nest] 23464  - [39m17/06/2026, 11:08:57 am [33m   WARN[39m [38;5;3m[SupabaseService] [39m[33mSupabase getPreferences failed: connect ECONNREFUSED 127.0.0.1:9. Fallback active.[39m
[32m[Nest] 23464  - [39m17/06/2026, 11:08:57 am [32m    LOG[39m [38;5;3m[NotificationService] [39m[32mChecking upcoming exams for reminder triggers at 2026-06-17T05:38:57.252Z[39m
[33m[Nest] 23464  - [39m17/06/2026, 11:08:57 am [33m   WARN[39m [38;5;3m[SupabaseService] [39m[33mProject ref mismatch: URL is for "mydrikssmzzudzqeqroe" but service key is for "knwotyuwjkkuvfwuzseq". Falling back to anon key.[39m
[33m[Nest] 23464  - [39m17/06/2026, 11:08:57 am [33m   WARN[39m [38;5;3m[NotificationService] [39m[33mFailed to fetch due exam reminders from Supabase: connect ECONNREFUSED 127.0.0.1:9[39m
[33m[Nest] 23464  - [39m17/06/2026, 11:08:57 am [33m   WARN[39m [38;5;3m[SupabaseService] [39m[33mProject ref mismatch: URL is for "mydrikssmzzudzqeqroe" but service key is for "knwotyuwjkkuvfwuzseq". Falling back to anon key.[39m
[33m[Nest] 23464  - [39m17/06/2026, 11:08:57 am [33m   WARN[39m [38;5;3m[SupabaseService] [39m[33mSupabase getPendingNotifications failed: connect ECONNREFUSED 127.0.0.1:9. Fallback active.[39m
[33m[Nest] 23464  - [39m17/06/2026, 11:08:57 am [33m   WARN[39m [38;5;3m[SupabaseService] [39m[33mProject ref mismatch: URL is for "mydrikssmzzudzqeqroe" but service key is for "knwotyuwjkkuvfwuzseq". Falling back to anon key.[39m
[33m[Nest] 23464  - [39m17/06/2026, 11:08:57 am [33m   WARN[39m [38;5;3m[SupabaseService] [39m[33mSupabase getPreferences failed: connect ECONNREFUSED 127.0.0.1:9. Fallback active.[39m
[33m[Nest] 23464  - [39m17/06/2026, 11:08:57 am [33m   WARN[39m [38;5;3m[SupabaseService] [39m[33mProject ref mismatch: URL is for "mydrikssmzzudzqeqroe" but service key is for "knwotyuwjkkuvfwuzseq". Falling back to anon key.[39m
[33m[Nest] 23464  - [39m17/06/2026, 11:08:57 am [33m   WARN[39m [38;5;3m[SupabaseService] [39m[33mSupabase getUserEmail failed: connect ECONNREFUSED 127.0.0.1:9. Fallback active.[39m
[32m[Nest] 23464  - [39m17/06/2026, 11:08:57 am [32m    LOG[39m [38;5;3m[NotificationService] [39m[32mDispatching email to ayush.goyal2@s.amity.edu for notice: Research Report Completed: Constitutional validity of reservation policy[39m
[32m[Nest] 23464  - [39m17/06/2026, 11:09:00 am [32m    LOG[39m [38;5;3m[NotificationService] [39m[32mSMTP Email sent successfully to ayush.goyal2@s.amity.edu.[39m
[33m[Nest] 23464  - [39m17/06/2026, 11:09:01 am [33m   WARN[39m [38;5;3m[SupabaseService] [39m[33mProject ref mismatch: URL is for "mydrikssmzzudzqeqroe" but service key is for "knwotyuwjkkuvfwuzseq". Falling back to anon key.[39m
[33m[Nest] 23464  - [39m17/06/2026, 11:09:01 am [33m   WARN[39m [38;5;3m[SupabaseService] [39m[33mProject ref mismatch: URL is for "mydrikssmzzudzqeqroe" but service key is for "knwotyuwjkkuvfwuzseq". Falling back to anon key.[39m
[33m[Nest] 23464  - [39m17/06/2026, 11:09:01 am [33m   WARN[39m [38;5;3m[SupabaseService] [39m[33mSupabase getPreferences failed: connect ECONNREFUSED 127.0.0.1:9. Fallback active.[39m
[33m[Nest] 23464  - [39m17/06/2026, 11:09:01 am [33m   WARN[39m [38;5;3m[SupabaseService] [39m[33mProject ref mismatch: URL is for "mydrikssmzzudzqeqroe" but service key is for "knwotyuwjkkuvfwuzseq". Falling back to anon key.[39m
[33m[Nest] 23464  - [39m17/06/2026, 11:09:01 am [33m   WARN[39m [38;5;3m[SupabaseService] [39m[33mSupabase getUserEmail failed: connect ECONNREFUSED 127.0.0.1:9. Fallback active.[39m
[33m[Nest] 23464  - [39m17/06/2026, 11:09:01 am [33m   WARN[39m [38;5;3m[NotificationService] [39m[33mNo email address resolved for user 2fa8d0a2-3446-4845-8ab5-991dd469110f[39m
[33m[Nest] 23464  - [39m17/06/2026, 11:09:01 am [33m   WARN[39m [38;5;3m[SupabaseService] [39m[33mProject ref mismatch: URL is for "mydrikssmzzudzqeqroe" but service key is for "knwotyuwjkkuvfwuzseq". Falling back to anon key.[39m
[33m[Nest] 23464  - [39m17/06/2026, 11:09:01 am [33m   WARN[39m [38;5;3m[NotificationService] [39m[33mEmail notification 8e2f6f21-c91c-403f-8837-c7e5b1c4999c remains pending for retry.[39m
[33m[Nest] 23464  - [39m17/06/2026, 11:09:01 am [33m   WARN[39m [38;5;3m[SupabaseService] [39m[33mProject ref mismatch: URL is for "mydrikssmzzudzqeqroe" but service key is for "knwotyuwjkkuvfwuzseq". Falling back to anon key.[39m
[33m[Nest] 23464  - [39m17/06/2026, 11:09:01 am [33m   WARN[39m [38;5;3m[SupabaseService] [39m[33mSupabase getPreferences failed: connect ECONNREFUSED 127.0.0.1:9. Fallback active.[39m
[33m[Nest] 23464  - [39m17/06/2026, 11:09:01 am [33m   WARN[39m [38;5;3m[SupabaseService] [39m[33mProject ref mismatch: URL is for "mydrikssmzzudzqeqroe" but service key is for "knwotyuwjkkuvfwuzseq". Falling back to anon key.[39m
[33m[Nest] 23464  - [39m17/06/2026, 11:09:01 am [33m   WARN[39m [38;5;3m[SupabaseService] [39m[33mSupabase getUserEmail failed: connect ECONNREFUSED 127.0.0.1:9. Fallback active.[39m
[33m[Nest] 23464  - [39m17/06/2026, 11:09:01 am [33m   WARN[39m [38;5;3m[NotificationService] [39m[33mNo email address resolved for user 2fa8d0a2-3446-4845-8ab5-991dd469110f[39m
[33m[Nest] 23464  - [39m17/06/2026, 11:09:01 am [33m   WARN[39m [38;5;3m[SupabaseService] [39m[33mProject ref mismatch: URL is for "mydrikssmzzudzqeqroe" but service key is for "knwotyuwjkkuvfwuzseq". Falling back to anon key.[39m
[33m[Nest] 23464  - [39m17/06/2026, 11:09:01 am [33m   WARN[39m [38;5;3m[NotificationService] [39m[33mEmail notification 5072993e-c046-467a-829b-1ba91f42f42b remains pending for retry.[39m
[33m[Nest] 23464  - [39m17/06/2026, 11:09:01 am [33m   WARN[39m [38;5;3m[SupabaseService] [39m[33mProject ref mismatch: URL is for "mydrikssmzzudzqeqroe" but service key is for "knwotyuwjkkuvfwuzseq". Falling back to anon key.[39m
[33m[Nest] 23464  - [39m17/06/2026, 11:09:01 am [33m   WARN[39m [38;5;3m[SupabaseService] [39m[33mSupabase getPreferences failed: connect ECONNREFUSED 127.0.0.1:9. Fallback active.[39m
[33m[Nest] 23464  - [39m17/06/2026, 11:09:01 am [33m   WARN[39m [38;5;3m[SupabaseService] [39m[33mProject ref mismatch: URL is for "mydrikssmzzudzqeqroe" but service key is for "knwotyuwjkkuvfwuzseq". Falling back to anon key.[39m
[33m[Nest] 23464  - [39m17/06/2026, 11:09:01 am [33m   WARN[39m [38;5;3m[SupabaseService] [39m[33mSupabase getUserEmail failed: connect ECONNREFUSED 127.0.0.1:9. Fallback active.[39m
[33m[Nest] 23464  - [39m17/06/2026, 11:09:01 am [33m   WARN[39m [38;5;3m[NotificationService] [39m[33mNo email address resolved for user user_3EwmjaCl5UfguZTH3M8KPZg5AAE[39m
[33m[Nest] 23464  - [39m17/06/2026, 11:09:01 am [33m   WARN[39m [38;5;3m[SupabaseService] [39m[33mProject ref mismatch: URL is for "mydrikssmzzudzqeqroe" but service key is for "knwotyuwjkkuvfwuzseq". Falling back to anon key.[39m
[32m[Nest] 23464  - [39m17/06/2026, 11:09:01 am [32m    LOG[39m [38;5;3m[NotificationService] [39m[32mDispatching browser push to token for user user_3EwmjaCl5UfguZTH3M8KPZg5AAE[39m
[33m[Nest] 23464  - [39m17/06/2026, 11:09:01 am [33m   WARN[39m [38;5;3m[NotificationService] [39m[33mFCM_SERVER_KEY is missing from environment. Browser push notification simulated.[39m
[33m[Nest] 23464  - [39m17/06/2026, 11:09:01 am [33m   WARN[39m [38;5;3m[SupabaseService] [39m[33mProject ref mismatch: URL is for "mydrikssmzzudzqeqroe" but service key is for "knwotyuwjkkuvfwuzseq". Falling back to anon key.[39m
[33m[Nest] 23464  - [39m17/06/2026, 11:09:01 am [33m   WARN[39m [38;5;3m[NotificationService] [39m[33mEmail notification 547c916c-dea1-4990-a9c9-9ccf44151ab3 remains pending for retry.[39m
[33m[Nest] 23464  - [39m17/06/2026, 11:09:01 am [33m   WARN[39m [38;5;3m[SupabaseService] [39m[33mProject ref mismatch: URL is for "mydrikssmzzudzqeqroe" but service key is for "knwotyuwjkkuvfwuzseq". Falling back to anon key.[39m
[33m[Nest] 23464  - [39m17/06/2026, 11:09:01 am [33m   WARN[39m [38;5;3m[SupabaseService] [39m[33mSupabase getPreferences failed: connect ECONNREFUSED 127.0.0.1:9. Fallback active.[39m
[33m[Nest] 23464  - [39m17/06/2026, 11:09:01 am [33m   WARN[39m [38;5;3m[SupabaseService] [39m[33mProject ref mismatch: URL is for "mydrikssmzzudzqeqroe" but service key is for "knwotyuwjkkuvfwuzseq". Falling back to anon key.[39m
[33m[Nest] 23464  - [39m17/06/2026, 11:09:01 am [33m   WARN[39m [38;5;3m[SupabaseService] [39m[33mSupabase getUserEmail failed: connect ECONNREFUSED 127.0.0.1:9. Fallback active.[39m
[33m[Nest] 23464  - [39m17/06/2026, 11:09:01 am [33m   WARN[39m [38;5;3m[NotificationService] [39m[33mNo email address resolved for user user_3EwmjaCl5UfguZTH3M8KPZg5AAE[39m
[33m[Nest] 23464  - [39m17/06/2026, 11:09:01 am [33m   WARN[39m [38;5;3m[SupabaseService] [39m[33mProject ref mismatch: URL is for "mydrikssmzzudzqeqroe" but service key is for "knwotyuwjkkuvfwuzseq". Falling back to anon key.[39m
[32m[Nest] 23464  - [39m17/06/2026, 11:09:01 am [32m    LOG[39m [38;5;3m[NotificationService] [39m[32mDispatching browser push to token for user user_3EwmjaCl5UfguZTH3M8KPZg5AAE[39m
[33m[Nest] 23464  - [39m17/06/2026, 11:09:01 am [33m   WARN[39m [38;5;3m[NotificationService] [39m[33mFCM_SERVER_KEY is missing from environment. Browser push notification simulated.[39m
[33m[Nest] 23464  - [39m17/06/2026, 11:09:01 am [33m   WARN[39m [38;5;3m[SupabaseService] [39m[33mProject ref mismatch: URL is for "mydrikssmzzudzqeqroe" but service key is for "knwotyuwjkkuvfwuzseq". Falling back to anon key.[39m
[33m[Nest] 23464  - [39m17/06/2026, 11:09:01 am [33m   WARN[39m [38;5;3m[NotificationService] [39m[33mEmail notification 925cd5f3-914a-409e-9197-d2969f4b0a94 remains pending for retry.[39m
[33m[Nest] 23464  - [39m17/06/2026, 11:09:57 am [33m   WARN[39m [38;5;3m[SupabaseService] [39m[33mProject ref mismatch: URL is for "mydrikssmzzudzqeqroe" but service key is for "knwotyuwjkkuvfwuzseq". Falling back to anon key.[39m
[33m[Nest] 23464  - [39m17/06/2026, 11:09:57 am [33m   WARN[39m [38;5;3m[SupabaseService] [39m[33mSupabase getPreferences failed: connect ECONNREFUSED 127.0.0.1:9. Fallback active.[39m
[33m[Nest] 23464  - [39m17/06/2026, 11:09:57 am [33m   WARN[39m [38;5;3m[SupabaseService] [39m[33mProject ref mismatch: URL is for "mydrikssmzzudzqeqroe" but service key is for "knwotyuwjkkuvfwuzseq". Falling back to anon key.[39m
[33m[Nest] 23464  - [39m17/06/2026, 11:09:57 am [33m   WARN[39m [38;5;3m[SupabaseService] [39m[33mSupabase getPreferences failed: connect ECONNREFUSED 127.0.0.1:9. Fallback active.[39m
[32m[Nest] 23464  - [39m17/06/2026, 11:09:57 am [32m    LOG[39m [38;5;3m[NotificationService] [39m[32mChecking upcoming exams for reminder triggers at 2026-06-17T05:39:57.257Z[39m
[33m[Nest] 23464  - [39m17/06/2026, 11:09:57 am [33m   WARN[39m [38;5;3m[SupabaseService] [39m[33mProject ref mismatch: URL is for "mydrikssmzzudzqeqroe" but service key is for "knwotyuwjkkuvfwuzseq". Falling back to anon key.[39m
[33m[Nest] 23464  - [39m17/06/2026, 11:09:57 am [33m   WARN[39m [38;5;3m[NotificationService] [39m[33mFailed to fetch due exam reminders from Supabase: connect ECONNREFUSED 127.0.0.1:9[39m
[33m[Nest] 23464  - [39m17/06/2026, 11:09:57 am [33m   WARN[39m [38;5;3m[SupabaseService] [39m[33mProject ref mismatch: URL is for "mydrikssmzzudzqeqroe" but service key is for "knwotyuwjkkuvfwuzseq". Falling back to anon key.[39m
[33m[Nest] 23464  - [39m17/06/2026, 11:09:57 am [33m   WARN[39m [38;5;3m[SupabaseService] [39m[33mSupabase getPendingNotifications failed: connect ECONNREFUSED 127.0.0.1:9. Fallback active.[39m
[33m[Nest] 23464  - [39m17/06/2026, 11:09:57 am [33m   WARN[39m [38;5;3m[SupabaseService] [39m[33mProject ref mismatch: URL is for "mydrikssmzzudzqeqroe" but service key is for "knwotyuwjkkuvfwuzseq". Falling back to anon key.[39m
[33m[Nest] 23464  - [39m17/06/2026, 11:09:57 am [33m   WARN[39m [38;5;3m[SupabaseService] [39m[33mSupabase getPreferences failed: connect ECONNREFUSED 127.0.0.1:9. Fallback active.[39m
[33m[Nest] 23464  - [39m17/06/2026, 11:09:57 am [33m   WARN[39m [38;5;3m[SupabaseService] [39m[33mProject ref mismatch: URL is for "mydrikssmzzudzqeqroe" but service key is for "knwotyuwjkkuvfwuzseq". Falling back to anon key.[39m
[33m[Nest] 23464  - [39m17/06/2026, 11:09:57 am [33m   WARN[39m [38;5;3m[SupabaseService] [39m[33mSupabase getUserEmail failed: connect ECONNREFUSED 127.0.0.1:9. Fallback active.[39m
[32m[Nest] 23464  - [39m17/06/2026, 11:09:57 am [32m    LOG[39m [38;5;3m[NotificationService] [39m[32mDispatching email to ayush.goyal2@s.amity.edu for notice: Research Report Completed: Constitutional validity of reservation policy[39m
[32m[Nest] 23464  - [39m17/06/2026, 11:10:01 am [32m    LOG[39m [38;5;3m[NotificationService] [39m[32mSMTP Email sent successfully to ayush.goyal2@s.amity.edu.[39m
[33m[Nest] 23464  - [39m17/06/2026, 11:10:01 am [33m   WARN[39m [38;5;3m[SupabaseService] [39m[33mProject ref mismatch: URL is for "mydrikssmzzudzqeqroe" but service key is for "knwotyuwjkkuvfwuzseq". Falling back to anon key.[39m
[33m[Nest] 23464  - [39m17/06/2026, 11:10:01 am [33m   WARN[39m [38;5;3m[SupabaseService] [39m[33mProject ref mismatch: URL is for "mydrikssmzzudzqeqroe" but service key is for "knwotyuwjkkuvfwuzseq". Falling back to anon key.[39m
[33m[Nest] 23464  - [39m17/06/2026, 11:10:01 am [33m   WARN[39m [38;5;3m[SupabaseService] [39m[33mSupabase getPreferences failed: connect ECONNREFUSED 127.0.0.1:9. Fallback active.[39m
[33m[Nest] 23464  - [39m17/06/2026, 11:10:01 am [33m   WARN[39m [38;5;3m[SupabaseService] [39m[33mProject ref mismatch: URL is for "mydrikssmzzudzqeqroe" but service key is for "knwotyuwjkkuvfwuzseq". Falling back to anon key.[39m
[33m[Nest] 23464  - [39m17/06/2026, 11:10:01 am [33m   WARN[39m [38;5;3m[SupabaseService] [39m[33mSupabase getUserEmail failed: connect ECONNREFUSED 127.0.0.1:9. Fallback active.[39m
[33m[Nest] 23464  - [39m17/06/2026, 11:10:01 am [33m   WARN[39m [38;5;3m[NotificationService] [39m[33mNo email address resolved for user 2fa8d0a2-3446-4845-8ab5-991dd469110f[39m
[33m[Nest] 23464  - [39m17/06/2026, 11:10:01 am [33m   WARN[39m [38;5;3m[SupabaseService] [39m[33mProject ref mismatch: URL is for "mydrikssmzzudzqeqroe" but service key is for "knwotyuwjkkuvfwuzseq". Falling back to anon key.[39m
[33m[Nest] 23464  - [39m17/06/2026, 11:10:01 am [33m   WARN[39m [38;5;3m[NotificationService] [39m[33mEmail notification 8e2f6f21-c91c-403f-8837-c7e5b1c4999c remains pending for retry.[39m
[33m[Nest] 23464  - [39m17/06/2026, 11:10:01 am [33m   WARN[39m [38;5;3m[SupabaseService] [39m[33mProject ref mismatch: URL is for "mydrikssmzzudzqeqroe" but service key is for "knwotyuwjkkuvfwuzseq". Falling back to anon key.[39m
[33m[Nest] 23464  - [39m17/06/2026, 11:10:01 am [33m   WARN[39m [38;5;3m[SupabaseService] [39m[33mSupabase getPreferences failed: connect ECONNREFUSED 127.0.0.1:9. Fallback active.[39m
[33m[Nest] 23464  - [39m17/06/2026, 11:10:01 am [33m   WARN[39m [38;5;3m[SupabaseService] [39m[33mProject ref mismatch: URL is for "mydrikssmzzudzqeqroe" but service key is for "knwotyuwjkkuvfwuzseq". Falling back to anon key.[39m
[33m[Nest] 23464  - [39m17/06/2026, 11:10:01 am [33m   WARN[39m [38;5;3m[SupabaseService] [39m[33mSupabase getUserEmail failed: connect ECONNREFUSED 127.0.0.1:9. Fallback active.[39m
[33m[Nest] 23464  - [39m17/06/2026, 11:10:01 am [33m   WARN[39m [38;5;3m[NotificationService] [39m[33mNo email address resolved for user 2fa8d0a2-3446-4845-8ab5-991dd469110f[39m
[33m[Nest] 23464  - [39m17/06/2026, 11:10:01 am [33m   WARN[39m [38;5;3m[SupabaseService] [39m[33mProject ref mismatch: URL is for "mydrikssmzzudzqeqroe" but service key is for "knwotyuwjkkuvfwuzseq". Falling back to anon key.[39m
[33m[Nest] 23464  - [39m17/06/2026, 11:10:01 am [33m   WARN[39m [38;5;3m[NotificationService] [39m[33mEmail notification 5072993e-c046-467a-829b-1ba91f42f42b remains pending for retry.[39m
[33m[Nest] 23464  - [39m17/06/2026, 11:10:01 am [33m   WARN[39m [38;5;3m[SupabaseService] [39m[33mProject ref mismatch: URL is for "mydrikssmzzudzqeqroe" but service key is for "knwotyuwjkkuvfwuzseq". Falling back to anon key.[39m
[33m[Nest] 23464  - [39m17/06/2026, 11:10:01 am [33m   WARN[39m [38;5;3m[SupabaseService] [39m[33mSupabase getPreferences failed: connect ECONNREFUSED 127.0.0.1:9. Fallback active.[39m
[33m[Nest] 23464  - [39m17/06/2026, 11:10:01 am [33m   WARN[39m [38;5;3m[SupabaseService] [39m[33mProject ref mismatch: URL is for "mydrikssmzzudzqeqroe" but service key is for "knwotyuwjkkuvfwuzseq". Falling back to anon key.[39m
[33m[Nest] 23464  - [39m17/06/2026, 11:10:01 am [33m   WARN[39m [38;5;3m[SupabaseService] [39m[33mSupabase getUserEmail failed: connect ECONNREFUSED 127.0.0.1:9. Fallback active.[39m
[33m[Nest] 23464  - [39m17/06/2026, 11:10:01 am [33m   WARN[39m [38;5;3m[NotificationService] [39m[33mNo email address resolved for user user_3EwmjaCl5UfguZTH3M8KPZg5AAE[39m
[33m[Nest] 23464  - [39m17/06/2026, 11:10:01 am [33m   WARN[39m [38;5;3m[SupabaseService] [39m[33mProject ref mismatch: URL is for "mydrikssmzzudzqeqroe" but service key is for "knwotyuwjkkuvfwuzseq". Falling back to anon key.[39m
[32m[Nest] 23464  - [39m17/06/2026, 11:10:01 am [32m    LOG[39m [38;5;3m[NotificationService] [39m[32mDispatching browser push to token for user user_3EwmjaCl5UfguZTH3M8KPZg5AAE[39m
[33m[Nest] 23464  - [39m17/06/2026, 11:10:01 am [33m   WARN[39m [38;5;3m[NotificationService] [39m[33mFCM_SERVER_KEY is missing from environment. Browser push notification simulated.[39m
[33m[Nest] 23464  - [39m17/06/2026, 11:10:01 am [33m   WARN[39m [38;5;3m[SupabaseService] [39m[33mProject ref mismatch: URL is for "mydrikssmzzudzqeqroe" but service key is for "knwotyuwjkkuvfwuzseq". Falling back to anon key.[39m
[33m[Nest] 23464  - [39m17/06/2026, 11:10:01 am [33m   WARN[39m [38;5;3m[NotificationService] [39m[33mEmail notification 547c916c-dea1-4990-a9c9-9ccf44151ab3 remains pending for retry.[39m
[33m[Nest] 23464  - [39m17/06/2026, 11:10:01 am [33m   WARN[39m [38;5;3m[SupabaseService] [39m[33mProject ref mismatch: URL is for "mydrikssmzzudzqeqroe" but service key is for "knwotyuwjkkuvfwuzseq". Falling back to anon key.[39m
[33m[Nest] 23464  - [39m17/06/2026, 11:10:01 am [33m   WARN[39m [38;5;3m[SupabaseService] [39m[33mSupabase getPreferences failed: connect ECONNREFUSED 127.0.0.1:9. Fallback active.[39m
[33m[Nest] 23464  - [39m17/06/2026, 11:10:01 am [33m   WARN[39m [38;5;3m[SupabaseService] [39m[33mProject ref mismatch: URL is for "mydrikssmzzudzqeqroe" but service key is for "knwotyuwjkkuvfwuzseq". Falling back to anon key.[39m
[33m[Nest] 23464  - [39m17/06/2026, 11:10:01 am [33m   WARN[39m [38;5;3m[SupabaseService] [39m[33mSupabase getUserEmail failed: connect ECONNREFUSED 127.0.0.1:9. Fallback active.[39m
[33m[Nest] 23464  - [39m17/06/2026, 11:10:01 am [33m   WARN[39m [38;5;3m[NotificationService] [39m[33mNo email address resolved for user user_3EwmjaCl5UfguZTH3M8KPZg5AAE[39m
[33m[Nest] 23464  - [39m17/06/2026, 11:10:01 am [33m   WARN[39m [38;5;3m[SupabaseService] [39m[33mProject ref mismatch: URL is for "mydrikssmzzudzqeqroe" but service key is for "knwotyuwjkkuvfwuzseq". Falling back to anon key.[39m
[32m[Nest] 23464  - [39m17/06/2026, 11:10:01 am [32m    LOG[39m [38;5;3m[NotificationService] [39m[32mDispatching browser push to token for user user_3EwmjaCl5UfguZTH3M8KPZg5AAE[39m
[33m[Nest] 23464  - [39m17/06/2026, 11:10:01 am [33m   WARN[39m [38;5;3m[NotificationService] [39m[33mFCM_SERVER_KEY is missing from environment. Browser push notification simulated.[39m
[33m[Nest] 23464  - [39m17/06/2026, 11:10:01 am [33m   WARN[39m [38;5;3m[SupabaseService] [39m[33mProject ref mismatch: URL is for "mydrikssmzzudzqeqroe" but service key is for "knwotyuwjkkuvfwuzseq". Falling back to anon key.[39m
[33m[Nest] 23464  - [39m17/06/2026, 11:10:01 am [33m   WARN[39m [38;5;3m[NotificationService] [39m[33mEmail notification 925cd5f3-914a-409e-9197-d2969f4b0a94 remains pending for retry.[39m
[33m[Nest] 23464  - [39m17/06/2026, 11:10:57 am [33m   WARN[39m [38;5;3m[SupabaseService] [39m[33mProject ref mismatch: URL is for "mydrikssmzzudzqeqroe" but service key is for "knwotyuwjkkuvfwuzseq". Falling back to anon key.[39m
[33m[Nest] 23464  - [39m17/06/2026, 11:10:57 am [33m   WARN[39m [38;5;3m[SupabaseService] [39m[33mSupabase getPreferences failed: connect ECONNREFUSED 127.0.0.1:9. Fallback active.[39m
[33m[Nest] 23464  - [39m17/06/2026, 11:10:57 am [33m   WARN[39m [38;5;3m[SupabaseService] [39m[33mProject ref mismatch: URL is for "mydrikssmzzudzqeqroe" but service key is for "knwotyuwjkkuvfwuzseq". Falling back to anon key.[39m
[33m[Nest] 23464  - [39m17/06/2026, 11:10:57 am [33m   WARN[39m [38;5;3m[SupabaseService] [39m[33mSupabase getPreferences failed: connect ECONNREFUSED 127.0.0.1:9. Fallback active.[39m
[32m[Nest] 23464  - [39m17/06/2026, 11:10:57 am [32m    LOG[39m [38;5;3m[NotificationService] [39m[32mChecking upcoming exams for reminder triggers at 2026-06-17T05:40:57.273Z[39m
[33m[Nest] 23464  - [39m17/06/2026, 11:10:57 am [33m   WARN[39m [38;5;3m[SupabaseService] [39m[33mProject ref mismatch: URL is for "mydrikssmzzudzqeqroe" but service key is for "knwotyuwjkkuvfwuzseq". Falling back to anon key.[39m
[33m[Nest] 23464  - [39m17/06/2026, 11:10:57 am [33m   WARN[39m [38;5;3m[NotificationService] [39m[33mFailed to fetch due exam reminders from Supabase: connect ECONNREFUSED 127.0.0.1:9[39m
[33m[Nest] 23464  - [39m17/06/2026, 11:10:57 am [33m   WARN[39m [38;5;3m[SupabaseService] [39m[33mProject ref mismatch: URL is for "mydrikssmzzudzqeqroe" but service key is for "knwotyuwjkkuvfwuzseq". Falling back to anon key.[39m
[33m[Nest] 23464  - [39m17/06/2026, 11:10:57 am [33m   WARN[39m [38;5;3m[SupabaseService] [39m[33mSupabase getPendingNotifications failed: connect ECONNREFUSED 127.0.0.1:9. Fallback active.[39m
[33m[Nest] 23464  - [39m17/06/2026, 11:10:57 am [33m   WARN[39m [38;5;3m[SupabaseService] [39m[33mProject ref mismatch: URL is for "mydrikssmzzudzqeqroe" but service key is for "knwotyuwjkkuvfwuzseq". Falling back to anon key.[39m
[33m[Nest] 23464  - [39m17/06/2026, 11:10:57 am [33m   WARN[39m [38;5;3m[SupabaseService] [39m[33mSupabase getPreferences failed: connect ECONNREFUSED 127.0.0.1:9. Fallback active.[39m
[33m[Nest] 23464  - [39m17/06/2026, 11:10:57 am [33m   WARN[39m [38;5;3m[SupabaseService] [39m[33mProject ref mismatch: URL is for "mydrikssmzzudzqeqroe" but service key is for "knwotyuwjkkuvfwuzseq". Falling back to anon key.[39m
[33m[Nest] 23464  - [39m17/06/2026, 11:10:57 am [33m   WARN[39m [38;5;3m[SupabaseService] [39m[33mSupabase getUserEmail failed: connect ECONNREFUSED 127.0.0.1:9. Fallback active.[39m
[32m[Nest] 23464  - [39m17/06/2026, 11:10:57 am [32m    LOG[39m [38;5;3m[NotificationService] [39m[32mDispatching email to ayush.goyal2@s.amity.edu for notice: Research Report Completed: Constitutional validity of reservation policy[39m
[32m[Nest] 23464  - [39m17/06/2026, 11:11:01 am [32m    LOG[39m [38;5;3m[NotificationService] [39m[32mSMTP Email sent successfully to ayush.goyal2@s.amity.edu.[39m
[33m[Nest] 23464  - [39m17/06/2026, 11:11:01 am [33m   WARN[39m [38;5;3m[SupabaseService] [39m[33mProject ref mismatch: URL is for "mydrikssmzzudzqeqroe" but service key is for "knwotyuwjkkuvfwuzseq". Falling back to anon key.[39m
[33m[Nest] 23464  - [39m17/06/2026, 11:11:01 am [33m   WARN[39m [38;5;3m[SupabaseService] [39m[33mProject ref mismatch: URL is for "mydrikssmzzudzqeqroe" but service key is for "knwotyuwjkkuvfwuzseq". Falling back to anon key.[39m
[33m[Nest] 23464  - [39m17/06/2026, 11:11:01 am [33m   WARN[39m [38;5;3m[SupabaseService] [39m[33mSupabase getPreferences failed: connect ECONNREFUSED 127.0.0.1:9. Fallback active.[39m
[33m[Nest] 23464  - [39m17/06/2026, 11:11:01 am [33m   WARN[39m [38;5;3m[SupabaseService] [39m[33mProject ref mismatch: URL is for "mydrikssmzzudzqeqroe" but service key is for "knwotyuwjkkuvfwuzseq". Falling back to anon key.[39m
[33m[Nest] 23464  - [39m17/06/2026, 11:11:01 am [33m   WARN[39m [38;5;3m[SupabaseService] [39m[33mSupabase getUserEmail failed: connect ECONNREFUSED 127.0.0.1:9. Fallback active.[39m
[33m[Nest] 23464  - [39m17/06/2026, 11:11:01 am [33m   WARN[39m [38;5;3m[NotificationService] [39m[33mNo email address resolved for user 2fa8d0a2-3446-4845-8ab5-991dd469110f[39m
[33m[Nest] 23464  - [39m17/06/2026, 11:11:01 am [33m   WARN[39m [38;5;3m[SupabaseService] [39m[33mProject ref mismatch: URL is for "mydrikssmzzudzqeqroe" but service key is for "knwotyuwjkkuvfwuzseq". Falling back to anon key.[39m
[33m[Nest] 23464  - [39m17/06/2026, 11:11:01 am [33m   WARN[39m [38;5;3m[NotificationService] [39m[33mEmail notification 8e2f6f21-c91c-403f-8837-c7e5b1c4999c remains pending for retry.[39m
[33m[Nest] 23464  - [39m17/06/2026, 11:11:01 am [33m   WARN[39m [38;5;3m[SupabaseService] [39m[33mProject ref mismatch: URL is for "mydrikssmzzudzqeqroe" but service key is for "knwotyuwjkkuvfwuzseq". Falling back to anon key.[39m
[33m[Nest] 23464  - [39m17/06/2026, 11:11:01 am [33m   WARN[39m [38;5;3m[SupabaseService] [39m[33mSupabase getPreferences failed: connect ECONNREFUSED 127.0.0.1:9. Fallback active.[39m
[33m[Nest] 23464  - [39m17/06/2026, 11:11:01 am [33m   WARN[39m [38;5;3m[SupabaseService] [39m[33mProject ref mismatch: URL is for "mydrikssmzzudzqeqroe" but service key is for "knwotyuwjkkuvfwuzseq". Falling back to anon key.[39m
[33m[Nest] 23464  - [39m17/06/2026, 11:11:01 am [33m   WARN[39m [38;5;3m[SupabaseService] [39m[33mSupabase getUserEmail failed: connect ECONNREFUSED 127.0.0.1:9. Fallback active.[39m
[33m[Nest] 23464  - [39m17/06/2026, 11:11:01 am [33m   WARN[39m [38;5;3m[NotificationService] [39m[33mNo email address resolved for user 2fa8d0a2-3446-4845-8ab5-991dd469110f[39m
[33m[Nest] 23464  - [39m17/06/2026, 11:11:01 am [33m   WARN[39m [38;5;3m[SupabaseService] [39m[33mProject ref mismatch: URL is for "mydrikssmzzudzqeqroe" but service key is for "knwotyuwjkkuvfwuzseq". Falling back to anon key.[39m
[33m[Nest] 23464  - [39m17/06/2026, 11:11:01 am [33m   WARN[39m [38;5;3m[NotificationService] [39m[33mEmail notification 5072993e-c046-467a-829b-1ba91f42f42b remains pending for retry.[39m
[33m[Nest] 23464  - [39m17/06/2026, 11:11:01 am [33m   WARN[39m [38;5;3m[SupabaseService] [39m[33mProject ref mismatch: URL is for "mydrikssmzzudzqeqroe" but service key is for "knwotyuwjkkuvfwuzseq". Falling back to anon key.[39m
[33m[Nest] 23464  - [39m17/06/2026, 11:11:01 am [33m   WARN[39m [38;5;3m[SupabaseService] [39m[33mSupabase getPreferences failed: connect ECONNREFUSED 127.0.0.1:9. Fallback active.[39m
[33m[Nest] 23464  - [39m17/06/2026, 11:11:01 am [33m   WARN[39m [38;5;3m[SupabaseService] [39m[33mProject ref mismatch: URL is for "mydrikssmzzudzqeqroe" but service key is for "knwotyuwjkkuvfwuzseq". Falling back to anon key.[39m
[33m[Nest] 23464  - [39m17/06/2026, 11:11:01 am [33m   WARN[39m [38;5;3m[SupabaseService] [39m[33mSupabase getUserEmail failed: connect ECONNREFUSED 127.0.0.1:9. Fallback active.[39m
[33m[Nest] 23464  - [39m17/06/2026, 11:11:01 am [33m   WARN[39m [38;5;3m[NotificationService] [39m[33mNo email address resolved for user user_3EwmjaCl5UfguZTH3M8KPZg5AAE[39m
[33m[Nest] 23464  - [39m17/06/2026, 11:11:01 am [33m   WARN[39m [38;5;3m[SupabaseService] [39m[33mProject ref mismatch: URL is for "mydrikssmzzudzqeqroe" but service key is for "knwotyuwjkkuvfwuzseq". Falling back to anon key.[39m
[32m[Nest] 23464  - [39m17/06/2026, 11:11:01 am [32m    LOG[39m [38;5;3m[NotificationService] [39m[32mDispatching browser push to token for user user_3EwmjaCl5UfguZTH3M8KPZg5AAE[39m
[33m[Nest] 23464  - [39m17/06/2026, 11:11:01 am [33m   WARN[39m [38;5;3m[NotificationService] [39m[33mFCM_SERVER_KEY is missing from environment. Browser push notification simulated.[39m
[33m[Nest] 23464  - [39m17/06/2026, 11:11:01 am [33m   WARN[39m [38;5;3m[SupabaseService] [39m[33mProject ref mismatch: URL is for "mydrikssmzzudzqeqroe" but service key is for "knwotyuwjkkuvfwuzseq". Falling back to anon key.[39m
[33m[Nest] 23464  - [39m17/06/2026, 11:11:01 am [33m   WARN[39m [38;5;3m[NotificationService] [39m[33mEmail notification 547c916c-dea1-4990-a9c9-9ccf44151ab3 remains pending for retry.[39m
[33m[Nest] 23464  - [39m17/06/2026, 11:11:01 am [33m   WARN[39m [38;5;3m[SupabaseService] [39m[33mProject ref mismatch: URL is for "mydrikssmzzudzqeqroe" but service key is for "knwotyuwjkkuvfwuzseq". Falling back to anon key.[39m
[33m[Nest] 23464  - [39m17/06/2026, 11:11:01 am [33m   WARN[39m [38;5;3m[SupabaseService] [39m[33mSupabase getPreferences failed: connect ECONNREFUSED 127.0.0.1:9. Fallback active.[39m
[33m[Nest] 23464  - [39m17/06/2026, 11:11:01 am [33m   WARN[39m [38;5;3m[SupabaseService] [39m[33mProject ref mismatch: URL is for "mydrikssmzzudzqeqroe" but service key is for "knwotyuwjkkuvfwuzseq". Falling back to anon key.[39m
[33m[Nest] 23464  - [39m17/06/2026, 11:11:01 am [33m   WARN[39m [38;5;3m[SupabaseService] [39m[33mSupabase getUserEmail failed: connect ECONNREFUSED 127.0.0.1:9. Fallback active.[39m
[33m[Nest] 23464  - [39m17/06/2026, 11:11:01 am [33m   WARN[39m [38;5;3m[NotificationService] [39m[33mNo email address resolved for user user_3EwmjaCl5UfguZTH3M8KPZg5AAE[39m
[33m[Nest] 23464  - [39m17/06/2026, 11:11:01 am [33m   WARN[39m [38;5;3m[SupabaseService] [39m[33mProject ref mismatch: URL is for "mydrikssmzzudzqeqroe" but service key is for "knwotyuwjkkuvfwuzseq". Falling back to anon key.[39m
[32m[Nest] 23464  - [39m17/06/2026, 11:11:01 am [32m    LOG[39m [38;5;3m[NotificationService] [39m[32mDispatching browser push to token for user user_3EwmjaCl5UfguZTH3M8KPZg5AAE[39m
[33m[Nest] 23464  - [39m17/06/2026, 11:11:01 am [33m   WARN[39m [38;5;3m[NotificationService] [39m[33mFCM_SERVER_KEY is missing from environment. Browser push notification simulated.[39m
[33m[Nest] 23464  - [39m17/06/2026, 11:11:01 am [33m   WARN[39m [38;5;3m[SupabaseService] [39m[33mProject ref mismatch: URL is for "mydrikssmzzudzqeqroe" but service key is for "knwotyuwjkkuvfwuzseq". Falling back to anon key.[39m
[33m[Nest] 23464  - [39m17/06/2026, 11:11:01 am [33m   WARN[39m [38;5;3m[NotificationService] [39m[33mEmail notification 925cd5f3-914a-409e-9197-d2969f4b0a94 remains pending for retry.[39m
[33m[Nest] 23464  - [39m17/06/2026, 11:11:57 am [33m   WARN[39m [38;5;3m[SupabaseService] [39m[33mProject ref mismatch: URL is for "mydrikssmzzudzqeqroe" but service key is for "knwotyuwjkkuvfwuzseq". Falling back to anon key.[39m
[33m[Nest] 23464  - [39m17/06/2026, 11:11:57 am [33m   WARN[39m [38;5;3m[SupabaseService] [39m[33mSupabase getPreferences failed: connect ECONNREFUSED 127.0.0.1:9. Fallback active.[39m
[33m[Nest] 23464  - [39m17/06/2026, 11:11:57 am [33m   WARN[39m [38;5;3m[SupabaseService] [39m[33mProject ref mismatch: URL is for "mydrikssmzzudzqeqroe" but service key is for "knwotyuwjkkuvfwuzseq". Falling back to anon key.[39m
[33m[Nest] 23464  - [39m17/06/2026, 11:11:57 am [33m   WARN[39m [38;5;3m[SupabaseService] [39m[33mSupabase getPreferences failed: connect ECONNREFUSED 127.0.0.1:9. Fallback active.[39m
[32m[Nest] 23464  - [39m17/06/2026, 11:11:57 am [32m    LOG[39m [38;5;3m[NotificationService] [39m[32mChecking upcoming exams for reminder triggers at 2026-06-17T05:41:57.289Z[39m
[33m[Nest] 23464  - [39m17/06/2026, 11:11:57 am [33m   WARN[39m [38;5;3m[SupabaseService] [39m[33mProject ref mismatch: URL is for "mydrikssmzzudzqeqroe" but service key is for "knwotyuwjkkuvfwuzseq". Falling back to anon key.[39m
[33m[Nest] 23464  - [39m17/06/2026, 11:11:57 am [33m   WARN[39m [38;5;3m[NotificationService] [39m[33mFailed to fetch due exam reminders from Supabase: connect ECONNREFUSED 127.0.0.1:9[39m
[33m[Nest] 23464  - [39m17/06/2026, 11:11:57 am [33m   WARN[39m [38;5;3m[SupabaseService] [39m[33mProject ref mismatch: URL is for "mydrikssmzzudzqeqroe" but service key is for "knwotyuwjkkuvfwuzseq". Falling back to anon key.[39m
[33m[Nest] 23464  - [39m17/06/2026, 11:11:57 am [33m   WARN[39m [38;5;3m[SupabaseService] [39m[33mSupabase getPendingNotifications failed: connect ECONNREFUSED 127.0.0.1:9. Fallback active.[39m
[33m[Nest] 23464  - [39m17/06/2026, 11:11:57 am [33m   WARN[39m [38;5;3m[SupabaseService] [39m[33mProject ref mismatch: URL is for "mydrikssmzzudzqeqroe" but service key is for "knwotyuwjkkuvfwuzseq". Falling back to anon key.[39m
[33m[Nest] 23464  - [39m17/06/2026, 11:11:57 am [33m   WARN[39m [38;5;3m[SupabaseService] [39m[33mSupabase getPreferences failed: connect ECONNREFUSED 127.0.0.1:9. Fallback active.[39m
[33m[Nest] 23464  - [39m17/06/2026, 11:11:57 am [33m   WARN[39m [38;5;3m[SupabaseService] [39m[33mProject ref mismatch: URL is for "mydrikssmzzudzqeqroe" but service key is for "knwotyuwjkkuvfwuzseq". Falling back to anon key.[39m
[33m[Nest] 23464  - [39m17/06/2026, 11:11:57 am [33m   WARN[39m [38;5;3m[SupabaseService] [39m[33mSupabase getUserEmail failed: connect ECONNREFUSED 127.0.0.1:9. Fallback active.[39m
[32m[Nest] 23464  - [39m17/06/2026, 11:11:57 am [32m    LOG[39m [38;5;3m[NotificationService] [39m[32mDispatching email to ayush.goyal2@s.amity.edu for notice: Research Report Completed: Constitutional validity of reservation policy[39m
[32m[Nest] 23464  - [39m17/06/2026, 11:12:01 am [32m    LOG[39m [38;5;3m[NotificationService] [39m[32mSMTP Email sent successfully to ayush.goyal2@s.amity.edu.[39m
[33m[Nest] 23464  - [39m17/06/2026, 11:12:01 am [33m   WARN[39m [38;5;3m[SupabaseService] [39m[33mProject ref mismatch: URL is for "mydrikssmzzudzqeqroe" but service key is for "knwotyuwjkkuvfwuzseq". Falling back to anon key.[39m
[33m[Nest] 23464  - [39m17/06/2026, 11:12:01 am [33m   WARN[39m [38;5;3m[SupabaseService] [39m[33mProject ref mismatch: URL is for "mydrikssmzzudzqeqroe" but service key is for "knwotyuwjkkuvfwuzseq". Falling back to anon key.[39m
[33m[Nest] 23464  - [39m17/06/2026, 11:12:01 am [33m   WARN[39m [38;5;3m[SupabaseService] [39m[33mSupabase getPreferences failed: connect ECONNREFUSED 127.0.0.1:9. Fallback active.[39m
[33m[Nest] 23464  - [39m17/06/2026, 11:12:01 am [33m   WARN[39m [38;5;3m[SupabaseService] [39m[33mProject ref mismatch: URL is for "mydrikssmzzudzqeqroe" but service key is for "knwotyuwjkkuvfwuzseq". Falling back to anon key.[39m
[33m[Nest] 23464  - [39m17/06/2026, 11:12:01 am [33m   WARN[39m [38;5;3m[SupabaseService] [39m[33mSupabase getUserEmail failed: connect ECONNREFUSED 127.0.0.1:9. Fallback active.[39m
[33m[Nest] 23464  - [39m17/06/2026, 11:12:01 am [33m   WARN[39m [38;5;3m[NotificationService] [39m[33mNo email address resolved for user 2fa8d0a2-3446-4845-8ab5-991dd469110f[39m
[33m[Nest] 23464  - [39m17/06/2026, 11:12:01 am [33m   WARN[39m [38;5;3m[SupabaseService] [39m[33mProject ref mismatch: URL is for "mydrikssmzzudzqeqroe" but service key is for "knwotyuwjkkuvfwuzseq". Falling back to anon key.[39m
[33m[Nest] 23464  - [39m17/06/2026, 11:12:01 am [33m   WARN[39m [38;5;3m[NotificationService] [39m[33mEmail notification 8e2f6f21-c91c-403f-8837-c7e5b1c4999c remains pending for retry.[39m
[33m[Nest] 23464  - [39m17/06/2026, 11:12:01 am [33m   WARN[39m [38;5;3m[SupabaseService] [39m[33mProject ref mismatch: URL is for "mydrikssmzzudzqeqroe" but service key is for "knwotyuwjkkuvfwuzseq". Falling back to anon key.[39m
[33m[Nest] 23464  - [39m17/06/2026, 11:12:01 am [33m   WARN[39m [38;5;3m[SupabaseService] [39m[33mSupabase getPreferences failed: connect ECONNREFUSED 127.0.0.1:9. Fallback active.[39m
[33m[Nest] 23464  - [39m17/06/2026, 11:12:01 am [33m   WARN[39m [38;5;3m[SupabaseService] [39m[33mProject ref mismatch: URL is for "mydrikssmzzudzqeqroe" but service key is for "knwotyuwjkkuvfwuzseq". Falling back to anon key.[39m
[33m[Nest] 23464  - [39m17/06/2026, 11:12:01 am [33m   WARN[39m [38;5;3m[SupabaseService] [39m[33mSupabase getUserEmail failed: connect ECONNREFUSED 127.0.0.1:9. Fallback active.[39m
[33m[Nest] 23464  - [39m17/06/2026, 11:12:01 am [33m   WARN[39m [38;5;3m[NotificationService] [39m[33mNo email address resolved for user 2fa8d0a2-3446-4845-8ab5-991dd469110f[39m
[33m[Nest] 23464  - [39m17/06/2026, 11:12:01 am [33m   WARN[39m [38;5;3m[SupabaseService] [39m[33mProject ref mismatch: URL is for "mydrikssmzzudzqeqroe" but service key is for "knwotyuwjkkuvfwuzseq". Falling back to anon key.[39m
[33m[Nest] 23464  - [39m17/06/2026, 11:12:01 am [33m   WARN[39m [38;5;3m[NotificationService] [39m[33mEmail notification 5072993e-c046-467a-829b-1ba91f42f42b remains pending for retry.[39m
[33m[Nest] 23464  - [39m17/06/2026, 11:12:01 am [33m   WARN[39m [38;5;3m[SupabaseService] [39m[33mProject ref mismatch: URL is for "mydrikssmzzudzqeqroe" but service key is for "knwotyuwjkkuvfwuzseq". Falling back to anon key.[39m
[33m[Nest] 23464  - [39m17/06/2026, 11:12:01 am [33m   WARN[39m [38;5;3m[SupabaseService] [39m[33mSupabase getPreferences failed: connect ECONNREFUSED 127.0.0.1:9. Fallback active.[39m
[33m[Nest] 23464  - [39m17/06/2026, 11:12:01 am [33m   WARN[39m [38;5;3m[SupabaseService] [39m[33mProject ref mismatch: URL is for "mydrikssmzzudzqeqroe" but service key is for "knwotyuwjkkuvfwuzseq". Falling back to anon key.[39m
[33m[Nest] 23464  - [39m17/06/2026, 11:12:01 am [33m   WARN[39m [38;5;3m[SupabaseService] [39m[33mSupabase getUserEmail failed: connect ECONNREFUSED 127.0.0.1:9. Fallback active.[39m
[33m[Nest] 23464  - [39m17/06/2026, 11:12:01 am [33m   WARN[39m [38;5;3m[NotificationService] [39m[33mNo email address resolved for user user_3EwmjaCl5UfguZTH3M8KPZg5AAE[39m
[33m[Nest] 23464  - [39m17/06/2026, 11:12:01 am [33m   WARN[39m [38;5;3m[SupabaseService] [39m[33mProject ref mismatch: URL is for "mydrikssmzzudzqeqroe" but service key is for "knwotyuwjkkuvfwuzseq". Falling back to anon key.[39m
[32m[Nest] 23464  - [39m17/06/2026, 11:12:01 am [32m    LOG[39m [38;5;3m[NotificationService] [39m[32mDispatching browser push to token for user user_3EwmjaCl5UfguZTH3M8KPZg5AAE[39m
[33m[Nest] 23464  - [39m17/06/2026, 11:12:01 am [33m   WARN[39m [38;5;3m[NotificationService] [39m[33mFCM_SERVER_KEY is missing from environment. Browser push notification simulated.[39m
[33m[Nest] 23464  - [39m17/06/2026, 11:12:01 am [33m   WARN[39m [38;5;3m[SupabaseService] [39m[33mProject ref mismatch: URL is for "mydrikssmzzudzqeqroe" but service key is for "knwotyuwjkkuvfwuzseq". Falling back to anon key.[39m
[33m[Nest] 23464  - [39m17/06/2026, 11:12:01 am [33m   WARN[39m [38;5;3m[NotificationService] [39m[33mEmail notification 547c916c-dea1-4990-a9c9-9ccf44151ab3 remains pending for retry.[39m
[33m[Nest] 23464  - [39m17/06/2026, 11:12:01 am [33m   WARN[39m [38;5;3m[SupabaseService] [39m[33mProject ref mismatch: URL is for "mydrikssmzzudzqeqroe" but service key is for "knwotyuwjkkuvfwuzseq". Falling back to anon key.[39m
[33m[Nest] 23464  - [39m17/06/2026, 11:12:01 am [33m   WARN[39m [38;5;3m[SupabaseService] [39m[33mSupabase getPreferences failed: connect ECONNREFUSED 127.0.0.1:9. Fallback active.[39m
[33m[Nest] 23464  - [39m17/06/2026, 11:12:01 am [33m   WARN[39m [38;5;3m[SupabaseService] [39m[33mProject ref mismatch: URL is for "mydrikssmzzudzqeqroe" but service key is for "knwotyuwjkkuvfwuzseq". Falling back to anon key.[39m
[33m[Nest] 23464  - [39m17/06/2026, 11:12:01 am [33m   WARN[39m [38;5;3m[SupabaseService] [39m[33mSupabase getUserEmail failed: connect ECONNREFUSED 127.0.0.1:9. Fallback active.[39m
[33m[Nest] 23464  - [39m17/06/2026, 11:12:01 am [33m   WARN[39m [38;5;3m[NotificationService] [39m[33mNo email address resolved for user user_3EwmjaCl5UfguZTH3M8KPZg5AAE[39m
[33m[Nest] 23464  - [39m17/06/2026, 11:12:01 am [33m   WARN[39m [38;5;3m[SupabaseService] [39m[33mProject ref mismatch: URL is for "mydrikssmzzudzqeqroe" but service key is for "knwotyuwjkkuvfwuzseq". Falling back to anon key.[39m
[32m[Nest] 23464  - [39m17/06/2026, 11:12:01 am [32m    LOG[39m [38;5;3m[NotificationService] [39m[32mDispatching browser push to token for user user_3EwmjaCl5UfguZTH3M8KPZg5AAE[39m
[33m[Nest] 23464  - [39m17/06/2026, 11:12:01 am [33m   WARN[39m [38;5;3m[NotificationService] [39m[33mFCM_SERVER_KEY is missing from environment. Browser push notification simulated.[39m
[33m[Nest] 23464  - [39m17/06/2026, 11:12:01 am [33m   WARN[39m [38;5;3m[SupabaseService] [39m[33mProject ref mismatch: URL is for "mydrikssmzzudzqeqroe" but service key is for "knwotyuwjkkuvfwuzseq". Falling back to anon key.[39m
[33m[Nest] 23464  - [39m17/06/2026, 11:12:01 am [33m   WARN[39m [38;5;3m[NotificationService] [39m[33mEmail notification 925cd5f3-914a-409e-9197-d2969f4b0a94 remains pending for retry.[39m
[33m[Nest] 23464  - [39m17/06/2026, 11:12:57 am [33m   WARN[39m [38;5;3m[SupabaseService] [39m[33mProject ref mismatch: URL is for "mydrikssmzzudzqeqroe" but service key is for "knwotyuwjkkuvfwuzseq". Falling back to anon key.[39m
[33m[Nest] 23464  - [39m17/06/2026, 11:12:57 am [33m   WARN[39m [38;5;3m[SupabaseService] [39m[33mSupabase getPreferences failed: connect ECONNREFUSED 127.0.0.1:9. Fallback active.[39m
[33m[Nest] 23464  - [39m17/06/2026, 11:12:57 am [33m   WARN[39m [38;5;3m[SupabaseService] [39m[33mProject ref mismatch: URL is for "mydrikssmzzudzqeqroe" but service key is for "knwotyuwjkkuvfwuzseq". Falling back to anon key.[39m
[33m[Nest] 23464  - [39m17/06/2026, 11:12:57 am [33m   WARN[39m [38;5;3m[SupabaseService] [39m[33mSupabase getPreferences failed: connect ECONNREFUSED 127.0.0.1:9. Fallback active.[39m
[32m[Nest] 23464  - [39m17/06/2026, 11:12:57 am [32m    LOG[39m [38;5;3m[NotificationService] [39m[32mChecking upcoming exams for reminder triggers at 2026-06-17T05:42:57.304Z[39m
[33m[Nest] 23464  - [39m17/06/2026, 11:12:57 am [33m   WARN[39m [38;5;3m[SupabaseService] [39m[33mProject ref mismatch: URL is for "mydrikssmzzudzqeqroe" but service key is for "knwotyuwjkkuvfwuzseq". Falling back to anon key.[39m
[33m[Nest] 23464  - [39m17/06/2026, 11:12:57 am [33m   WARN[39m [38;5;3m[NotificationService] [39m[33mFailed to fetch due exam reminders from Supabase: connect ECONNREFUSED 127.0.0.1:9[39m
[33m[Nest] 23464  - [39m17/06/2026, 11:12:57 am [33m   WARN[39m [38;5;3m[SupabaseService] [39m[33mProject ref mismatch: URL is for "mydrikssmzzudzqeqroe" but service key is for "knwotyuwjkkuvfwuzseq". Falling back to anon key.[39m
[33m[Nest] 23464  - [39m17/06/2026, 11:12:57 am [33m   WARN[39m [38;5;3m[SupabaseService] [39m[33mSupabase getPendingNotifications failed: connect ECONNREFUSED 127.0.0.1:9. Fallback active.[39m
[33m[Nest] 23464  - [39m17/06/2026, 11:12:57 am [33m   WARN[39m [38;5;3m[SupabaseService] [39m[33mProject ref mismatch: URL is for "mydrikssmzzudzqeqroe" but service key is for "knwotyuwjkkuvfwuzseq". Falling back to anon key.[39m
[33m[Nest] 23464  - [39m17/06/2026, 11:12:57 am [33m   WARN[39m [38;5;3m[SupabaseService] [39m[33mSupabase getPreferences failed: connect ECONNREFUSED 127.0.0.1:9. Fallback active.[39m
[33m[Nest] 23464  - [39m17/06/2026, 11:12:57 am [33m   WARN[39m [38;5;3m[SupabaseService] [39m[33mProject ref mismatch: URL is for "mydrikssmzzudzqeqroe" but service key is for "knwotyuwjkkuvfwuzseq". Falling back to anon key.[39m
[33m[Nest] 23464  - [39m17/06/2026, 11:12:57 am [33m   WARN[39m [38;5;3m[SupabaseService] [39m[33mSupabase getUserEmail failed: connect ECONNREFUSED 127.0.0.1:9. Fallback active.[39m
[32m[Nest] 23464  - [39m17/06/2026, 11:12:57 am [32m    LOG[39m [38;5;3m[NotificationService] [39m[32mDispatching email to ayush.goyal2@s.amity.edu for notice: Research Report Completed: Constitutional validity of reservation policy[39m
[32m[Nest] 23464  - [39m17/06/2026, 11:13:01 am [32m    LOG[39m [38;5;3m[NotificationService] [39m[32mSMTP Email sent successfully to ayush.goyal2@s.amity.edu.[39m
[33m[Nest] 23464  - [39m17/06/2026, 11:13:01 am [33m   WARN[39m [38;5;3m[SupabaseService] [39m[33mProject ref mismatch: URL is for "mydrikssmzzudzqeqroe" but service key is for "knwotyuwjkkuvfwuzseq". Falling back to anon key.[39m
[33m[Nest] 23464  - [39m17/06/2026, 11:13:01 am [33m   WARN[39m [38;5;3m[SupabaseService] [39m[33mProject ref mismatch: URL is for "mydrikssmzzudzqeqroe" but service key is for "knwotyuwjkkuvfwuzseq". Falling back to anon key.[39m
[33m[Nest] 23464  - [39m17/06/2026, 11:13:01 am [33m   WARN[39m [38;5;3m[SupabaseService] [39m[33mSupabase getPreferences failed: connect ECONNREFUSED 127.0.0.1:9. Fallback active.[39m
[33m[Nest] 23464  - [39m17/06/2026, 11:13:01 am [33m   WARN[39m [38;5;3m[SupabaseService] [39m[33mProject ref mismatch: URL is for "mydrikssmzzudzqeqroe" but service key is for "knwotyuwjkkuvfwuzseq". Falling back to anon key.[39m
[33m[Nest] 23464  - [39m17/06/2026, 11:13:01 am [33m   WARN[39m [38;5;3m[SupabaseService] [39m[33mSupabase getUserEmail failed: connect ECONNREFUSED 127.0.0.1:9. Fallback active.[39m
[33m[Nest] 23464  - [39m17/06/2026, 11:13:01 am [33m   WARN[39m [38;5;3m[NotificationService] [39m[33mNo email address resolved for user 2fa8d0a2-3446-4845-8ab5-991dd469110f[39m
[33m[Nest] 23464  - [39m17/06/2026, 11:13:01 am [33m   WARN[39m [38;5;3m[SupabaseService] [39m[33mProject ref mismatch: URL is for "mydrikssmzzudzqeqroe" but service key is for "knwotyuwjkkuvfwuzseq". Falling back to anon key.[39m
[33m[Nest] 23464  - [39m17/06/2026, 11:13:01 am [33m   WARN[39m [38;5;3m[NotificationService] [39m[33mEmail notification 8e2f6f21-c91c-403f-8837-c7e5b1c4999c remains pending for retry.[39m
[33m[Nest] 23464  - [39m17/06/2026, 11:13:01 am [33m   WARN[39m [38;5;3m[SupabaseService] [39m[33mProject ref mismatch: URL is for "mydrikssmzzudzqeqroe" but service key is for "knwotyuwjkkuvfwuzseq". Falling back to anon key.[39m
[33m[Nest] 23464  - [39m17/06/2026, 11:13:01 am [33m   WARN[39m [38;5;3m[SupabaseService] [39m[33mSupabase getPreferences failed: connect ECONNREFUSED 127.0.0.1:9. Fallback active.[39m
[33m[Nest] 23464  - [39m17/06/2026, 11:13:01 am [33m   WARN[39m [38;5;3m[SupabaseService] [39m[33mProject ref mismatch: URL is for "mydrikssmzzudzqeqroe" but service key is for "knwotyuwjkkuvfwuzseq". Falling back to anon key.[39m
[33m[Nest] 23464  - [39m17/06/2026, 11:13:01 am [33m   WARN[39m [38;5;3m[SupabaseService] [39m[33mSupabase getUserEmail failed: connect ECONNREFUSED 127.0.0.1:9. Fallback active.[39m
[33m[Nest] 23464  - [39m17/06/2026, 11:13:01 am [33m   WARN[39m [38;5;3m[NotificationService] [39m[33mNo email address resolved for user 2fa8d0a2-3446-4845-8ab5-991dd469110f[39m
[33m[Nest] 23464  - [39m17/06/2026, 11:13:01 am [33m   WARN[39m [38;5;3m[SupabaseService] [39m[33mProject ref mismatch: URL is for "mydrikssmzzudzqeqroe" but service key is for "knwotyuwjkkuvfwuzseq". Falling back to anon key.[39m
[33m[Nest] 23464  - [39m17/06/2026, 11:13:01 am [33m   WARN[39m [38;5;3m[NotificationService] [39m[33mEmail notification 5072993e-c046-467a-829b-1ba91f42f42b remains pending for retry.[39m
[33m[Nest] 23464  - [39m17/06/2026, 11:13:01 am [33m   WARN[39m [38;5;3m[SupabaseService] [39m[33mProject ref mismatch: URL is for "mydrikssmzzudzqeqroe" but service key is for "knwotyuwjkkuvfwuzseq". Falling back to anon key.[39m
[33m[Nest] 23464  - [39m17/06/2026, 11:13:01 am [33m   WARN[39m [38;5;3m[SupabaseService] [39m[33mSupabase getPreferences failed: connect ECONNREFUSED 127.0.0.1:9. Fallback active.[39m
[33m[Nest] 23464  - [39m17/06/2026, 11:13:01 am [33m   WARN[39m [38;5;3m[SupabaseService] [39m[33mProject ref mismatch: URL is for "mydrikssmzzudzqeqroe" but service key is for "knwotyuwjkkuvfwuzseq". Falling back to anon key.[39m
[33m[Nest] 23464  - [39m17/06/2026, 11:13:01 am [33m   WARN[39m [38;5;3m[SupabaseService] [39m[33mSupabase getUserEmail failed: connect ECONNREFUSED 127.0.0.1:9. Fallback active.[39m
[33m[Nest] 23464  - [39m17/06/2026, 11:13:01 am [33m   WARN[39m [38;5;3m[NotificationService] [39m[33mNo email address resolved for user user_3EwmjaCl5UfguZTH3M8KPZg5AAE[39m
[33m[Nest] 23464  - [39m17/06/2026, 11:13:01 am [33m   WARN[39m [38;5;3m[SupabaseService] [39m[33mProject ref mismatch: URL is for "mydrikssmzzudzqeqroe" but service key is for "knwotyuwjkkuvfwuzseq". Falling back to anon key.[39m
[32m[Nest] 23464  - [39m17/06/2026, 11:13:01 am [32m    LOG[39m [38;5;3m[NotificationService] [39m[32mDispatching browser push to token for user user_3EwmjaCl5UfguZTH3M8KPZg5AAE[39m
[33m[Nest] 23464  - [39m17/06/2026, 11:13:01 am [33m   WARN[39m [38;5;3m[NotificationService] [39m[33mFCM_SERVER_KEY is missing from environment. Browser push notification simulated.[39m
[33m[Nest] 23464  - [39m17/06/2026, 11:13:01 am [33m   WARN[39m [38;5;3m[SupabaseService] [39m[33mProject ref mismatch: URL is for "mydrikssmzzudzqeqroe" but service key is for "knwotyuwjkkuvfwuzseq". Falling back to anon key.[39m
[33m[Nest] 23464  - [39m17/06/2026, 11:13:01 am [33m   WARN[39m [38;5;3m[NotificationService] [39m[33mEmail notification 547c916c-dea1-4990-a9c9-9ccf44151ab3 remains pending for retry.[39m
[33m[Nest] 23464  - [39m17/06/2026, 11:13:01 am [33m   WARN[39m [38;5;3m[SupabaseService] [39m[33mProject ref mismatch: URL is for "mydrikssmzzudzqeqroe" but service key is for "knwotyuwjkkuvfwuzseq". Falling back to anon key.[39m
[33m[Nest] 23464  - [39m17/06/2026, 11:13:01 am [33m   WARN[39m [38;5;3m[SupabaseService] [39m[33mSupabase getPreferences failed: connect ECONNREFUSED 127.0.0.1:9. Fallback active.[39m
[33m[Nest] 23464  - [39m17/06/2026, 11:13:01 am [33m   WARN[39m [38;5;3m[SupabaseService] [39m[33mProject ref mismatch: URL is for "mydrikssmzzudzqeqroe" but service key is for "knwotyuwjkkuvfwuzseq". Falling back to anon key.[39m
[33m[Nest] 23464  - [39m17/06/2026, 11:13:01 am [33m   WARN[39m [38;5;3m[SupabaseService] [39m[33mSupabase getUserEmail failed: connect ECONNREFUSED 127.0.0.1:9. Fallback active.[39m
[33m[Nest] 23464  - [39m17/06/2026, 11:13:01 am [33m   WARN[39m [38;5;3m[NotificationService] [39m[33mNo email address resolved for user user_3EwmjaCl5UfguZTH3M8KPZg5AAE[39m
[33m[Nest] 23464  - [39m17/06/2026, 11:13:01 am [33m   WARN[39m [38;5;3m[SupabaseService] [39m[33mProject ref mismatch: URL is for "mydrikssmzzudzqeqroe" but service key is for "knwotyuwjkkuvfwuzseq". Falling back to anon key.[39m
[32m[Nest] 23464  - [39m17/06/2026, 11:13:01 am [32m    LOG[39m [38;5;3m[NotificationService] [39m[32mDispatching browser push to token for user user_3EwmjaCl5UfguZTH3M8KPZg5AAE[39m
[33m[Nest] 23464  - [39m17/06/2026, 11:13:01 am [33m   WARN[39m [38;5;3m[NotificationService] [39m[33mFCM_SERVER_KEY is missing from environment. Browser push notification simulated.[39m
[33m[Nest] 23464  - [39m17/06/2026, 11:13:01 am [33m   WARN[39m [38;5;3m[SupabaseService] [39m[33mProject ref mismatch: URL is for "mydrikssmzzudzqeqroe" but service key is for "knwotyuwjkkuvfwuzseq". Falling back to anon key.[39m
[33m[Nest] 23464  - [39m17/06/2026, 11:13:01 am [33m   WARN[39m [38;5;3m[NotificationService] [39m[33mEmail notification 925cd5f3-914a-409e-9197-d2969f4b0a94 remains pending for retry.[39m
[33m[Nest] 23464  - [39m17/06/2026, 11:13:57 am [33m   WARN[39m [38;5;3m[SupabaseService] [39m[33mProject ref mismatch: URL is for "mydrikssmzzudzqeqroe" but service key is for "knwotyuwjkkuvfwuzseq". Falling back to anon key.[39m
[33m[Nest] 23464  - [39m17/06/2026, 11:13:57 am [33m   WARN[39m [38;5;3m[SupabaseService] [39m[33mSupabase getPreferences failed: connect ECONNREFUSED 127.0.0.1:9. Fallback active.[39m
[33m[Nest] 23464  - [39m17/06/2026, 11:13:57 am [33m   WARN[39m [38;5;3m[SupabaseService] [39m[33mProject ref mismatch: URL is for "mydrikssmzzudzqeqroe" but service key is for "knwotyuwjkkuvfwuzseq". Falling back to anon key.[39m
[33m[Nest] 23464  - [39m17/06/2026, 11:13:57 am [33m   WARN[39m [38;5;3m[SupabaseService] [39m[33mSupabase getPreferences failed: connect ECONNREFUSED 127.0.0.1:9. Fallback active.[39m
[32m[Nest] 23464  - [39m17/06/2026, 11:13:57 am [32m    LOG[39m [38;5;3m[NotificationService] [39m[32mChecking upcoming exams for reminder triggers at 2026-06-17T05:43:57.316Z[39m
[33m[Nest] 23464  - [39m17/06/2026, 11:13:57 am [33m   WARN[39m [38;5;3m[SupabaseService] [39m[33mProject ref mismatch: URL is for "mydrikssmzzudzqeqroe" but service key is for "knwotyuwjkkuvfwuzseq". Falling back to anon key.[39m
[33m[Nest] 23464  - [39m17/06/2026, 11:13:57 am [33m   WARN[39m [38;5;3m[NotificationService] [39m[33mFailed to fetch due exam reminders from Supabase: connect ECONNREFUSED 127.0.0.1:9[39m
[33m[Nest] 23464  - [39m17/06/2026, 11:13:57 am [33m   WARN[39m [38;5;3m[SupabaseService] [39m[33mProject ref mismatch: URL is for "mydrikssmzzudzqeqroe" but service key is for "knwotyuwjkkuvfwuzseq". Falling back to anon key.[39m
[33m[Nest] 23464  - [39m17/06/2026, 11:13:57 am [33m   WARN[39m [38;5;3m[SupabaseService] [39m[33mSupabase getPendingNotifications failed: connect ECONNREFUSED 127.0.0.1:9. Fallback active.[39m
[33m[Nest] 23464  - [39m17/06/2026, 11:13:57 am [33m   WARN[39m [38;5;3m[SupabaseService] [39m[33mProject ref mismatch: URL is for "mydrikssmzzudzqeqroe" but service key is for "knwotyuwjkkuvfwuzseq". Falling back to anon key.[39m
[33m[Nest] 23464  - [39m17/06/2026, 11:13:57 am [33m   WARN[39m [38;5;3m[SupabaseService] [39m[33mSupabase getPreferences failed: connect ECONNREFUSED 127.0.0.1:9. Fallback active.[39m
[33m[Nest] 23464  - [39m17/06/2026, 11:13:57 am [33m   WARN[39m [38;5;3m[SupabaseService] [39m[33mProject ref mismatch: URL is for "mydrikssmzzudzqeqroe" but service key is for "knwotyuwjkkuvfwuzseq". Falling back to anon key.[39m
[33m[Nest] 23464  - [39m17/06/2026, 11:13:57 am [33m   WARN[39m [38;5;3m[SupabaseService] [39m[33mSupabase getUserEmail failed: connect ECONNREFUSED 127.0.0.1:9. Fallback active.[39m
[32m[Nest] 23464  - [39m17/06/2026, 11:13:57 am [32m    LOG[39m [38;5;3m[NotificationService] [39m[32mDispatching email to ayush.goyal2@s.amity.edu for notice: Research Report Completed: Constitutional validity of reservation policy[39m
[32m[Nest] 23464  - [39m17/06/2026, 11:14:01 am [32m    LOG[39m [38;5;3m[NotificationService] [39m[32mSMTP Email sent successfully to ayush.goyal2@s.amity.edu.[39m
[33m[Nest] 23464  - [39m17/06/2026, 11:14:01 am [33m   WARN[39m [38;5;3m[SupabaseService] [39m[33mProject ref mismatch: URL is for "mydrikssmzzudzqeqroe" but service key is for "knwotyuwjkkuvfwuzseq". Falling back to anon key.[39m
[33m[Nest] 23464  - [39m17/06/2026, 11:14:01 am [33m   WARN[39m [38;5;3m[SupabaseService] [39m[33mProject ref mismatch: URL is for "mydrikssmzzudzqeqroe" but service key is for "knwotyuwjkkuvfwuzseq". Falling back to anon key.[39m
[33m[Nest] 23464  - [39m17/06/2026, 11:14:01 am [33m   WARN[39m [38;5;3m[SupabaseService] [39m[33mSupabase getPreferences failed: connect ECONNREFUSED 127.0.0.1:9. Fallback active.[39m
[33m[Nest] 23464  - [39m17/06/2026, 11:14:01 am [33m   WARN[39m [38;5;3m[SupabaseService] [39m[33mProject ref mismatch: URL is for "mydrikssmzzudzqeqroe" but service key is for "knwotyuwjkkuvfwuzseq". Falling back to anon key.[39m
[33m[Nest] 23464  - [39m17/06/2026, 11:14:01 am [33m   WARN[39m [38;5;3m[SupabaseService] [39m[33mSupabase getUserEmail failed: connect ECONNREFUSED 127.0.0.1:9. Fallback active.[39m
[33m[Nest] 23464  - [39m17/06/2026, 11:14:01 am [33m   WARN[39m [38;5;3m[NotificationService] [39m[33mNo email address resolved for user 2fa8d0a2-3446-4845-8ab5-991dd469110f[39m
[33m[Nest] 23464  - [39m17/06/2026, 11:14:01 am [33m   WARN[39m [38;5;3m[SupabaseService] [39m[33mProject ref mismatch: URL is for "mydrikssmzzudzqeqroe" but service key is for "knwotyuwjkkuvfwuzseq". Falling back to anon key.[39m
[33m[Nest] 23464  - [39m17/06/2026, 11:14:01 am [33m   WARN[39m [38;5;3m[NotificationService] [39m[33mEmail notification 8e2f6f21-c91c-403f-8837-c7e5b1c4999c remains pending for retry.[39m
[33m[Nest] 23464  - [39m17/06/2026, 11:14:01 am [33m   WARN[39m [38;5;3m[SupabaseService] [39m[33mProject ref mismatch: URL is for "mydrikssmzzudzqeqroe" but service key is for "knwotyuwjkkuvfwuzseq". Falling back to anon key.[39m
[33m[Nest] 23464  - [39m17/06/2026, 11:14:01 am [33m   WARN[39m [38;5;3m[SupabaseService] [39m[33mSupabase getPreferences failed: connect ECONNREFUSED 127.0.0.1:9. Fallback active.[39m
[33m[Nest] 23464  - [39m17/06/2026, 11:14:01 am [33m   WARN[39m [38;5;3m[SupabaseService] [39m[33mProject ref mismatch: URL is for "mydrikssmzzudzqeqroe" but service key is for "knwotyuwjkkuvfwuzseq". Falling back to anon key.[39m
[33m[Nest] 23464  - [39m17/06/2026, 11:14:01 am [33m   WARN[39m [38;5;3m[SupabaseService] [39m[33mSupabase getUserEmail failed: connect ECONNREFUSED 127.0.0.1:9. Fallback active.[39m
[33m[Nest] 23464  - [39m17/06/2026, 11:14:01 am [33m   WARN[39m [38;5;3m[NotificationService] [39m[33mNo email address resolved for user 2fa8d0a2-3446-4845-8ab5-991dd469110f[39m
[33m[Nest] 23464  - [39m17/06/2026, 11:14:01 am [33m   WARN[39m [38;5;3m[SupabaseService] [39m[33mProject ref mismatch: URL is for "mydrikssmzzudzqeqroe" but service key is for "knwotyuwjkkuvfwuzseq". Falling back to anon key.[39m
[33m[Nest] 23464  - [39m17/06/2026, 11:14:01 am [33m   WARN[39m [38;5;3m[NotificationService] [39m[33mEmail notification 5072993e-c046-467a-829b-1ba91f42f42b remains pending for retry.[39m
[33m[Nest] 23464  - [39m17/06/2026, 11:14:01 am [33m   WARN[39m [38;5;3m[SupabaseService] [39m[33mProject ref mismatch: URL is for "mydrikssmzzudzqeqroe" but service key is for "knwotyuwjkkuvfwuzseq". Falling back to anon key.[39m
[33m[Nest] 23464  - [39m17/06/2026, 11:14:01 am [33m   WARN[39m [38;5;3m[SupabaseService] [39m[33mSupabase getPreferences failed: connect ECONNREFUSED 127.0.0.1:9. Fallback active.[39m
[33m[Nest] 23464  - [39m17/06/2026, 11:14:01 am [33m   WARN[39m [38;5;3m[SupabaseService] [39m[33mProject ref mismatch: URL is for "mydrikssmzzudzqeqroe" but service key is for "knwotyuwjkkuvfwuzseq". Falling back to anon key.[39m
[33m[Nest] 23464  - [39m17/06/2026, 11:14:01 am [33m   WARN[39m [38;5;3m[SupabaseService] [39m[33mSupabase getUserEmail failed: connect ECONNREFUSED 127.0.0.1:9. Fallback active.[39m
[33m[Nest] 23464  - [39m17/06/2026, 11:14:01 am [33m   WARN[39m [38;5;3m[NotificationService] [39m[33mNo email address resolved for user user_3EwmjaCl5UfguZTH3M8KPZg5AAE[39m
[33m[Nest] 23464  - [39m17/06/2026, 11:14:01 am [33m   WARN[39m [38;5;3m[SupabaseService] [39m[33mProject ref mismatch: URL is for "mydrikssmzzudzqeqroe" but service key is for "knwotyuwjkkuvfwuzseq". Falling back to anon key.[39m
[32m[Nest] 23464  - [39m17/06/2026, 11:14:01 am [32m    LOG[39m [38;5;3m[NotificationService] [39m[32mDispatching browser push to token for user user_3EwmjaCl5UfguZTH3M8KPZg5AAE[39m
[33m[Nest] 23464  - [39m17/06/2026, 11:14:01 am [33m   WARN[39m [38;5;3m[NotificationService] [39m[33mFCM_SERVER_KEY is missing from environment. Browser push notification simulated.[39m
[33m[Nest] 23464  - [39m17/06/2026, 11:14:01 am [33m   WARN[39m [38;5;3m[SupabaseService] [39m[33mProject ref mismatch: URL is for "mydrikssmzzudzqeqroe" but service key is for "knwotyuwjkkuvfwuzseq". Falling back to anon key.[39m
[33m[Nest] 23464  - [39m17/06/2026, 11:14:01 am [33m   WARN[39m [38;5;3m[NotificationService] [39m[33mEmail notification 547c916c-dea1-4990-a9c9-9ccf44151ab3 remains pending for retry.[39m
[33m[Nest] 23464  - [39m17/06/2026, 11:14:01 am [33m   WARN[39m [38;5;3m[SupabaseService] [39m[33mProject ref mismatch: URL is for "mydrikssmzzudzqeqroe" but service key is for "knwotyuwjkkuvfwuzseq". Falling back to anon key.[39m
[33m[Nest] 23464  - [39m17/06/2026, 11:14:01 am [33m   WARN[39m [38;5;3m[SupabaseService] [39m[33mSupabase getPreferences failed: connect ECONNREFUSED 127.0.0.1:9. Fallback active.[39m
[33m[Nest] 23464  - [39m17/06/2026, 11:14:01 am [33m   WARN[39m [38;5;3m[SupabaseService] [39m[33mProject ref mismatch: URL is for "mydrikssmzzudzqeqroe" but service key is for "knwotyuwjkkuvfwuzseq". Falling back to anon key.[39m
[33m[Nest] 23464  - [39m17/06/2026, 11:14:01 am [33m   WARN[39m [38;5;3m[SupabaseService] [39m[33mSupabase getUserEmail failed: connect ECONNREFUSED 127.0.0.1:9. Fallback active.[39m
[33m[Nest] 23464  - [39m17/06/2026, 11:14:01 am [33m   WARN[39m [38;5;3m[NotificationService] [39m[33mNo email address resolved for user user_3EwmjaCl5UfguZTH3M8KPZg5AAE[39m
[33m[Nest] 23464  - [39m17/06/2026, 11:14:01 am [33m   WARN[39m [38;5;3m[SupabaseService] [39m[33mProject ref mismatch: URL is for "mydrikssmzzudzqeqroe" but service key is for "knwotyuwjkkuvfwuzseq". Falling back to anon key.[39m
[32m[Nest] 23464  - [39m17/06/2026, 11:14:01 am [32m    LOG[39m [38;5;3m[NotificationService] [39m[32mDispatching browser push to token for user user_3EwmjaCl5UfguZTH3M8KPZg5AAE[39m
[33m[Nest] 23464  - [39m17/06/2026, 11:14:01 am [33m   WARN[39m [38;5;3m[NotificationService] [39m[33mFCM_SERVER_KEY is missing from environment. Browser push notification simulated.[39m
[33m[Nest] 23464  - [39m17/06/2026, 11:14:01 am [33m   WARN[39m [38;5;3m[SupabaseService] [39m[33mProject ref mismatch: URL is for "mydrikssmzzudzqeqroe" but service key is for "knwotyuwjkkuvfwuzseq". Falling back to anon key.[39m
[33m[Nest] 23464  - [39m17/06/2026, 11:14:01 am [33m   WARN[39m [38;5;3m[NotificationService] [39m[33mEmail notification 925cd5f3-914a-409e-9197-d2969f4b0a94 remains pending for retry.[39m
[33m[Nest] 23464  - [39m17/06/2026, 11:14:57 am [33m   WARN[39m [38;5;3m[SupabaseService] [39m[33mProject ref mismatch: URL is for "mydrikssmzzudzqeqroe" but service key is for "knwotyuwjkkuvfwuzseq". Falling back to anon key.[39m
[33m[Nest] 23464  - [39m17/06/2026, 11:14:57 am [33m   WARN[39m [38;5;3m[SupabaseService] [39m[33mSupabase getPreferences failed: connect ECONNREFUSED 127.0.0.1:9. Fallback active.[39m
[33m[Nest] 23464  - [39m17/06/2026, 11:14:57 am [33m   WARN[39m [38;5;3m[SupabaseService] [39m[33mProject ref mismatch: URL is for "mydrikssmzzudzqeqroe" but service key is for "knwotyuwjkkuvfwuzseq". Falling back to anon key.[39m
[33m[Nest] 23464  - [39m17/06/2026, 11:14:57 am [33m   WARN[39m [38;5;3m[SupabaseService] [39m[33mSupabase getPreferences failed: connect ECONNREFUSED 127.0.0.1:9. Fallback active.[39m
[32m[Nest] 23464  - [39m17/06/2026, 11:14:57 am [32m    LOG[39m [38;5;3m[NotificationService] [39m[32mChecking upcoming exams for reminder triggers at 2026-06-17T05:44:57.329Z[39m
[33m[Nest] 23464  - [39m17/06/2026, 11:14:57 am [33m   WARN[39m [38;5;3m[SupabaseService] [39m[33mProject ref mismatch: URL is for "mydrikssmzzudzqeqroe" but service key is for "knwotyuwjkkuvfwuzseq". Falling back to anon key.[39m
[33m[Nest] 23464  - [39m17/06/2026, 11:14:57 am [33m   WARN[39m [38;5;3m[NotificationService] [39m[33mFailed to fetch due exam reminders from Supabase: connect ECONNREFUSED 127.0.0.1:9[39m
[33m[Nest] 23464  - [39m17/06/2026, 11:14:57 am [33m   WARN[39m [38;5;3m[SupabaseService] [39m[33mProject ref mismatch: URL is for "mydrikssmzzudzqeqroe" but service key is for "knwotyuwjkkuvfwuzseq". Falling back to anon key.[39m
[33m[Nest] 23464  - [39m17/06/2026, 11:14:57 am [33m   WARN[39m [38;5;3m[SupabaseService] [39m[33mSupabase getPendingNotifications failed: connect ECONNREFUSED 127.0.0.1:9. Fallback active.[39m
[33m[Nest] 23464  - [39m17/06/2026, 11:14:57 am [33m   WARN[39m [38;5;3m[SupabaseService] [39m[33mProject ref mismatch: URL is for "mydrikssmzzudzqeqroe" but service key is for "knwotyuwjkkuvfwuzseq". Falling back to anon key.[39m
[33m[Nest] 23464  - [39m17/06/2026, 11:14:57 am [33m   WARN[39m [38;5;3m[SupabaseService] [39m[33mSupabase getPreferences failed: connect ECONNREFUSED 127.0.0.1:9. Fallback active.[39m
[33m[Nest] 23464  - [39m17/06/2026, 11:14:57 am [33m   WARN[39m [38;5;3m[SupabaseService] [39m[33mProject ref mismatch: URL is for "mydrikssmzzudzqeqroe" but service key is for "knwotyuwjkkuvfwuzseq". Falling back to anon key.[39m
[33m[Nest] 23464  - [39m17/06/2026, 11:14:57 am [33m   WARN[39m [38;5;3m[SupabaseService] [39m[33mSupabase getUserEmail failed: connect ECONNREFUSED 127.0.0.1:9. Fallback active.[39m
[32m[Nest] 23464  - [39m17/06/2026, 11:14:57 am [32m    LOG[39m [38;5;3m[NotificationService] [39m[32mDispatching email to ayush.goyal2@s.amity.edu for notice: Research Report Completed: Constitutional validity of reservation policy[39m
[32m[Nest] 23464  - [39m17/06/2026, 11:15:01 am [32m    LOG[39m [38;5;3m[NotificationService] [39m[32mSMTP Email sent successfully to ayush.goyal2@s.amity.edu.[39m
[33m[Nest] 23464  - [39m17/06/2026, 11:15:01 am [33m   WARN[39m [38;5;3m[SupabaseService] [39m[33mProject ref mismatch: URL is for "mydrikssmzzudzqeqroe" but service key is for "knwotyuwjkkuvfwuzseq". Falling back to anon key.[39m
[33m[Nest] 23464  - [39m17/06/2026, 11:15:01 am [33m   WARN[39m [38;5;3m[SupabaseService] [39m[33mProject ref mismatch: URL is for "mydrikssmzzudzqeqroe" but service key is for "knwotyuwjkkuvfwuzseq". Falling back to anon key.[39m
[33m[Nest] 23464  - [39m17/06/2026, 11:15:01 am [33m   WARN[39m [38;5;3m[SupabaseService] [39m[33mSupabase getPreferences failed: connect ECONNREFUSED 127.0.0.1:9. Fallback active.[39m
[33m[Nest] 23464  - [39m17/06/2026, 11:15:01 am [33m   WARN[39m [38;5;3m[SupabaseService] [39m[33mProject ref mismatch: URL is for "mydrikssmzzudzqeqroe" but service key is for "knwotyuwjkkuvfwuzseq". Falling back to anon key.[39m
[33m[Nest] 23464  - [39m17/06/2026, 11:15:01 am [33m   WARN[39m [38;5;3m[SupabaseService] [39m[33mSupabase getUserEmail failed: connect ECONNREFUSED 127.0.0.1:9. Fallback active.[39m
[33m[Nest] 23464  - [39m17/06/2026, 11:15:01 am [33m   WARN[39m [38;5;3m[NotificationService] [39m[33mNo email address resolved for user 2fa8d0a2-3446-4845-8ab5-991dd469110f[39m
[33m[Nest] 23464  - [39m17/06/2026, 11:15:01 am [33m   WARN[39m [38;5;3m[SupabaseService] [39m[33mProject ref mismatch: URL is for "mydrikssmzzudzqeqroe" but service key is for "knwotyuwjkkuvfwuzseq". Falling back to anon key.[39m
[33m[Nest] 23464  - [39m17/06/2026, 11:15:01 am [33m   WARN[39m [38;5;3m[NotificationService] [39m[33mEmail notification 8e2f6f21-c91c-403f-8837-c7e5b1c4999c remains pending for retry.[39m
[33m[Nest] 23464  - [39m17/06/2026, 11:15:01 am [33m   WARN[39m [38;5;3m[SupabaseService] [39m[33mProject ref mismatch: URL is for "mydrikssmzzudzqeqroe" but service key is for "knwotyuwjkkuvfwuzseq". Falling back to anon key.[39m
[33m[Nest] 23464  - [39m17/06/2026, 11:15:01 am [33m   WARN[39m [38;5;3m[SupabaseService] [39m[33mSupabase getPreferences failed: connect ECONNREFUSED 127.0.0.1:9. Fallback active.[39m
[33m[Nest] 23464  - [39m17/06/2026, 11:15:01 am [33m   WARN[39m [38;5;3m[SupabaseService] [39m[33mProject ref mismatch: URL is for "mydrikssmzzudzqeqroe" but service key is for "knwotyuwjkkuvfwuzseq". Falling back to anon key.[39m
[33m[Nest] 23464  - [39m17/06/2026, 11:15:01 am [33m   WARN[39m [38;5;3m[SupabaseService] [39m[33mSupabase getUserEmail failed: connect ECONNREFUSED 127.0.0.1:9. Fallback active.[39m
[33m[Nest] 23464  - [39m17/06/2026, 11:15:01 am [33m   WARN[39m [38;5;3m[NotificationService] [39m[33mNo email address resolved for user 2fa8d0a2-3446-4845-8ab5-991dd469110f[39m
[33m[Nest] 23464  - [39m17/06/2026, 11:15:01 am [33m   WARN[39m [38;5;3m[SupabaseService] [39m[33mProject ref mismatch: URL is for "mydrikssmzzudzqeqroe" but service key is for "knwotyuwjkkuvfwuzseq". Falling back to anon key.[39m
[33m[Nest] 23464  - [39m17/06/2026, 11:15:01 am [33m   WARN[39m [38;5;3m[NotificationService] [39m[33mEmail notification 5072993e-c046-467a-829b-1ba91f42f42b remains pending for retry.[39m
[33m[Nest] 23464  - [39m17/06/2026, 11:15:01 am [33m   WARN[39m [38;5;3m[SupabaseService] [39m[33mProject ref mismatch: URL is for "mydrikssmzzudzqeqroe" but service key is for "knwotyuwjkkuvfwuzseq". Falling back to anon key.[39m
[33m[Nest] 23464  - [39m17/06/2026, 11:15:01 am [33m   WARN[39m [38;5;3m[SupabaseService] [39m[33mSupabase getPreferences failed: connect ECONNREFUSED 127.0.0.1:9. Fallback active.[39m
[33m[Nest] 23464  - [39m17/06/2026, 11:15:01 am [33m   WARN[39m [38;5;3m[SupabaseService] [39m[33mProject ref mismatch: URL is for "mydrikssmzzudzqeqroe" but service key is for "knwotyuwjkkuvfwuzseq". Falling back to anon key.[39m
[33m[Nest] 23464  - [39m17/06/2026, 11:15:01 am [33m   WARN[39m [38;5;3m[SupabaseService] [39m[33mSupabase getUserEmail failed: connect ECONNREFUSED 127.0.0.1:9. Fallback active.[39m
[33m[Nest] 23464  - [39m17/06/2026, 11:15:01 am [33m   WARN[39m [38;5;3m[NotificationService] [39m[33mNo email address resolved for user user_3EwmjaCl5UfguZTH3M8KPZg5AAE[39m
[33m[Nest] 23464  - [39m17/06/2026, 11:15:01 am [33m   WARN[39m [38;5;3m[SupabaseService] [39m[33mProject ref mismatch: URL is for "mydrikssmzzudzqeqroe" but service key is for "knwotyuwjkkuvfwuzseq". Falling back to anon key.[39m
[32m[Nest] 23464  - [39m17/06/2026, 11:15:01 am [32m    LOG[39m [38;5;3m[NotificationService] [39m[32mDispatching browser push to token for user user_3EwmjaCl5UfguZTH3M8KPZg5AAE[39m
[33m[Nest] 23464  - [39m17/06/2026, 11:15:01 am [33m   WARN[39m [38;5;3m[NotificationService] [39m[33mFCM_SERVER_KEY is missing from environment. Browser push notification simulated.[39m
[33m[Nest] 23464  - [39m17/06/2026, 11:15:01 am [33m   WARN[39m [38;5;3m[SupabaseService] [39m[33mProject ref mismatch: URL is for "mydrikssmzzudzqeqroe" but service key is for "knwotyuwjkkuvfwuzseq". Falling back to anon key.[39m
[33m[Nest] 23464  - [39m17/06/2026, 11:15:01 am [33m   WARN[39m [38;5;3m[NotificationService] [39m[33mEmail notification 547c916c-dea1-4990-a9c9-9ccf44151ab3 remains pending for retry.[39m
[33m[Nest] 23464  - [39m17/06/2026, 11:15:01 am [33m   WARN[39m [38;5;3m[SupabaseService] [39m[33mProject ref mismatch: URL is for "mydrikssmzzudzqeqroe" but service key is for "knwotyuwjkkuvfwuzseq". Falling back to anon key.[39m
[33m[Nest] 23464  - [39m17/06/2026, 11:15:01 am [33m   WARN[39m [38;5;3m[SupabaseService] [39m[33mSupabase getPreferences failed: connect ECONNREFUSED 127.0.0.1:9. Fallback active.[39m
[33m[Nest] 23464  - [39m17/06/2026, 11:15:01 am [33m   WARN[39m [38;5;3m[SupabaseService] [39m[33mProject ref mismatch: URL is for "mydrikssmzzudzqeqroe" but service key is for "knwotyuwjkkuvfwuzseq". Falling back to anon key.[39m
[33m[Nest] 23464  - [39m17/06/2026, 11:15:01 am [33m   WARN[39m [38;5;3m[SupabaseService] [39m[33mSupabase getUserEmail failed: connect ECONNREFUSED 127.0.0.1:9. Fallback active.[39m
[33m[Nest] 23464  - [39m17/06/2026, 11:15:01 am [33m   WARN[39m [38;5;3m[NotificationService] [39m[33mNo email address resolved for user user_3EwmjaCl5UfguZTH3M8KPZg5AAE[39m
[33m[Nest] 23464  - [39m17/06/2026, 11:15:01 am [33m   WARN[39m [38;5;3m[SupabaseService] [39m[33mProject ref mismatch: URL is for "mydrikssmzzudzqeqroe" but service key is for "knwotyuwjkkuvfwuzseq". Falling back to anon key.[39m
[32m[Nest] 23464  - [39m17/06/2026, 11:15:01 am [32m    LOG[39m [38;5;3m[NotificationService] [39m[32mDispatching browser push to token for user user_3EwmjaCl5UfguZTH3M8KPZg5AAE[39m
[33m[Nest] 23464  - [39m17/06/2026, 11:15:01 am [33m   WARN[39m [38;5;3m[NotificationService] [39m[33mFCM_SERVER_KEY is missing from environment. Browser push notification simulated.[39m
[33m[Nest] 23464  - [39m17/06/2026, 11:15:01 am [33m   WARN[39m [38;5;3m[SupabaseService] [39m[33mProject ref mismatch: URL is for "mydrikssmzzudzqeqroe" but service key is for "knwotyuwjkkuvfwuzseq". Falling back to anon key.[39m
[33m[Nest] 23464  - [39m17/06/2026, 11:15:01 am [33m   WARN[39m [38;5;3m[NotificationService] [39m[33mEmail notification 925cd5f3-914a-409e-9197-d2969f4b0a94 remains pending for retry.[39m
[33m[Nest] 23464  - [39m17/06/2026, 11:15:57 am [33m   WARN[39m [38;5;3m[SupabaseService] [39m[33mProject ref mismatch: URL is for "mydrikssmzzudzqeqroe" but service key is for "knwotyuwjkkuvfwuzseq". Falling back to anon key.[39m
[33m[Nest] 23464  - [39m17/06/2026, 11:15:57 am [33m   WARN[39m [38;5;3m[SupabaseService] [39m[33mSupabase getPreferences failed: connect ECONNREFUSED 127.0.0.1:9. Fallback active.[39m
[33m[Nest] 23464  - [39m17/06/2026, 11:15:57 am [33m   WARN[39m [38;5;3m[SupabaseService] [39m[33mProject ref mismatch: URL is for "mydrikssmzzudzqeqroe" but service key is for "knwotyuwjkkuvfwuzseq". Falling back to anon key.[39m
[33m[Nest] 23464  - [39m17/06/2026, 11:15:57 am [33m   WARN[39m [38;5;3m[SupabaseService] [39m[33mSupabase getPreferences failed: connect ECONNREFUSED 127.0.0.1:9. Fallback active.[39m
[32m[Nest] 23464  - [39m17/06/2026, 11:15:57 am [32m    LOG[39m [38;5;3m[NotificationService] [39m[32mChecking upcoming exams for reminder triggers at 2026-06-17T05:45:57.339Z[39m
[33m[Nest] 23464  - [39m17/06/2026, 11:15:57 am [33m   WARN[39m [38;5;3m[SupabaseService] [39m[33mProject ref mismatch: URL is for "mydrikssmzzudzqeqroe" but service key is for "knwotyuwjkkuvfwuzseq". Falling back to anon key.[39m
[33m[Nest] 23464  - [39m17/06/2026, 11:15:57 am [33m   WARN[39m [38;5;3m[NotificationService] [39m[33mFailed to fetch due exam reminders from Supabase: connect ECONNREFUSED 127.0.0.1:9[39m
[33m[Nest] 23464  - [39m17/06/2026, 11:15:57 am [33m   WARN[39m [38;5;3m[SupabaseService] [39m[33mProject ref mismatch: URL is for "mydrikssmzzudzqeqroe" but service key is for "knwotyuwjkkuvfwuzseq". Falling back to anon key.[39m
[33m[Nest] 23464  - [39m17/06/2026, 11:15:57 am [33m   WARN[39m [38;5;3m[SupabaseService] [39m[33mSupabase getPendingNotifications failed: connect ECONNREFUSED 127.0.0.1:9. Fallback active.[39m
[33m[Nest] 23464  - [39m17/06/2026, 11:15:57 am [33m   WARN[39m [38;5;3m[SupabaseService] [39m[33mProject ref mismatch: URL is for "mydrikssmzzudzqeqroe" but service key is for "knwotyuwjkkuvfwuzseq". Falling back to anon key.[39m
[33m[Nest] 23464  - [39m17/06/2026, 11:15:57 am [33m   WARN[39m [38;5;3m[SupabaseService] [39m[33mSupabase getPreferences failed: connect ECONNREFUSED 127.0.0.1:9. Fallback active.[39m
[33m[Nest] 23464  - [39m17/06/2026, 11:15:57 am [33m   WARN[39m [38;5;3m[SupabaseService] [39m[33mProject ref mismatch: URL is for "mydrikssmzzudzqeqroe" but service key is for "knwotyuwjkkuvfwuzseq". Falling back to anon key.[39m
[33m[Nest] 23464  - [39m17/06/2026, 11:15:57 am [33m   WARN[39m [38;5;3m[SupabaseService] [39m[33mSupabase getUserEmail failed: connect ECONNREFUSED 127.0.0.1:9. Fallback active.[39m
[32m[Nest] 23464  - [39m17/06/2026, 11:15:57 am [32m    LOG[39m [38;5;3m[NotificationService] [39m[32mDispatching email to ayush.goyal2@s.amity.edu for notice: Research Report Completed: Constitutional validity of reservation policy[39m
[32m[Nest] 23464  - [39m17/06/2026, 11:16:01 am [32m    LOG[39m [38;5;3m[NotificationService] [39m[32mSMTP Email sent successfully to ayush.goyal2@s.amity.edu.[39m
[33m[Nest] 23464  - [39m17/06/2026, 11:16:01 am [33m   WARN[39m [38;5;3m[SupabaseService] [39m[33mProject ref mismatch: URL is for "mydrikssmzzudzqeqroe" but service key is for "knwotyuwjkkuvfwuzseq". Falling back to anon key.[39m
[33m[Nest] 23464  - [39m17/06/2026, 11:16:01 am [33m   WARN[39m [38;5;3m[SupabaseService] [39m[33mProject ref mismatch: URL is for "mydrikssmzzudzqeqroe" but service key is for "knwotyuwjkkuvfwuzseq". Falling back to anon key.[39m
[33m[Nest] 23464  - [39m17/06/2026, 11:16:01 am [33m   WARN[39m [38;5;3m[SupabaseService] [39m[33mSupabase getPreferences failed: connect ECONNREFUSED 127.0.0.1:9. Fallback active.[39m
[33m[Nest] 23464  - [39m17/06/2026, 11:16:01 am [33m   WARN[39m [38;5;3m[SupabaseService] [39m[33mProject ref mismatch: URL is for "mydrikssmzzudzqeqroe" but service key is for "knwotyuwjkkuvfwuzseq". Falling back to anon key.[39m
[33m[Nest] 23464  - [39m17/06/2026, 11:16:01 am [33m   WARN[39m [38;5;3m[SupabaseService] [39m[33mSupabase getUserEmail failed: connect ECONNREFUSED 127.0.0.1:9. Fallback active.[39m
[33m[Nest] 23464  - [39m17/06/2026, 11:16:01 am [33m   WARN[39m [38;5;3m[NotificationService] [39m[33mNo email address resolved for user 2fa8d0a2-3446-4845-8ab5-991dd469110f[39m
[33m[Nest] 23464  - [39m17/06/2026, 11:16:01 am [33m   WARN[39m [38;5;3m[SupabaseService] [39m[33mProject ref mismatch: URL is for "mydrikssmzzudzqeqroe" but service key is for "knwotyuwjkkuvfwuzseq". Falling back to anon key.[39m
[33m[Nest] 23464  - [39m17/06/2026, 11:16:01 am [33m   WARN[39m [38;5;3m[NotificationService] [39m[33mEmail notification 8e2f6f21-c91c-403f-8837-c7e5b1c4999c remains pending for retry.[39m
[33m[Nest] 23464  - [39m17/06/2026, 11:16:01 am [33m   WARN[39m [38;5;3m[SupabaseService] [39m[33mProject ref mismatch: URL is for "mydrikssmzzudzqeqroe" but service key is for "knwotyuwjkkuvfwuzseq". Falling back to anon key.[39m
[33m[Nest] 23464  - [39m17/06/2026, 11:16:01 am [33m   WARN[39m [38;5;3m[SupabaseService] [39m[33mSupabase getPreferences failed: connect ECONNREFUSED 127.0.0.1:9. Fallback active.[39m
[33m[Nest] 23464  - [39m17/06/2026, 11:16:01 am [33m   WARN[39m [38;5;3m[SupabaseService] [39m[33mProject ref mismatch: URL is for "mydrikssmzzudzqeqroe" but service key is for "knwotyuwjkkuvfwuzseq". Falling back to anon key.[39m
[33m[Nest] 23464  - [39m17/06/2026, 11:16:01 am [33m   WARN[39m [38;5;3m[SupabaseService] [39m[33mSupabase getUserEmail failed: connect ECONNREFUSED 127.0.0.1:9. Fallback active.[39m
[33m[Nest] 23464  - [39m17/06/2026, 11:16:01 am [33m   WARN[39m [38;5;3m[NotificationService] [39m[33mNo email address resolved for user 2fa8d0a2-3446-4845-8ab5-991dd469110f[39m
[33m[Nest] 23464  - [39m17/06/2026, 11:16:01 am [33m   WARN[39m [38;5;3m[SupabaseService] [39m[33mProject ref mismatch: URL is for "mydrikssmzzudzqeqroe" but service key is for "knwotyuwjkkuvfwuzseq". Falling back to anon key.[39m
[33m[Nest] 23464  - [39m17/06/2026, 11:16:01 am [33m   WARN[39m [38;5;3m[NotificationService] [39m[33mEmail notification 5072993e-c046-467a-829b-1ba91f42f42b remains pending for retry.[39m
[33m[Nest] 23464  - [39m17/06/2026, 11:16:01 am [33m   WARN[39m [38;5;3m[SupabaseService] [39m[33mProject ref mismatch: URL is for "mydrikssmzzudzqeqroe" but service key is for "knwotyuwjkkuvfwuzseq". Falling back to anon key.[39m
[33m[Nest] 23464  - [39m17/06/2026, 11:16:01 am [33m   WARN[39m [38;5;3m[SupabaseService] [39m[33mSupabase getPreferences failed: connect ECONNREFUSED 127.0.0.1:9. Fallback active.[39m
[33m[Nest] 23464  - [39m17/06/2026, 11:16:01 am [33m   WARN[39m [38;5;3m[SupabaseService] [39m[33mProject ref mismatch: URL is for "mydrikssmzzudzqeqroe" but service key is for "knwotyuwjkkuvfwuzseq". Falling back to anon key.[39m
[33m[Nest] 23464  - [39m17/06/2026, 11:16:01 am [33m   WARN[39m [38;5;3m[SupabaseService] [39m[33mSupabase getUserEmail failed: connect ECONNREFUSED 127.0.0.1:9. Fallback active.[39m
[33m[Nest] 23464  - [39m17/06/2026, 11:16:01 am [33m   WARN[39m [38;5;3m[NotificationService] [39m[33mNo email address resolved for user user_3EwmjaCl5UfguZTH3M8KPZg5AAE[39m
[33m[Nest] 23464  - [39m17/06/2026, 11:16:01 am [33m   WARN[39m [38;5;3m[SupabaseService] [39m[33mProject ref mismatch: URL is for "mydrikssmzzudzqeqroe" but service key is for "knwotyuwjkkuvfwuzseq". Falling back to anon key.[39m
[32m[Nest] 23464  - [39m17/06/2026, 11:16:01 am [32m    LOG[39m [38;5;3m[NotificationService] [39m[32mDispatching browser push to token for user user_3EwmjaCl5UfguZTH3M8KPZg5AAE[39m
[33m[Nest] 23464  - [39m17/06/2026, 11:16:01 am [33m   WARN[39m [38;5;3m[NotificationService] [39m[33mFCM_SERVER_KEY is missing from environment. Browser push notification simulated.[39m
[33m[Nest] 23464  - [39m17/06/2026, 11:16:01 am [33m   WARN[39m [38;5;3m[SupabaseService] [39m[33mProject ref mismatch: URL is for "mydrikssmzzudzqeqroe" but service key is for "knwotyuwjkkuvfwuzseq". Falling back to anon key.[39m
[33m[Nest] 23464  - [39m17/06/2026, 11:16:01 am [33m   WARN[39m [38;5;3m[NotificationService] [39m[33mEmail notification 547c916c-dea1-4990-a9c9-9ccf44151ab3 remains pending for retry.[39m
[33m[Nest] 23464  - [39m17/06/2026, 11:16:01 am [33m   WARN[39m [38;5;3m[SupabaseService] [39m[33mProject ref mismatch: URL is for "mydrikssmzzudzqeqroe" but service key is for "knwotyuwjkkuvfwuzseq". Falling back to anon key.[39m
[33m[Nest] 23464  - [39m17/06/2026, 11:16:01 am [33m   WARN[39m [38;5;3m[SupabaseService] [39m[33mSupabase getPreferences failed: connect ECONNREFUSED 127.0.0.1:9. Fallback active.[39m
[33m[Nest] 23464  - [39m17/06/2026, 11:16:01 am [33m   WARN[39m [38;5;3m[SupabaseService] [39m[33mProject ref mismatch: URL is for "mydrikssmzzudzqeqroe" but service key is for "knwotyuwjkkuvfwuzseq". Falling back to anon key.[39m
[33m[Nest] 23464  - [39m17/06/2026, 11:16:01 am [33m   WARN[39m [38;5;3m[SupabaseService] [39m[33mSupabase getUserEmail failed: connect ECONNREFUSED 127.0.0.1:9. Fallback active.[39m
[33m[Nest] 23464  - [39m17/06/2026, 11:16:01 am [33m   WARN[39m [38;5;3m[NotificationService] [39m[33mNo email address resolved for user user_3EwmjaCl5UfguZTH3M8KPZg5AAE[39m
[33m[Nest] 23464  - [39m17/06/2026, 11:16:01 am [33m   WARN[39m [38;5;3m[SupabaseService] [39m[33mProject ref mismatch: URL is for "mydrikssmzzudzqeqroe" but service key is for "knwotyuwjkkuvfwuzseq". Falling back to anon key.[39m
[32m[Nest] 23464  - [39m17/06/2026, 11:16:01 am [32m    LOG[39m [38;5;3m[NotificationService] [39m[32mDispatching browser push to token for user user_3EwmjaCl5UfguZTH3M8KPZg5AAE[39m
[33m[Nest] 23464  - [39m17/06/2026, 11:16:01 am [33m   WARN[39m [38;5;3m[NotificationService] [39m[33mFCM_SERVER_KEY is missing from environment. Browser push notification simulated.[39m
[33m[Nest] 23464  - [39m17/06/2026, 11:16:01 am [33m   WARN[39m [38;5;3m[SupabaseService] [39m[33mProject ref mismatch: URL is for "mydrikssmzzudzqeqroe" but service key is for "knwotyuwjkkuvfwuzseq". Falling back to anon key.[39m
[33m[Nest] 23464  - [39m17/06/2026, 11:16:01 am [33m   WARN[39m [38;5;3m[NotificationService] [39m[33mEmail notification 925cd5f3-914a-409e-9197-d2969f4b0a94 remains pending for retry.[39m
[32m[Nest] 23464  - [39m17/06/2026, 11:16:18 am [32m    LOG[39m [38;5;3m[FounderSecurityService] [39m[32m[FOUNDER SECURITY] Login detected: eventType=ADMIN_LOGIN_ATTEMPT, actorId=LEGATRIXON20, actorEmail=admin-console@legatrixon.local, ip=::1[39m
[33m[Nest] 23464  - [39m17/06/2026, 11:16:57 am [33m   WARN[39m [38;5;3m[SupabaseService] [39m[33mProject ref mismatch: URL is for "mydrikssmzzudzqeqroe" but service key is for "knwotyuwjkkuvfwuzseq". Falling back to anon key.[39m
[33m[Nest] 23464  - [39m17/06/2026, 11:16:57 am [33m   WARN[39m [38;5;3m[SupabaseService] [39m[33mSupabase getPreferences failed: connect ECONNREFUSED 127.0.0.1:9. Fallback active.[39m
[33m[Nest] 23464  - [39m17/06/2026, 11:16:57 am [33m   WARN[39m [38;5;3m[SupabaseService] [39m[33mProject ref mismatch: URL is for "mydrikssmzzudzqeqroe" but service key is for "knwotyuwjkkuvfwuzseq". Falling back to anon key.[39m
[33m[Nest] 23464  - [39m17/06/2026, 11:16:57 am [33m   WARN[39m [38;5;3m[SupabaseService] [39m[33mSupabase getPreferences failed: connect ECONNREFUSED 127.0.0.1:9. Fallback active.[39m
[32m[Nest] 23464  - [39m17/06/2026, 11:16:57 am [32m    LOG[39m [38;5;3m[NotificationService] [39m[32mChecking upcoming exams for reminder triggers at 2026-06-17T05:46:57.345Z[39m
[33m[Nest] 23464  - [39m17/06/2026, 11:16:57 am [33m   WARN[39m [38;5;3m[SupabaseService] [39m[33mProject ref mismatch: URL is for "mydrikssmzzudzqeqroe" but service key is for "knwotyuwjkkuvfwuzseq". Falling back to anon key.[39m
[33m[Nest] 23464  - [39m17/06/2026, 11:16:57 am [33m   WARN[39m [38;5;3m[NotificationService] [39m[33mFailed to fetch due exam reminders from Supabase: connect ECONNREFUSED 127.0.0.1:9[39m
[33m[Nest] 23464  - [39m17/06/2026, 11:16:57 am [33m   WARN[39m [38;5;3m[SupabaseService] [39m[33mProject ref mismatch: URL is for "mydrikssmzzudzqeqroe" but service key is for "knwotyuwjkkuvfwuzseq". Falling back to anon key.[39m
[33m[Nest] 23464  - [39m17/06/2026, 11:16:57 am [33m   WARN[39m [38;5;3m[SupabaseService] [39m[33mSupabase getPendingNotifications failed: connect ECONNREFUSED 127.0.0.1:9. Fallback active.[39m
[33m[Nest] 23464  - [39m17/06/2026, 11:16:57 am [33m   WARN[39m [38;5;3m[SupabaseService] [39m[33mProject ref mismatch: URL is for "mydrikssmzzudzqeqroe" but service key is for "knwotyuwjkkuvfwuzseq". Falling back to anon key.[39m
[33m[Nest] 23464  - [39m17/06/2026, 11:16:57 am [33m   WARN[39m [38;5;3m[SupabaseService] [39m[33mSupabase getPreferences failed: connect ECONNREFUSED 127.0.0.1:9. Fallback active.[39m
[33m[Nest] 23464  - [39m17/06/2026, 11:16:57 am [33m   WARN[39m [38;5;3m[SupabaseService] [39m[33mProject ref mismatch: URL is for "mydrikssmzzudzqeqroe" but service key is for "knwotyuwjkkuvfwuzseq". Falling back to anon key.[39m
[33m[Nest] 23464  - [39m17/06/2026, 11:16:57 am [33m   WARN[39m [38;5;3m[SupabaseService] [39m[33mSupabase getUserEmail failed: connect ECONNREFUSED 127.0.0.1:9. Fallback active.[39m
[32m[Nest] 23464  - [39m17/06/2026, 11:16:57 am [32m    LOG[39m [38;5;3m[NotificationService] [39m[32mDispatching email to ayush.goyal2@s.amity.edu for notice: Research Report Completed: Constitutional validity of reservation policy[39m
[32m[Nest] 23464  - [39m17/06/2026, 11:17:01 am [32m    LOG[39m [38;5;3m[NotificationService] [39m[32mSMTP Email sent successfully to ayush.goyal2@s.amity.edu.[39m
[33m[Nest] 23464  - [39m17/06/2026, 11:17:01 am [33m   WARN[39m [38;5;3m[SupabaseService] [39m[33mProject ref mismatch: URL is for "mydrikssmzzudzqeqroe" but service key is for "knwotyuwjkkuvfwuzseq". Falling back to anon key.[39m
[33m[Nest] 23464  - [39m17/06/2026, 11:17:01 am [33m   WARN[39m [38;5;3m[SupabaseService] [39m[33mProject ref mismatch: URL is for "mydrikssmzzudzqeqroe" but service key is for "knwotyuwjkkuvfwuzseq". Falling back to anon key.[39m
[33m[Nest] 23464  - [39m17/06/2026, 11:17:01 am [33m   WARN[39m [38;5;3m[SupabaseService] [39m[33mSupabase getPreferences failed: connect ECONNREFUSED 127.0.0.1:9. Fallback active.[39m
[33m[Nest] 23464  - [39m17/06/2026, 11:17:01 am [33m   WARN[39m [38;5;3m[SupabaseService] [39m[33mProject ref mismatch: URL is for "mydrikssmzzudzqeqroe" but service key is for "knwotyuwjkkuvfwuzseq". Falling back to anon key.[39m
[33m[Nest] 23464  - [39m17/06/2026, 11:17:01 am [33m   WARN[39m [38;5;3m[SupabaseService] [39m[33mSupabase getUserEmail failed: connect ECONNREFUSED 127.0.0.1:9. Fallback active.[39m
[33m[Nest] 23464  - [39m17/06/2026, 11:17:01 am [33m   WARN[39m [38;5;3m[NotificationService] [39m[33mNo email address resolved for user 2fa8d0a2-3446-4845-8ab5-991dd469110f[39m
[33m[Nest] 23464  - [39m17/06/2026, 11:17:01 am [33m   WARN[39m [38;5;3m[SupabaseService] [39m[33mProject ref mismatch: URL is for "mydrikssmzzudzqeqroe" but service key is for "knwotyuwjkkuvfwuzseq". Falling back to anon key.[39m
[33m[Nest] 23464  - [39m17/06/2026, 11:17:01 am [33m   WARN[39m [38;5;3m[NotificationService] [39m[33mEmail notification 8e2f6f21-c91c-403f-8837-c7e5b1c4999c remains pending for retry.[39m
[33m[Nest] 23464  - [39m17/06/2026, 11:17:01 am [33m   WARN[39m [38;5;3m[SupabaseService] [39m[33mProject ref mismatch: URL is for "mydrikssmzzudzqeqroe" but service key is for "knwotyuwjkkuvfwuzseq". Falling back to anon key.[39m
[33m[Nest] 23464  - [39m17/06/2026, 11:17:01 am [33m   WARN[39m [38;5;3m[SupabaseService] [39m[33mSupabase getPreferences failed: connect ECONNREFUSED 127.0.0.1:9. Fallback active.[39m
[33m[Nest] 23464  - [39m17/06/2026, 11:17:01 am [33m   WARN[39m [38;5;3m[SupabaseService] [39m[33mProject ref mismatch: URL is for "mydrikssmzzudzqeqroe" but service key is for "knwotyuwjkkuvfwuzseq". Falling back to anon key.[39m
[33m[Nest] 23464  - [39m17/06/2026, 11:17:01 am [33m   WARN[39m [38;5;3m[SupabaseService] [39m[33mSupabase getUserEmail failed: connect ECONNREFUSED 127.0.0.1:9. Fallback active.[39m
[33m[Nest] 23464  - [39m17/06/2026, 11:17:01 am [33m   WARN[39m [38;5;3m[NotificationService] [39m[33mNo email address resolved for user 2fa8d0a2-3446-4845-8ab5-991dd469110f[39m
[33m[Nest] 23464  - [39m17/06/2026, 11:17:01 am [33m   WARN[39m [38;5;3m[SupabaseService] [39m[33mProject ref mismatch: URL is for "mydrikssmzzudzqeqroe" but service key is for "knwotyuwjkkuvfwuzseq". Falling back to anon key.[39m
[33m[Nest] 23464  - [39m17/06/2026, 11:17:01 am [33m   WARN[39m [38;5;3m[NotificationService] [39m[33mEmail notification 5072993e-c046-467a-829b-1ba91f42f42b remains pending for retry.[39m
[33m[Nest] 23464  - [39m17/06/2026, 11:17:01 am [33m   WARN[39m [38;5;3m[SupabaseService] [39m[33mProject ref mismatch: URL is for "mydrikssmzzudzqeqroe" but service key is for "knwotyuwjkkuvfwuzseq". Falling back to anon key.[39m
[33m[Nest] 23464  - [39m17/06/2026, 11:17:01 am [33m   WARN[39m [38;5;3m[SupabaseService] [39m[33mSupabase getPreferences failed: connect ECONNREFUSED 127.0.0.1:9. Fallback active.[39m
[33m[Nest] 23464  - [39m17/06/2026, 11:17:01 am [33m   WARN[39m [38;5;3m[SupabaseService] [39m[33mProject ref mismatch: URL is for "mydrikssmzzudzqeqroe" but service key is for "knwotyuwjkkuvfwuzseq". Falling back to anon key.[39m
[33m[Nest] 23464  - [39m17/06/2026, 11:17:01 am [33m   WARN[39m [38;5;3m[SupabaseService] [39m[33mSupabase getUserEmail failed: connect ECONNREFUSED 127.0.0.1:9. Fallback active.[39m
[33m[Nest] 23464  - [39m17/06/2026, 11:17:01 am [33m   WARN[39m [38;5;3m[NotificationService] [39m[33mNo email address resolved for user user_3EwmjaCl5UfguZTH3M8KPZg5AAE[39m
[33m[Nest] 23464  - [39m17/06/2026, 11:17:01 am [33m   WARN[39m [38;5;3m[SupabaseService] [39m[33mProject ref mismatch: URL is for "mydrikssmzzudzqeqroe" but service key is for "knwotyuwjkkuvfwuzseq". Falling back to anon key.[39m
[32m[Nest] 23464  - [39m17/06/2026, 11:17:01 am [32m    LOG[39m [38;5;3m[NotificationService] [39m[32mDispatching browser push to token for user user_3EwmjaCl5UfguZTH3M8KPZg5AAE[39m
[33m[Nest] 23464  - [39m17/06/2026, 11:17:01 am [33m   WARN[39m [38;5;3m[NotificationService] [39m[33mFCM_SERVER_KEY is missing from environment. Browser push notification simulated.[39m
[33m[Nest] 23464  - [39m17/06/2026, 11:17:01 am [33m   WARN[39m [38;5;3m[SupabaseService] [39m[33mProject ref mismatch: URL is for "mydrikssmzzudzqeqroe" but service key is for "knwotyuwjkkuvfwuzseq". Falling back to anon key.[39m
[33m[Nest] 23464  - [39m17/06/2026, 11:17:01 am [33m   WARN[39m [38;5;3m[NotificationService] [39m[33mEmail notification 547c916c-dea1-4990-a9c9-9ccf44151ab3 remains pending for retry.[39m
[33m[Nest] 23464  - [39m17/06/2026, 11:17:01 am [33m   WARN[39m [38;5;3m[SupabaseService] [39m[33mProject ref mismatch: URL is for "mydrikssmzzudzqeqroe" but service key is for "knwotyuwjkkuvfwuzseq". Falling back to anon key.[39m
[33m[Nest] 23464  - [39m17/06/2026, 11:17:01 am [33m   WARN[39m [38;5;3m[SupabaseService] [39m[33mSupabase getPreferences failed: connect ECONNREFUSED 127.0.0.1:9. Fallback active.[39m
[33m[Nest] 23464  - [39m17/06/2026, 11:17:01 am [33m   WARN[39m [38;5;3m[SupabaseService] [39m[33mProject ref mismatch: URL is for "mydrikssmzzudzqeqroe" but service key is for "knwotyuwjkkuvfwuzseq". Falling back to anon key.[39m
[33m[Nest] 23464  - [39m17/06/2026, 11:17:01 am [33m   WARN[39m [38;5;3m[SupabaseService] [39m[33mSupabase getUserEmail failed: connect ECONNREFUSED 127.0.0.1:9. Fallback active.[39m
[33m[Nest] 23464  - [39m17/06/2026, 11:17:01 am [33m   WARN[39m [38;5;3m[NotificationService] [39m[33mNo email address resolved for user user_3EwmjaCl5UfguZTH3M8KPZg5AAE[39m
[33m[Nest] 23464  - [39m17/06/2026, 11:17:01 am [33m   WARN[39m [38;5;3m[SupabaseService] [39m[33mProject ref mismatch: URL is for "mydrikssmzzudzqeqroe" but service key is for "knwotyuwjkkuvfwuzseq". Falling back to anon key.[39m
[32m[Nest] 23464  - [39m17/06/2026, 11:17:01 am [32m    LOG[39m [38;5;3m[NotificationService] [39m[32mDispatching browser push to token for user user_3EwmjaCl5UfguZTH3M8KPZg5AAE[39m
[33m[Nest] 23464  - [39m17/06/2026, 11:17:01 am [33m   WARN[39m [38;5;3m[NotificationService] [39m[33mFCM_SERVER_KEY is missing from environment. Browser push notification simulated.[39m
[33m[Nest] 23464  - [39m17/06/2026, 11:17:01 am [33m   WARN[39m [38;5;3m[SupabaseService] [39m[33mProject ref mismatch: URL is for "mydrikssmzzudzqeqroe" but service key is for "knwotyuwjkkuvfwuzseq". Falling back to anon key.[39m
[33m[Nest] 23464  - [39m17/06/2026, 11:17:01 am [33m   WARN[39m [38;5;3m[NotificationService] [39m[33mEmail notification 925cd5f3-914a-409e-9197-d2969f4b0a94 remains pending for retry.[39m
[33m[Nest] 23464  - [39m17/06/2026, 11:17:57 am [33m   WARN[39m [38;5;3m[SupabaseService] [39m[33mProject ref mismatch: URL is for "mydrikssmzzudzqeqroe" but service key is for "knwotyuwjkkuvfwuzseq". Falling back to anon key.[39m
[33m[Nest] 23464  - [39m17/06/2026, 11:17:57 am [33m   WARN[39m [38;5;3m[SupabaseService] [39m[33mSupabase getPreferences failed: connect ECONNREFUSED 127.0.0.1:9. Fallback active.[39m
[33m[Nest] 23464  - [39m17/06/2026, 11:17:57 am [33m   WARN[39m [38;5;3m[SupabaseService] [39m[33mProject ref mismatch: URL is for "mydrikssmzzudzqeqroe" but service key is for "knwotyuwjkkuvfwuzseq". Falling back to anon key.[39m
[33m[Nest] 23464  - [39m17/06/2026, 11:17:57 am [33m   WARN[39m [38;5;3m[SupabaseService] [39m[33mSupabase getPreferences failed: connect ECONNREFUSED 127.0.0.1:9. Fallback active.[39m
[32m[Nest] 23464  - [39m17/06/2026, 11:17:57 am [32m    LOG[39m [38;5;3m[NotificationService] [39m[32mChecking upcoming exams for reminder triggers at 2026-06-17T05:47:57.350Z[39m
[33m[Nest] 23464  - [39m17/06/2026, 11:17:57 am [33m   WARN[39m [38;5;3m[SupabaseService] [39m[33mProject ref mismatch: URL is for "mydrikssmzzudzqeqroe" but service key is for "knwotyuwjkkuvfwuzseq". Falling back to anon key.[39m
[33m[Nest] 23464  - [39m17/06/2026, 11:17:57 am [33m   WARN[39m [38;5;3m[NotificationService] [39m[33mFailed to fetch due exam reminders from Supabase: connect ECONNREFUSED 127.0.0.1:9[39m
[33m[Nest] 23464  - [39m17/06/2026, 11:17:57 am [33m   WARN[39m [38;5;3m[SupabaseService] [39m[33mProject ref mismatch: URL is for "mydrikssmzzudzqeqroe" but service key is for "knwotyuwjkkuvfwuzseq". Falling back to anon key.[39m
[33m[Nest] 23464  - [39m17/06/2026, 11:17:57 am [33m   WARN[39m [38;5;3m[SupabaseService] [39m[33mSupabase getPendingNotifications failed: connect ECONNREFUSED 127.0.0.1:9. Fallback active.[39m
[33m[Nest] 23464  - [39m17/06/2026, 11:17:57 am [33m   WARN[39m [38;5;3m[SupabaseService] [39m[33mProject ref mismatch: URL is for "mydrikssmzzudzqeqroe" but service key is for "knwotyuwjkkuvfwuzseq". Falling back to anon key.[39m
[33m[Nest] 23464  - [39m17/06/2026, 11:17:57 am [33m   WARN[39m [38;5;3m[SupabaseService] [39m[33mSupabase getPreferences failed: connect ECONNREFUSED 127.0.0.1:9. Fallback active.[39m
[33m[Nest] 23464  - [39m17/06/2026, 11:17:57 am [33m   WARN[39m [38;5;3m[SupabaseService] [39m[33mProject ref mismatch: URL is for "mydrikssmzzudzqeqroe" but service key is for "knwotyuwjkkuvfwuzseq". Falling back to anon key.[39m
[33m[Nest] 23464  - [39m17/06/2026, 11:17:57 am [33m   WARN[39m [38;5;3m[SupabaseService] [39m[33mSupabase getUserEmail failed: connect ECONNREFUSED 127.0.0.1:9. Fallback active.[39m
[32m[Nest] 23464  - [39m17/06/2026, 11:17:57 am [32m    LOG[39m [38;5;3m[NotificationService] [39m[32mDispatching email to ayush.goyal2@s.amity.edu for notice: Research Report Completed: Constitutional validity of reservation policy[39m
[32m[Nest] 23464  - [39m17/06/2026, 11:18:01 am [32m    LOG[39m [38;5;3m[NotificationService] [39m[32mSMTP Email sent successfully to ayush.goyal2@s.amity.edu.[39m
[33m[Nest] 23464  - [39m17/06/2026, 11:18:01 am [33m   WARN[39m [38;5;3m[SupabaseService] [39m[33mProject ref mismatch: URL is for "mydrikssmzzudzqeqroe" but service key is for "knwotyuwjkkuvfwuzseq". Falling back to anon key.[39m
[33m[Nest] 23464  - [39m17/06/2026, 11:18:01 am [33m   WARN[39m [38;5;3m[SupabaseService] [39m[33mProject ref mismatch: URL is for "mydrikssmzzudzqeqroe" but service key is for "knwotyuwjkkuvfwuzseq". Falling back to anon key.[39m
[33m[Nest] 23464  - [39m17/06/2026, 11:18:01 am [33m   WARN[39m [38;5;3m[SupabaseService] [39m[33mSupabase getPreferences failed: connect ECONNREFUSED 127.0.0.1:9. Fallback active.[39m
[33m[Nest] 23464  - [39m17/06/2026, 11:18:01 am [33m   WARN[39m [38;5;3m[SupabaseService] [39m[33mProject ref mismatch: URL is for "mydrikssmzzudzqeqroe" but service key is for "knwotyuwjkkuvfwuzseq". Falling back to anon key.[39m
[33m[Nest] 23464  - [39m17/06/2026, 11:18:01 am [33m   WARN[39m [38;5;3m[SupabaseService] [39m[33mSupabase getUserEmail failed: connect ECONNREFUSED 127.0.0.1:9. Fallback active.[39m
[33m[Nest] 23464  - [39m17/06/2026, 11:18:01 am [33m   WARN[39m [38;5;3m[NotificationService] [39m[33mNo email address resolved for user 2fa8d0a2-3446-4845-8ab5-991dd469110f[39m
[33m[Nest] 23464  - [39m17/06/2026, 11:18:01 am [33m   WARN[39m [38;5;3m[SupabaseService] [39m[33mProject ref mismatch: URL is for "mydrikssmzzudzqeqroe" but service key is for "knwotyuwjkkuvfwuzseq". Falling back to anon key.[39m
[33m[Nest] 23464  - [39m17/06/2026, 11:18:01 am [33m   WARN[39m [38;5;3m[NotificationService] [39m[33mEmail notification 8e2f6f21-c91c-403f-8837-c7e5b1c4999c remains pending for retry.[39m
[33m[Nest] 23464  - [39m17/06/2026, 11:18:01 am [33m   WARN[39m [38;5;3m[SupabaseService] [39m[33mProject ref mismatch: URL is for "mydrikssmzzudzqeqroe" but service key is for "knwotyuwjkkuvfwuzseq". Falling back to anon key.[39m
[33m[Nest] 23464  - [39m17/06/2026, 11:18:01 am [33m   WARN[39m [38;5;3m[SupabaseService] [39m[33mSupabase getPreferences failed: connect ECONNREFUSED 127.0.0.1:9. Fallback active.[39m
[33m[Nest] 23464  - [39m17/06/2026, 11:18:01 am [33m   WARN[39m [38;5;3m[SupabaseService] [39m[33mProject ref mismatch: URL is for "mydrikssmzzudzqeqroe" but service key is for "knwotyuwjkkuvfwuzseq". Falling back to anon key.[39m
[33m[Nest] 23464  - [39m17/06/2026, 11:18:01 am [33m   WARN[39m [38;5;3m[SupabaseService] [39m[33mSupabase getUserEmail failed: connect ECONNREFUSED 127.0.0.1:9. Fallback active.[39m
[33m[Nest] 23464  - [39m17/06/2026, 11:18:01 am [33m   WARN[39m [38;5;3m[NotificationService] [39m[33mNo email address resolved for user 2fa8d0a2-3446-4845-8ab5-991dd469110f[39m
[33m[Nest] 23464  - [39m17/06/2026, 11:18:01 am [33m   WARN[39m [38;5;3m[SupabaseService] [39m[33mProject ref mismatch: URL is for "mydrikssmzzudzqeqroe" but service key is for "knwotyuwjkkuvfwuzseq". Falling back to anon key.[39m
[33m[Nest] 23464  - [39m17/06/2026, 11:18:01 am [33m   WARN[39m [38;5;3m[NotificationService] [39m[33mEmail notification 5072993e-c046-467a-829b-1ba91f42f42b remains pending for retry.[39m
[33m[Nest] 23464  - [39m17/06/2026, 11:18:01 am [33m   WARN[39m [38;5;3m[SupabaseService] [39m[33mProject ref mismatch: URL is for "mydrikssmzzudzqeqroe" but service key is for "knwotyuwjkkuvfwuzseq". Falling back to anon key.[39m
[33m[Nest] 23464  - [39m17/06/2026, 11:18:01 am [33m   WARN[39m [38;5;3m[SupabaseService] [39m[33mSupabase getPreferences failed: connect ECONNREFUSED 127.0.0.1:9. Fallback active.[39m
[33m[Nest] 23464  - [39m17/06/2026, 11:18:01 am [33m   WARN[39m [38;5;3m[SupabaseService] [39m[33mProject ref mismatch: URL is for "mydrikssmzzudzqeqroe" but service key is for "knwotyuwjkkuvfwuzseq". Falling back to anon key.[39m
[33m[Nest] 23464  - [39m17/06/2026, 11:18:01 am [33m   WARN[39m [38;5;3m[SupabaseService] [39m[33mSupabase getUserEmail failed: connect ECONNREFUSED 127.0.0.1:9. Fallback active.[39m
[33m[Nest] 23464  - [39m17/06/2026, 11:18:01 am [33m   WARN[39m [38;5;3m[NotificationService] [39m[33mNo email address resolved for user user_3EwmjaCl5UfguZTH3M8KPZg5AAE[39m
[33m[Nest] 23464  - [39m17/06/2026, 11:18:01 am [33m   WARN[39m [38;5;3m[SupabaseService] [39m[33mProject ref mismatch: URL is for "mydrikssmzzudzqeqroe" but service key is for "knwotyuwjkkuvfwuzseq". Falling back to anon key.[39m
[32m[Nest] 23464  - [39m17/06/2026, 11:18:01 am [32m    LOG[39m [38;5;3m[NotificationService] [39m[32mDispatching browser push to token for user user_3EwmjaCl5UfguZTH3M8KPZg5AAE[39m
[33m[Nest] 23464  - [39m17/06/2026, 11:18:01 am [33m   WARN[39m [38;5;3m[NotificationService] [39m[33mFCM_SERVER_KEY is missing from environment. Browser push notification simulated.[39m
[33m[Nest] 23464  - [39m17/06/2026, 11:18:01 am [33m   WARN[39m [38;5;3m[SupabaseService] [39m[33mProject ref mismatch: URL is for "mydrikssmzzudzqeqroe" but service key is for "knwotyuwjkkuvfwuzseq". Falling back to anon key.[39m
[33m[Nest] 23464  - [39m17/06/2026, 11:18:01 am [33m   WARN[39m [38;5;3m[NotificationService] [39m[33mEmail notification 547c916c-dea1-4990-a9c9-9ccf44151ab3 remains pending for retry.[39m
[33m[Nest] 23464  - [39m17/06/2026, 11:18:01 am [33m   WARN[39m [38;5;3m[SupabaseService] [39m[33mProject ref mismatch: URL is for "mydrikssmzzudzqeqroe" but service key is for "knwotyuwjkkuvfwuzseq". Falling back to anon key.[39m
[33m[Nest] 23464  - [39m17/06/2026, 11:18:01 am [33m   WARN[39m [38;5;3m[SupabaseService] [39m[33mSupabase getPreferences failed: connect ECONNREFUSED 127.0.0.1:9. Fallback active.[39m
[33m[Nest] 23464  - [39m17/06/2026, 11:18:01 am [33m   WARN[39m [38;5;3m[SupabaseService] [39m[33mProject ref mismatch: URL is for "mydrikssmzzudzqeqroe" but service key is for "knwotyuwjkkuvfwuzseq". Falling back to anon key.[39m
[33m[Nest] 23464  - [39m17/06/2026, 11:18:01 am [33m   WARN[39m [38;5;3m[SupabaseService] [39m[33mSupabase getUserEmail failed: connect ECONNREFUSED 127.0.0.1:9. Fallback active.[39m
[33m[Nest] 23464  - [39m17/06/2026, 11:18:01 am [33m   WARN[39m [38;5;3m[NotificationService] [39m[33mNo email address resolved for user user_3EwmjaCl5UfguZTH3M8KPZg5AAE[39m
[33m[Nest] 23464  - [39m17/06/2026, 11:18:01 am [33m   WARN[39m [38;5;3m[SupabaseService] [39m[33mProject ref mismatch: URL is for "mydrikssmzzudzqeqroe" but service key is for "knwotyuwjkkuvfwuzseq". Falling back to anon key.[39m
[32m[Nest] 23464  - [39m17/06/2026, 11:18:01 am [32m    LOG[39m [38;5;3m[NotificationService] [39m[32mDispatching browser push to token for user user_3EwmjaCl5UfguZTH3M8KPZg5AAE[39m
[33m[Nest] 23464  - [39m17/06/2026, 11:18:01 am [33m   WARN[39m [38;5;3m[NotificationService] [39m[33mFCM_SERVER_KEY is missing from environment. Browser push notification simulated.[39m
[33m[Nest] 23464  - [39m17/06/2026, 11:18:01 am [33m   WARN[39m [38;5;3m[SupabaseService] [39m[33mProject ref mismatch: URL is for "mydrikssmzzudzqeqroe" but service key is for "knwotyuwjkkuvfwuzseq". Falling back to anon key.[39m
[33m[Nest] 23464  - [39m17/06/2026, 11:18:01 am [33m   WARN[39m [38;5;3m[NotificationService] [39m[33mEmail notification 925cd5f3-914a-409e-9197-d2969f4b0a94 remains pending for retry.[39m
[32m[Nest] 23464  - [39m17/06/2026, 11:18:14 am [32m    LOG[39m [38;5;3m[FounderSecurityService] [39m[32m[FOUNDER SECURITY] Login detected: eventType=ADMIN_LOGIN_ATTEMPT, actorId=LEGATRIXON20, actorEmail=admin-console@legatrixon.local, ip=::1[39m
[33m[Nest] 23464  - [39m17/06/2026, 11:18:57 am [33m   WARN[39m [38;5;3m[SupabaseService] [39m[33mProject ref mismatch: URL is for "mydrikssmzzudzqeqroe" but service key is for "knwotyuwjkkuvfwuzseq". Falling back to anon key.[39m
[33m[Nest] 23464  - [39m17/06/2026, 11:18:57 am [33m   WARN[39m [38;5;3m[SupabaseService] [39m[33mSupabase getPreferences failed: connect ECONNREFUSED 127.0.0.1:9. Fallback active.[39m
[33m[Nest] 23464  - [39m17/06/2026, 11:18:57 am [33m   WARN[39m [38;5;3m[SupabaseService] [39m[33mProject ref mismatch: URL is for "mydrikssmzzudzqeqroe" but service key is for "knwotyuwjkkuvfwuzseq". Falling back to anon key.[39m
[33m[Nest] 23464  - [39m17/06/2026, 11:18:57 am [33m   WARN[39m [38;5;3m[SupabaseService] [39m[33mSupabase getPreferences failed: connect ECONNREFUSED 127.0.0.1:9. Fallback active.[39m
[32m[Nest] 23464  - [39m17/06/2026, 11:18:57 am [32m    LOG[39m [38;5;3m[NotificationService] [39m[32mChecking upcoming exams for reminder triggers at 2026-06-17T05:48:57.361Z[39m
[33m[Nest] 23464  - [39m17/06/2026, 11:18:57 am [33m   WARN[39m [38;5;3m[SupabaseService] [39m[33mProject ref mismatch: URL is for "mydrikssmzzudzqeqroe" but service key is for "knwotyuwjkkuvfwuzseq". Falling back to anon key.[39m
[33m[Nest] 23464  - [39m17/06/2026, 11:18:57 am [33m   WARN[39m [38;5;3m[NotificationService] [39m[33mFailed to fetch due exam reminders from Supabase: connect ECONNREFUSED 127.0.0.1:9[39m
[33m[Nest] 23464  - [39m17/06/2026, 11:18:57 am [33m   WARN[39m [38;5;3m[SupabaseService] [39m[33mProject ref mismatch: URL is for "mydrikssmzzudzqeqroe" but service key is for "knwotyuwjkkuvfwuzseq". Falling back to anon key.[39m
[33m[Nest] 23464  - [39m17/06/2026, 11:18:57 am [33m   WARN[39m [38;5;3m[SupabaseService] [39m[33mSupabase getPendingNotifications failed: connect ECONNREFUSED 127.0.0.1:9. Fallback active.[39m
[33m[Nest] 23464  - [39m17/06/2026, 11:18:57 am [33m   WARN[39m [38;5;3m[SupabaseService] [39m[33mProject ref mismatch: URL is for "mydrikssmzzudzqeqroe" but service key is for "knwotyuwjkkuvfwuzseq". Falling back to anon key.[39m
[33m[Nest] 23464  - [39m17/06/2026, 11:18:57 am [33m   WARN[39m [38;5;3m[SupabaseService] [39m[33mSupabase getPreferences failed: connect ECONNREFUSED 127.0.0.1:9. Fallback active.[39m
[33m[Nest] 23464  - [39m17/06/2026, 11:18:57 am [33m   WARN[39m [38;5;3m[SupabaseService] [39m[33mProject ref mismatch: URL is for "mydrikssmzzudzqeqroe" but service key is for "knwotyuwjkkuvfwuzseq". Falling back to anon key.[39m
[33m[Nest] 23464  - [39m17/06/2026, 11:18:57 am [33m   WARN[39m [38;5;3m[SupabaseService] [39m[33mSupabase getUserEmail failed: connect ECONNREFUSED 127.0.0.1:9. Fallback active.[39m
[32m[Nest] 23464  - [39m17/06/2026, 11:18:57 am [32m    LOG[39m [38;5;3m[NotificationService] [39m[32mDispatching email to ayush.goyal2@s.amity.edu for notice: Research Report Completed: Constitutional validity of reservation policy[39m
[32m[Nest] 23464  - [39m17/06/2026, 11:19:01 am [32m    LOG[39m [38;5;3m[NotificationService] [39m[32mSMTP Email sent successfully to ayush.goyal2@s.amity.edu.[39m
[33m[Nest] 23464  - [39m17/06/2026, 11:19:01 am [33m   WARN[39m [38;5;3m[SupabaseService] [39m[33mProject ref mismatch: URL is for "mydrikssmzzudzqeqroe" but service key is for "knwotyuwjkkuvfwuzseq". Falling back to anon key.[39m
[33m[Nest] 23464  - [39m17/06/2026, 11:19:01 am [33m   WARN[39m [38;5;3m[SupabaseService] [39m[33mProject ref mismatch: URL is for "mydrikssmzzudzqeqroe" but service key is for "knwotyuwjkkuvfwuzseq". Falling back to anon key.[39m
[33m[Nest] 23464  - [39m17/06/2026, 11:19:01 am [33m   WARN[39m [38;5;3m[SupabaseService] [39m[33mSupabase getPreferences failed: connect ECONNREFUSED 127.0.0.1:9. Fallback active.[39m
[33m[Nest] 23464  - [39m17/06/2026, 11:19:01 am [33m   WARN[39m [38;5;3m[SupabaseService] [39m[33mProject ref mismatch: URL is for "mydrikssmzzudzqeqroe" but service key is for "knwotyuwjkkuvfwuzseq". Falling back to anon key.[39m
[33m[Nest] 23464  - [39m17/06/2026, 11:19:01 am [33m   WARN[39m [38;5;3m[SupabaseService] [39m[33mSupabase getUserEmail failed: connect ECONNREFUSED 127.0.0.1:9. Fallback active.[39m
[33m[Nest] 23464  - [39m17/06/2026, 11:19:01 am [33m   WARN[39m [38;5;3m[NotificationService] [39m[33mNo email address resolved for user 2fa8d0a2-3446-4845-8ab5-991dd469110f[39m
[33m[Nest] 23464  - [39m17/06/2026, 11:19:01 am [33m   WARN[39m [38;5;3m[SupabaseService] [39m[33mProject ref mismatch: URL is for "mydrikssmzzudzqeqroe" but service key is for "knwotyuwjkkuvfwuzseq". Falling back to anon key.[39m
[33m[Nest] 23464  - [39m17/06/2026, 11:19:01 am [33m   WARN[39m [38;5;3m[NotificationService] [39m[33mEmail notification 8e2f6f21-c91c-403f-8837-c7e5b1c4999c remains pending for retry.[39m
[33m[Nest] 23464  - [39m17/06/2026, 11:19:01 am [33m   WARN[39m [38;5;3m[SupabaseService] [39m[33mProject ref mismatch: URL is for "mydrikssmzzudzqeqroe" but service key is for "knwotyuwjkkuvfwuzseq". Falling back to anon key.[39m
[33m[Nest] 23464  - [39m17/06/2026, 11:19:01 am [33m   WARN[39m [38;5;3m[SupabaseService] [39m[33mSupabase getPreferences failed: connect ECONNREFUSED 127.0.0.1:9. Fallback active.[39m
[33m[Nest] 23464  - [39m17/06/2026, 11:19:01 am [33m   WARN[39m [38;5;3m[SupabaseService] [39m[33mProject ref mismatch: URL is for "mydrikssmzzudzqeqroe" but service key is for "knwotyuwjkkuvfwuzseq". Falling back to anon key.[39m
[33m[Nest] 23464  - [39m17/06/2026, 11:19:01 am [33m   WARN[39m [38;5;3m[SupabaseService] [39m[33mSupabase getUserEmail failed: connect ECONNREFUSED 127.0.0.1:9. Fallback active.[39m
[33m[Nest] 23464  - [39m17/06/2026, 11:19:01 am [33m   WARN[39m [38;5;3m[NotificationService] [39m[33mNo email address resolved for user 2fa8d0a2-3446-4845-8ab5-991dd469110f[39m
[33m[Nest] 23464  - [39m17/06/2026, 11:19:01 am [33m   WARN[39m [38;5;3m[SupabaseService] [39m[33mProject ref mismatch: URL is for "mydrikssmzzudzqeqroe" but service key is for "knwotyuwjkkuvfwuzseq". Falling back to anon key.[39m
[33m[Nest] 23464  - [39m17/06/2026, 11:19:01 am [33m   WARN[39m [38;5;3m[NotificationService] [39m[33mEmail notification 5072993e-c046-467a-829b-1ba91f42f42b remains pending for retry.[39m
[33m[Nest] 23464  - [39m17/06/2026, 11:19:01 am [33m   WARN[39m [38;5;3m[SupabaseService] [39m[33mProject ref mismatch: URL is for "mydrikssmzzudzqeqroe" but service key is for "knwotyuwjkkuvfwuzseq". Falling back to anon key.[39m
[33m[Nest] 23464  - [39m17/06/2026, 11:19:01 am [33m   WARN[39m [38;5;3m[SupabaseService] [39m[33mSupabase getPreferences failed: connect ECONNREFUSED 127.0.0.1:9. Fallback active.[39m
[33m[Nest] 23464  - [39m17/06/2026, 11:19:01 am [33m   WARN[39m [38;5;3m[SupabaseService] [39m[33mProject ref mismatch: URL is for "mydrikssmzzudzqeqroe" but service key is for "knwotyuwjkkuvfwuzseq". Falling back to anon key.[39m
[33m[Nest] 23464  - [39m17/06/2026, 11:19:01 am [33m   WARN[39m [38;5;3m[SupabaseService] [39m[33mSupabase getUserEmail failed: connect ECONNREFUSED 127.0.0.1:9. Fallback active.[39m
[33m[Nest] 23464  - [39m17/06/2026, 11:19:01 am [33m   WARN[39m [38;5;3m[NotificationService] [39m[33mNo email address resolved for user user_3EwmjaCl5UfguZTH3M8KPZg5AAE[39m
[33m[Nest] 23464  - [39m17/06/2026, 11:19:01 am [33m   WARN[39m [38;5;3m[SupabaseService] [39m[33mProject ref mismatch: URL is for "mydrikssmzzudzqeqroe" but service key is for "knwotyuwjkkuvfwuzseq". Falling back to anon key.[39m
[32m[Nest] 23464  - [39m17/06/2026, 11:19:01 am [32m    LOG[39m [38;5;3m[NotificationService] [39m[32mDispatching browser push to token for user user_3EwmjaCl5UfguZTH3M8KPZg5AAE[39m
[33m[Nest] 23464  - [39m17/06/2026, 11:19:01 am [33m   WARN[39m [38;5;3m[NotificationService] [39m[33mFCM_SERVER_KEY is missing from environment. Browser push notification simulated.[39m
[33m[Nest] 23464  - [39m17/06/2026, 11:19:01 am [33m   WARN[39m [38;5;3m[SupabaseService] [39m[33mProject ref mismatch: URL is for "mydrikssmzzudzqeqroe" but service key is for "knwotyuwjkkuvfwuzseq". Falling back to anon key.[39m
[33m[Nest] 23464  - [39m17/06/2026, 11:19:01 am [33m   WARN[39m [38;5;3m[NotificationService] [39m[33mEmail notification 547c916c-dea1-4990-a9c9-9ccf44151ab3 remains pending for retry.[39m
[33m[Nest] 23464  - [39m17/06/2026, 11:19:01 am [33m   WARN[39m [38;5;3m[SupabaseService] [39m[33mProject ref mismatch: URL is for "mydrikssmzzudzqeqroe" but service key is for "knwotyuwjkkuvfwuzseq". Falling back to anon key.[39m
[33m[Nest] 23464  - [39m17/06/2026, 11:19:01 am [33m   WARN[39m [38;5;3m[SupabaseService] [39m[33mSupabase getPreferences failed: connect ECONNREFUSED 127.0.0.1:9. Fallback active.[39m
[33m[Nest] 23464  - [39m17/06/2026, 11:19:01 am [33m   WARN[39m [38;5;3m[SupabaseService] [39m[33mProject ref mismatch: URL is for "mydrikssmzzudzqeqroe" but service key is for "knwotyuwjkkuvfwuzseq". Falling back to anon key.[39m
[33m[Nest] 23464  - [39m17/06/2026, 11:19:01 am [33m   WARN[39m [38;5;3m[SupabaseService] [39m[33mSupabase getUserEmail failed: connect ECONNREFUSED 127.0.0.1:9. Fallback active.[39m
[33m[Nest] 23464  - [39m17/06/2026, 11:19:01 am [33m   WARN[39m [38;5;3m[NotificationService] [39m[33mNo email address resolved for user user_3EwmjaCl5UfguZTH3M8KPZg5AAE[39m
[33m[Nest] 23464  - [39m17/06/2026, 11:19:01 am [33m   WARN[39m [38;5;3m[SupabaseService] [39m[33mProject ref mismatch: URL is for "mydrikssmzzudzqeqroe" but service key is for "knwotyuwjkkuvfwuzseq". Falling back to anon key.[39m
[32m[Nest] 23464  - [39m17/06/2026, 11:19:01 am [32m    LOG[39m [38;5;3m[NotificationService] [39m[32mDispatching browser push to token for user user_3EwmjaCl5UfguZTH3M8KPZg5AAE[39m
[33m[Nest] 23464  - [39m17/06/2026, 11:19:01 am [33m   WARN[39m [38;5;3m[NotificationService] [39m[33mFCM_SERVER_KEY is missing from environment. Browser push notification simulated.[39m
[33m[Nest] 23464  - [39m17/06/2026, 11:19:01 am [33m   WARN[39m [38;5;3m[SupabaseService] [39m[33mProject ref mismatch: URL is for "mydrikssmzzudzqeqroe" but service key is for "knwotyuwjkkuvfwuzseq". Falling back to anon key.[39m
[33m[Nest] 23464  - [39m17/06/2026, 11:19:01 am [33m   WARN[39m [38;5;3m[NotificationService] [39m[33mEmail notification 925cd5f3-914a-409e-9197-d2969f4b0a94 remains pending for retry.[39m
[33m[Nest] 23464  - [39m17/06/2026, 11:19:57 am [33m   WARN[39m [38;5;3m[SupabaseService] [39m[33mProject ref mismatch: URL is for "mydrikssmzzudzqeqroe" but service key is for "knwotyuwjkkuvfwuzseq". Falling back to anon key.[39m
[33m[Nest] 23464  - [39m17/06/2026, 11:19:57 am [33m   WARN[39m [38;5;3m[SupabaseService] [39m[33mSupabase getPreferences failed: connect ECONNREFUSED 127.0.0.1:9. Fallback active.[39m
[33m[Nest] 23464  - [39m17/06/2026, 11:19:57 am [33m   WARN[39m [38;5;3m[SupabaseService] [39m[33mProject ref mismatch: URL is for "mydrikssmzzudzqeqroe" but service key is for "knwotyuwjkkuvfwuzseq". Falling back to anon key.[39m
[33m[Nest] 23464  - [39m17/06/2026, 11:19:57 am [33m   WARN[39m [38;5;3m[SupabaseService] [39m[33mSupabase getPreferences failed: connect ECONNREFUSED 127.0.0.1:9. Fallback active.[39m
[32m[Nest] 23464  - [39m17/06/2026, 11:19:57 am [32m    LOG[39m [38;5;3m[NotificationService] [39m[32mChecking upcoming exams for reminder triggers at 2026-06-17T05:49:57.362Z[39m
[33m[Nest] 23464  - [39m17/06/2026, 11:19:57 am [33m   WARN[39m [38;5;3m[SupabaseService] [39m[33mProject ref mismatch: URL is for "mydrikssmzzudzqeqroe" but service key is for "knwotyuwjkkuvfwuzseq". Falling back to anon key.[39m
[33m[Nest] 23464  - [39m17/06/2026, 11:19:57 am [33m   WARN[39m [38;5;3m[NotificationService] [39m[33mFailed to fetch due exam reminders from Supabase: connect ECONNREFUSED 127.0.0.1:9[39m
[33m[Nest] 23464  - [39m17/06/2026, 11:19:57 am [33m   WARN[39m [38;5;3m[SupabaseService] [39m[33mProject ref mismatch: URL is for "mydrikssmzzudzqeqroe" but service key is for "knwotyuwjkkuvfwuzseq". Falling back to anon key.[39m
[33m[Nest] 23464  - [39m17/06/2026, 11:19:57 am [33m   WARN[39m [38;5;3m[SupabaseService] [39m[33mSupabase getPendingNotifications failed: connect ECONNREFUSED 127.0.0.1:9. Fallback active.[39m
[33m[Nest] 23464  - [39m17/06/2026, 11:19:57 am [33m   WARN[39m [38;5;3m[SupabaseService] [39m[33mProject ref mismatch: URL is for "mydrikssmzzudzqeqroe" but service key is for "knwotyuwjkkuvfwuzseq". Falling back to anon key.[39m
[33m[Nest] 23464  - [39m17/06/2026, 11:19:57 am [33m   WARN[39m [38;5;3m[SupabaseService] [39m[33mSupabase getPreferences failed: connect ECONNREFUSED 127.0.0.1:9. Fallback active.[39m
[33m[Nest] 23464  - [39m17/06/2026, 11:19:57 am [33m   WARN[39m [38;5;3m[SupabaseService] [39m[33mProject ref mismatch: URL is for "mydrikssmzzudzqeqroe" but service key is for "knwotyuwjkkuvfwuzseq". Falling back to anon key.[39m
[33m[Nest] 23464  - [39m17/06/2026, 11:19:57 am [33m   WARN[39m [38;5;3m[SupabaseService] [39m[33mSupabase getUserEmail failed: connect ECONNREFUSED 127.0.0.1:9. Fallback active.[39m
[32m[Nest] 23464  - [39m17/06/2026, 11:19:57 am [32m    LOG[39m [38;5;3m[NotificationService] [39m[32mDispatching email to ayush.goyal2@s.amity.edu for notice: Research Report Completed: Constitutional validity of reservation policy[39m
[32m[Nest] 23464  - [39m17/06/2026, 11:20:01 am [32m    LOG[39m [38;5;3m[NotificationService] [39m[32mSMTP Email sent successfully to ayush.goyal2@s.amity.edu.[39m
[33m[Nest] 23464  - [39m17/06/2026, 11:20:01 am [33m   WARN[39m [38;5;3m[SupabaseService] [39m[33mProject ref mismatch: URL is for "mydrikssmzzudzqeqroe" but service key is for "knwotyuwjkkuvfwuzseq". Falling back to anon key.[39m
[33m[Nest] 23464  - [39m17/06/2026, 11:20:01 am [33m   WARN[39m [38;5;3m[SupabaseService] [39m[33mProject ref mismatch: URL is for "mydrikssmzzudzqeqroe" but service key is for "knwotyuwjkkuvfwuzseq". Falling back to anon key.[39m
[33m[Nest] 23464  - [39m17/06/2026, 11:20:01 am [33m   WARN[39m [38;5;3m[SupabaseService] [39m[33mSupabase getPreferences failed: connect ECONNREFUSED 127.0.0.1:9. Fallback active.[39m
[33m[Nest] 23464  - [39m17/06/2026, 11:20:01 am [33m   WARN[39m [38;5;3m[SupabaseService] [39m[33mProject ref mismatch: URL is for "mydrikssmzzudzqeqroe" but service key is for "knwotyuwjkkuvfwuzseq". Falling back to anon key.[39m
[33m[Nest] 23464  - [39m17/06/2026, 11:20:01 am [33m   WARN[39m [38;5;3m[SupabaseService] [39m[33mSupabase getUserEmail failed: connect ECONNREFUSED 127.0.0.1:9. Fallback active.[39m
[33m[Nest] 23464  - [39m17/06/2026, 11:20:01 am [33m   WARN[39m [38;5;3m[NotificationService] [39m[33mNo email address resolved for user 2fa8d0a2-3446-4845-8ab5-991dd469110f[39m
[33m[Nest] 23464  - [39m17/06/2026, 11:20:01 am [33m   WARN[39m [38;5;3m[SupabaseService] [39m[33mProject ref mismatch: URL is for "mydrikssmzzudzqeqroe" but service key is for "knwotyuwjkkuvfwuzseq". Falling back to anon key.[39m
[33m[Nest] 23464  - [39m17/06/2026, 11:20:01 am [33m   WARN[39m [38;5;3m[NotificationService] [39m[33mEmail notification 8e2f6f21-c91c-403f-8837-c7e5b1c4999c remains pending for retry.[39m
[33m[Nest] 23464  - [39m17/06/2026, 11:20:01 am [33m   WARN[39m [38;5;3m[SupabaseService] [39m[33mProject ref mismatch: URL is for "mydrikssmzzudzqeqroe" but service key is for "knwotyuwjkkuvfwuzseq". Falling back to anon key.[39m
[33m[Nest] 23464  - [39m17/06/2026, 11:20:01 am [33m   WARN[39m [38;5;3m[SupabaseService] [39m[33mSupabase getPreferences failed: connect ECONNREFUSED 127.0.0.1:9. Fallback active.[39m
[33m[Nest] 23464  - [39m17/06/2026, 11:20:01 am [33m   WARN[39m [38;5;3m[SupabaseService] [39m[33mProject ref mismatch: URL is for "mydrikssmzzudzqeqroe" but service key is for "knwotyuwjkkuvfwuzseq". Falling back to anon key.[39m
[33m[Nest] 23464  - [39m17/06/2026, 11:20:01 am [33m   WARN[39m [38;5;3m[SupabaseService] [39m[33mSupabase getUserEmail failed: connect ECONNREFUSED 127.0.0.1:9. Fallback active.[39m
[33m[Nest] 23464  - [39m17/06/2026, 11:20:01 am [33m   WARN[39m [38;5;3m[NotificationService] [39m[33mNo email address resolved for user 2fa8d0a2-3446-4845-8ab5-991dd469110f[39m
[33m[Nest] 23464  - [39m17/06/2026, 11:20:01 am [33m   WARN[39m [38;5;3m[SupabaseService] [39m[33mProject ref mismatch: URL is for "mydrikssmzzudzqeqroe" but service key is for "knwotyuwjkkuvfwuzseq". Falling back to anon key.[39m
[33m[Nest] 23464  - [39m17/06/2026, 11:20:01 am [33m   WARN[39m [38;5;3m[NotificationService] [39m[33mEmail notification 5072993e-c046-467a-829b-1ba91f42f42b remains pending for retry.[39m
[33m[Nest] 23464  - [39m17/06/2026, 11:20:01 am [33m   WARN[39m [38;5;3m[SupabaseService] [39m[33mProject ref mismatch: URL is for "mydrikssmzzudzqeqroe" but service key is for "knwotyuwjkkuvfwuzseq". Falling back to anon key.[39m
[33m[Nest] 23464  - [39m17/06/2026, 11:20:01 am [33m   WARN[39m [38;5;3m[SupabaseService] [39m[33mSupabase getPreferences failed: connect ECONNREFUSED 127.0.0.1:9. Fallback active.[39m
[33m[Nest] 23464  - [39m17/06/2026, 11:20:01 am [33m   WARN[39m [38;5;3m[SupabaseService] [39m[33mProject ref mismatch: URL is for "mydrikssmzzudzqeqroe" but service key is for "knwotyuwjkkuvfwuzseq". Falling back to anon key.[39m
[33m[Nest] 23464  - [39m17/06/2026, 11:20:01 am [33m   WARN[39m [38;5;3m[SupabaseService] [39m[33mSupabase getUserEmail failed: connect ECONNREFUSED 127.0.0.1:9. Fallback active.[39m
[33m[Nest] 23464  - [39m17/06/2026, 11:20:01 am [33m   WARN[39m [38;5;3m[NotificationService] [39m[33mNo email address resolved for user user_3EwmjaCl5UfguZTH3M8KPZg5AAE[39m
[33m[Nest] 23464  - [39m17/06/2026, 11:20:01 am [33m   WARN[39m [38;5;3m[SupabaseService] [39m[33mProject ref mismatch: URL is for "mydrikssmzzudzqeqroe" but service key is for "knwotyuwjkkuvfwuzseq". Falling back to anon key.[39m
[32m[Nest] 23464  - [39m17/06/2026, 11:20:01 am [32m    LOG[39m [38;5;3m[NotificationService] [39m[32mDispatching browser push to token for user user_3EwmjaCl5UfguZTH3M8KPZg5AAE[39m
[33m[Nest] 23464  - [39m17/06/2026, 11:20:01 am [33m   WARN[39m [38;5;3m[NotificationService] [39m[33mFCM_SERVER_KEY is missing from environment. Browser push notification simulated.[39m
[33m[Nest] 23464  - [39m17/06/2026, 11:20:01 am [33m   WARN[39m [38;5;3m[SupabaseService] [39m[33mProject ref mismatch: URL is for "mydrikssmzzudzqeqroe" but service key is for "knwotyuwjkkuvfwuzseq". Falling back to anon key.[39m
[33m[Nest] 23464  - [39m17/06/2026, 11:20:01 am [33m   WARN[39m [38;5;3m[NotificationService] [39m[33mEmail notification 547c916c-dea1-4990-a9c9-9ccf44151ab3 remains pending for retry.[39m
[33m[Nest] 23464  - [39m17/06/2026, 11:20:01 am [33m   WARN[39m [38;5;3m[SupabaseService] [39m[33mProject ref mismatch: URL is for "mydrikssmzzudzqeqroe" but service key is for "knwotyuwjkkuvfwuzseq". Falling back to anon key.[39m
[33m[Nest] 23464  - [39m17/06/2026, 11:20:01 am [33m   WARN[39m [38;5;3m[SupabaseService] [39m[33mSupabase getPreferences failed: connect ECONNREFUSED 127.0.0.1:9. Fallback active.[39m
[33m[Nest] 23464  - [39m17/06/2026, 11:20:01 am [33m   WARN[39m [38;5;3m[SupabaseService] [39m[33mProject ref mismatch: URL is for "mydrikssmzzudzqeqroe" but service key is for "knwotyuwjkkuvfwuzseq". Falling back to anon key.[39m
[33m[Nest] 23464  - [39m17/06/2026, 11:20:01 am [33m   WARN[39m [38;5;3m[SupabaseService] [39m[33mSupabase getUserEmail failed: connect ECONNREFUSED 127.0.0.1:9. Fallback active.[39m
[33m[Nest] 23464  - [39m17/06/2026, 11:20:01 am [33m   WARN[39m [38;5;3m[NotificationService] [39m[33mNo email address resolved for user user_3EwmjaCl5UfguZTH3M8KPZg5AAE[39m
[33m[Nest] 23464  - [39m17/06/2026, 11:20:01 am [33m   WARN[39m [38;5;3m[SupabaseService] [39m[33mProject ref mismatch: URL is for "mydrikssmzzudzqeqroe" but service key is for "knwotyuwjkkuvfwuzseq". Falling back to anon key.[39m
[32m[Nest] 23464  - [39m17/06/2026, 11:20:01 am [32m    LOG[39m [38;5;3m[NotificationService] [39m[32mDispatching browser push to token for user user_3EwmjaCl5UfguZTH3M8KPZg5AAE[39m
[33m[Nest] 23464  - [39m17/06/2026, 11:20:01 am [33m   WARN[39m [38;5;3m[NotificationService] [39m[33mFCM_SERVER_KEY is missing from environment. Browser push notification simulated.[39m
[33m[Nest] 23464  - [39m17/06/2026, 11:20:01 am [33m   WARN[39m [38;5;3m[SupabaseService] [39m[33mProject ref mismatch: URL is for "mydrikssmzzudzqeqroe" but service key is for "knwotyuwjkkuvfwuzseq". Falling back to anon key.[39m
[33m[Nest] 23464  - [39m17/06/2026, 11:20:01 am [33m   WARN[39m [38;5;3m[NotificationService] [39m[33mEmail notification 925cd5f3-914a-409e-9197-d2969f4b0a94 remains pending for retry.[39m
[33m[Nest] 23464  - [39m17/06/2026, 11:20:57 am [33m   WARN[39m [38;5;3m[SupabaseService] [39m[33mProject ref mismatch: URL is for "mydrikssmzzudzqeqroe" but service key is for "knwotyuwjkkuvfwuzseq". Falling back to anon key.[39m
[33m[Nest] 23464  - [39m17/06/2026, 11:20:57 am [33m   WARN[39m [38;5;3m[SupabaseService] [39m[33mSupabase getPreferences failed: connect ECONNREFUSED 127.0.0.1:9. Fallback active.[39m
[33m[Nest] 23464  - [39m17/06/2026, 11:20:57 am [33m   WARN[39m [38;5;3m[SupabaseService] [39m[33mProject ref mismatch: URL is for "mydrikssmzzudzqeqroe" but service key is for "knwotyuwjkkuvfwuzseq". Falling back to anon key.[39m
[33m[Nest] 23464  - [39m17/06/2026, 11:20:57 am [33m   WARN[39m [38;5;3m[SupabaseService] [39m[33mSupabase getPreferences failed: connect ECONNREFUSED 127.0.0.1:9. Fallback active.[39m
[32m[Nest] 23464  - [39m17/06/2026, 11:20:57 am [32m    LOG[39m [38;5;3m[NotificationService] [39m[32mChecking upcoming exams for reminder triggers at 2026-06-17T05:50:57.370Z[39m
[33m[Nest] 23464  - [39m17/06/2026, 11:20:57 am [33m   WARN[39m [38;5;3m[SupabaseService] [39m[33mProject ref mismatch: URL is for "mydrikssmzzudzqeqroe" but service key is for "knwotyuwjkkuvfwuzseq". Falling back to anon key.[39m
[33m[Nest] 23464  - [39m17/06/2026, 11:20:57 am [33m   WARN[39m [38;5;3m[NotificationService] [39m[33mFailed to fetch due exam reminders from Supabase: connect ECONNREFUSED 127.0.0.1:9[39m
[33m[Nest] 23464  - [39m17/06/2026, 11:20:57 am [33m   WARN[39m [38;5;3m[SupabaseService] [39m[33mProject ref mismatch: URL is for "mydrikssmzzudzqeqroe" but service key is for "knwotyuwjkkuvfwuzseq". Falling back to anon key.[39m
[33m[Nest] 23464  - [39m17/06/2026, 11:20:57 am [33m   WARN[39m [38;5;3m[SupabaseService] [39m[33mSupabase getPendingNotifications failed: connect ECONNREFUSED 127.0.0.1:9. Fallback active.[39m
[33m[Nest] 23464  - [39m17/06/2026, 11:20:57 am [33m   WARN[39m [38;5;3m[SupabaseService] [39m[33mProject ref mismatch: URL is for "mydrikssmzzudzqeqroe" but service key is for "knwotyuwjkkuvfwuzseq". Falling back to anon key.[39m
[33m[Nest] 23464  - [39m17/06/2026, 11:20:57 am [33m   WARN[39m [38;5;3m[SupabaseService] [39m[33mSupabase getPreferences failed: connect ECONNREFUSED 127.0.0.1:9. Fallback active.[39m
[33m[Nest] 23464  - [39m17/06/2026, 11:20:57 am [33m   WARN[39m [38;5;3m[SupabaseService] [39m[33mProject ref mismatch: URL is for "mydrikssmzzudzqeqroe" but service key is for "knwotyuwjkkuvfwuzseq". Falling back to anon key.[39m
[33m[Nest] 23464  - [39m17/06/2026, 11:20:57 am [33m   WARN[39m [38;5;3m[SupabaseService] [39m[33mSupabase getUserEmail failed: connect ECONNREFUSED 127.0.0.1:9. Fallback active.[39m
[32m[Nest] 23464  - [39m17/06/2026, 11:20:57 am [32m    LOG[39m [38;5;3m[NotificationService] [39m[32mDispatching email to ayush.goyal2@s.amity.edu for notice: Research Report Completed: Constitutional validity of reservation policy[39m
[32m[Nest] 23464  - [39m17/06/2026, 11:21:01 am [32m    LOG[39m [38;5;3m[NotificationService] [39m[32mSMTP Email sent successfully to ayush.goyal2@s.amity.edu.[39m
[33m[Nest] 23464  - [39m17/06/2026, 11:21:01 am [33m   WARN[39m [38;5;3m[SupabaseService] [39m[33mProject ref mismatch: URL is for "mydrikssmzzudzqeqroe" but service key is for "knwotyuwjkkuvfwuzseq". Falling back to anon key.[39m
[33m[Nest] 23464  - [39m17/06/2026, 11:21:01 am [33m   WARN[39m [38;5;3m[SupabaseService] [39m[33mProject ref mismatch: URL is for "mydrikssmzzudzqeqroe" but service key is for "knwotyuwjkkuvfwuzseq". Falling back to anon key.[39m
[33m[Nest] 23464  - [39m17/06/2026, 11:21:01 am [33m   WARN[39m [38;5;3m[SupabaseService] [39m[33mSupabase getPreferences failed: connect ECONNREFUSED 127.0.0.1:9. Fallback active.[39m
[33m[Nest] 23464  - [39m17/06/2026, 11:21:01 am [33m   WARN[39m [38;5;3m[SupabaseService] [39m[33mProject ref mismatch: URL is for "mydrikssmzzudzqeqroe" but service key is for "knwotyuwjkkuvfwuzseq". Falling back to anon key.[39m
[33m[Nest] 23464  - [39m17/06/2026, 11:21:01 am [33m   WARN[39m [38;5;3m[SupabaseService] [39m[33mSupabase getUserEmail failed: connect ECONNREFUSED 127.0.0.1:9. Fallback active.[39m
[33m[Nest] 23464  - [39m17/06/2026, 11:21:01 am [33m   WARN[39m [38;5;3m[NotificationService] [39m[33mNo email address resolved for user 2fa8d0a2-3446-4845-8ab5-991dd469110f[39m
[33m[Nest] 23464  - [39m17/06/2026, 11:21:01 am [33m   WARN[39m [38;5;3m[SupabaseService] [39m[33mProject ref mismatch: URL is for "mydrikssmzzudzqeqroe" but service key is for "knwotyuwjkkuvfwuzseq". Falling back to anon key.[39m
[33m[Nest] 23464  - [39m17/06/2026, 11:21:01 am [33m   WARN[39m [38;5;3m[NotificationService] [39m[33mEmail notification 8e2f6f21-c91c-403f-8837-c7e5b1c4999c remains pending for retry.[39m
[33m[Nest] 23464  - [39m17/06/2026, 11:21:01 am [33m   WARN[39m [38;5;3m[SupabaseService] [39m[33mProject ref mismatch: URL is for "mydrikssmzzudzqeqroe" but service key is for "knwotyuwjkkuvfwuzseq". Falling back to anon key.[39m
[33m[Nest] 23464  - [39m17/06/2026, 11:21:01 am [33m   WARN[39m [38;5;3m[SupabaseService] [39m[33mSupabase getPreferences failed: connect ECONNREFUSED 127.0.0.1:9. Fallback active.[39m
[33m[Nest] 23464  - [39m17/06/2026, 11:21:01 am [33m   WARN[39m [38;5;3m[SupabaseService] [39m[33mProject ref mismatch: URL is for "mydrikssmzzudzqeqroe" but service key is for "knwotyuwjkkuvfwuzseq". Falling back to anon key.[39m
[33m[Nest] 23464  - [39m17/06/2026, 11:21:01 am [33m   WARN[39m [38;5;3m[SupabaseService] [39m[33mSupabase getUserEmail failed: connect ECONNREFUSED 127.0.0.1:9. Fallback active.[39m
[33m[Nest] 23464  - [39m17/06/2026, 11:21:01 am [33m   WARN[39m [38;5;3m[NotificationService] [39m[33mNo email address resolved for user 2fa8d0a2-3446-4845-8ab5-991dd469110f[39m
[33m[Nest] 23464  - [39m17/06/2026, 11:21:01 am [33m   WARN[39m [38;5;3m[SupabaseService] [39m[33mProject ref mismatch: URL is for "mydrikssmzzudzqeqroe" but service key is for "knwotyuwjkkuvfwuzseq". Falling back to anon key.[39m
[33m[Nest] 23464  - [39m17/06/2026, 11:21:01 am [33m   WARN[39m [38;5;3m[NotificationService] [39m[33mEmail notification 5072993e-c046-467a-829b-1ba91f42f42b remains pending for retry.[39m
[33m[Nest] 23464  - [39m17/06/2026, 11:21:01 am [33m   WARN[39m [38;5;3m[SupabaseService] [39m[33mProject ref mismatch: URL is for "mydrikssmzzudzqeqroe" but service key is for "knwotyuwjkkuvfwuzseq". Falling back to anon key.[39m
[33m[Nest] 23464  - [39m17/06/2026, 11:21:01 am [33m   WARN[39m [38;5;3m[SupabaseService] [39m[33mSupabase getPreferences failed: connect ECONNREFUSED 127.0.0.1:9. Fallback active.[39m
[33m[Nest] 23464  - [39m17/06/2026, 11:21:01 am [33m   WARN[39m [38;5;3m[SupabaseService] [39m[33mProject ref mismatch: URL is for "mydrikssmzzudzqeqroe" but service key is for "knwotyuwjkkuvfwuzseq". Falling back to anon key.[39m
[33m[Nest] 23464  - [39m17/06/2026, 11:21:01 am [33m   WARN[39m [38;5;3m[SupabaseService] [39m[33mSupabase getUserEmail failed: connect ECONNREFUSED 127.0.0.1:9. Fallback active.[39m
[33m[Nest] 23464  - [39m17/06/2026, 11:21:01 am [33m   WARN[39m [38;5;3m[NotificationService] [39m[33mNo email address resolved for user user_3EwmjaCl5UfguZTH3M8KPZg5AAE[39m
[33m[Nest] 23464  - [39m17/06/2026, 11:21:01 am [33m   WARN[39m [38;5;3m[SupabaseService] [39m[33mProject ref mismatch: URL is for "mydrikssmzzudzqeqroe" but service key is for "knwotyuwjkkuvfwuzseq". Falling back to anon key.[39m
[32m[Nest] 23464  - [39m17/06/2026, 11:21:01 am [32m    LOG[39m [38;5;3m[NotificationService] [39m[32mDispatching browser push to token for user user_3EwmjaCl5UfguZTH3M8KPZg5AAE[39m
[33m[Nest] 23464  - [39m17/06/2026, 11:21:01 am [33m   WARN[39m [38;5;3m[NotificationService] [39m[33mFCM_SERVER_KEY is missing from environment. Browser push notification simulated.[39m
[33m[Nest] 23464  - [39m17/06/2026, 11:21:01 am [33m   WARN[39m [38;5;3m[SupabaseService] [39m[33mProject ref mismatch: URL is for "mydrikssmzzudzqeqroe" but service key is for "knwotyuwjkkuvfwuzseq". Falling back to anon key.[39m
[33m[Nest] 23464  - [39m17/06/2026, 11:21:01 am [33m   WARN[39m [38;5;3m[NotificationService] [39m[33mEmail notification 547c916c-dea1-4990-a9c9-9ccf44151ab3 remains pending for retry.[39m
[33m[Nest] 23464  - [39m17/06/2026, 11:21:01 am [33m   WARN[39m [38;5;3m[SupabaseService] [39m[33mProject ref mismatch: URL is for "mydrikssmzzudzqeqroe" but service key is for "knwotyuwjkkuvfwuzseq". Falling back to anon key.[39m
[33m[Nest] 23464  - [39m17/06/2026, 11:21:01 am [33m   WARN[39m [38;5;3m[SupabaseService] [39m[33mSupabase getPreferences failed: connect ECONNREFUSED 127.0.0.1:9. Fallback active.[39m
[33m[Nest] 23464  - [39m17/06/2026, 11:21:01 am [33m   WARN[39m [38;5;3m[SupabaseService] [39m[33mProject ref mismatch: URL is for "mydrikssmzzudzqeqroe" but service key is for "knwotyuwjkkuvfwuzseq". Falling back to anon key.[39m
[33m[Nest] 23464  - [39m17/06/2026, 11:21:01 am [33m   WARN[39m [38;5;3m[SupabaseService] [39m[33mSupabase getUserEmail failed: connect ECONNREFUSED 127.0.0.1:9. Fallback active.[39m
[33m[Nest] 23464  - [39m17/06/2026, 11:21:01 am [33m   WARN[39m [38;5;3m[NotificationService] [39m[33mNo email address resolved for user user_3EwmjaCl5UfguZTH3M8KPZg5AAE[39m
[33m[Nest] 23464  - [39m17/06/2026, 11:21:01 am [33m   WARN[39m [38;5;3m[SupabaseService] [39m[33mProject ref mismatch: URL is for "mydrikssmzzudzqeqroe" but service key is for "knwotyuwjkkuvfwuzseq". Falling back to anon key.[39m
[32m[Nest] 23464  - [39m17/06/2026, 11:21:01 am [32m    LOG[39m [38;5;3m[NotificationService] [39m[32mDispatching browser push to token for user user_3EwmjaCl5UfguZTH3M8KPZg5AAE[39m
[33m[Nest] 23464  - [39m17/06/2026, 11:21:01 am [33m   WARN[39m [38;5;3m[NotificationService] [39m[33mFCM_SERVER_KEY is missing from environment. Browser push notification simulated.[39m
[33m[Nest] 23464  - [39m17/06/2026, 11:21:01 am [33m   WARN[39m [38;5;3m[SupabaseService] [39m[33mProject ref mismatch: URL is for "mydrikssmzzudzqeqroe" but service key is for "knwotyuwjkkuvfwuzseq". Falling back to anon key.[39m
[33m[Nest] 23464  - [39m17/06/2026, 11:21:01 am [33m   WARN[39m [38;5;3m[NotificationService] [39m[33mEmail notification 925cd5f3-914a-409e-9197-d2969f4b0a94 remains pending for retry.[39m
[33m[Nest] 23464  - [39m17/06/2026, 11:21:57 am [33m   WARN[39m [38;5;3m[SupabaseService] [39m[33mProject ref mismatch: URL is for "mydrikssmzzudzqeqroe" but service key is for "knwotyuwjkkuvfwuzseq". Falling back to anon key.[39m
[33m[Nest] 23464  - [39m17/06/2026, 11:21:57 am [33m   WARN[39m [38;5;3m[SupabaseService] [39m[33mSupabase getPreferences failed: connect ECONNREFUSED 127.0.0.1:9. Fallback active.[39m
[33m[Nest] 23464  - [39m17/06/2026, 11:21:57 am [33m   WARN[39m [38;5;3m[SupabaseService] [39m[33mProject ref mismatch: URL is for "mydrikssmzzudzqeqroe" but service key is for "knwotyuwjkkuvfwuzseq". Falling back to anon key.[39m
[33m[Nest] 23464  - [39m17/06/2026, 11:21:57 am [33m   WARN[39m [38;5;3m[SupabaseService] [39m[33mSupabase getPreferences failed: connect ECONNREFUSED 127.0.0.1:9. Fallback active.[39m
[32m[Nest] 23464  - [39m17/06/2026, 11:21:57 am [32m    LOG[39m [38;5;3m[NotificationService] [39m[32mChecking upcoming exams for reminder triggers at 2026-06-17T05:51:57.372Z[39m
[33m[Nest] 23464  - [39m17/06/2026, 11:21:57 am [33m   WARN[39m [38;5;3m[SupabaseService] [39m[33mProject ref mismatch: URL is for "mydrikssmzzudzqeqroe" but service key is for "knwotyuwjkkuvfwuzseq". Falling back to anon key.[39m
[33m[Nest] 23464  - [39m17/06/2026, 11:21:57 am [33m   WARN[39m [38;5;3m[NotificationService] [39m[33mFailed to fetch due exam reminders from Supabase: connect ECONNREFUSED 127.0.0.1:9[39m
[33m[Nest] 23464  - [39m17/06/2026, 11:21:57 am [33m   WARN[39m [38;5;3m[SupabaseService] [39m[33mProject ref mismatch: URL is for "mydrikssmzzudzqeqroe" but service key is for "knwotyuwjkkuvfwuzseq". Falling back to anon key.[39m
[33m[Nest] 23464  - [39m17/06/2026, 11:21:57 am [33m   WARN[39m [38;5;3m[SupabaseService] [39m[33mSupabase getPendingNotifications failed: connect ECONNREFUSED 127.0.0.1:9. Fallback active.[39m
[33m[Nest] 23464  - [39m17/06/2026, 11:21:57 am [33m   WARN[39m [38;5;3m[SupabaseService] [39m[33mProject ref mismatch: URL is for "mydrikssmzzudzqeqroe" but service key is for "knwotyuwjkkuvfwuzseq". Falling back to anon key.[39m
[33m[Nest] 23464  - [39m17/06/2026, 11:21:57 am [33m   WARN[39m [38;5;3m[SupabaseService] [39m[33mSupabase getPreferences failed: connect ECONNREFUSED 127.0.0.1:9. Fallback active.[39m
[33m[Nest] 23464  - [39m17/06/2026, 11:21:57 am [33m   WARN[39m [38;5;3m[SupabaseService] [39m[33mProject ref mismatch: URL is for "mydrikssmzzudzqeqroe" but service key is for "knwotyuwjkkuvfwuzseq". Falling back to anon key.[39m
[33m[Nest] 23464  - [39m17/06/2026, 11:21:57 am [33m   WARN[39m [38;5;3m[SupabaseService] [39m[33mSupabase getUserEmail failed: connect ECONNREFUSED 127.0.0.1:9. Fallback active.[39m
[32m[Nest] 23464  - [39m17/06/2026, 11:21:57 am [32m    LOG[39m [38;5;3m[NotificationService] [39m[32mDispatching email to ayush.goyal2@s.amity.edu for notice: Research Report Completed: Constitutional validity of reservation policy[39m
[32m[Nest] 23464  - [39m17/06/2026, 11:22:01 am [32m    LOG[39m [38;5;3m[NotificationService] [39m[32mSMTP Email sent successfully to ayush.goyal2@s.amity.edu.[39m
[33m[Nest] 23464  - [39m17/06/2026, 11:22:01 am [33m   WARN[39m [38;5;3m[SupabaseService] [39m[33mProject ref mismatch: URL is for "mydrikssmzzudzqeqroe" but service key is for "knwotyuwjkkuvfwuzseq". Falling back to anon key.[39m
[33m[Nest] 23464  - [39m17/06/2026, 11:22:01 am [33m   WARN[39m [38;5;3m[SupabaseService] [39m[33mProject ref mismatch: URL is for "mydrikssmzzudzqeqroe" but service key is for "knwotyuwjkkuvfwuzseq". Falling back to anon key.[39m
[33m[Nest] 23464  - [39m17/06/2026, 11:22:01 am [33m   WARN[39m [38;5;3m[SupabaseService] [39m[33mSupabase getPreferences failed: connect ECONNREFUSED 127.0.0.1:9. Fallback active.[39m
[33m[Nest] 23464  - [39m17/06/2026, 11:22:01 am [33m   WARN[39m [38;5;3m[SupabaseService] [39m[33mProject ref mismatch: URL is for "mydrikssmzzudzqeqroe" but service key is for "knwotyuwjkkuvfwuzseq". Falling back to anon key.[39m
[33m[Nest] 23464  - [39m17/06/2026, 11:22:01 am [33m   WARN[39m [38;5;3m[SupabaseService] [39m[33mSupabase getUserEmail failed: connect ECONNREFUSED 127.0.0.1:9. Fallback active.[39m
[33m[Nest] 23464  - [39m17/06/2026, 11:22:01 am [33m   WARN[39m [38;5;3m[NotificationService] [39m[33mNo email address resolved for user 2fa8d0a2-3446-4845-8ab5-991dd469110f[39m
[33m[Nest] 23464  - [39m17/06/2026, 11:22:01 am [33m   WARN[39m [38;5;3m[SupabaseService] [39m[33mProject ref mismatch: URL is for "mydrikssmzzudzqeqroe" but service key is for "knwotyuwjkkuvfwuzseq". Falling back to anon key.[39m
[33m[Nest] 23464  - [39m17/06/2026, 11:22:01 am [33m   WARN[39m [38;5;3m[NotificationService] [39m[33mEmail notification 8e2f6f21-c91c-403f-8837-c7e5b1c4999c remains pending for retry.[39m
[33m[Nest] 23464  - [39m17/06/2026, 11:22:01 am [33m   WARN[39m [38;5;3m[SupabaseService] [39m[33mProject ref mismatch: URL is for "mydrikssmzzudzqeqroe" but service key is for "knwotyuwjkkuvfwuzseq". Falling back to anon key.[39m
[33m[Nest] 23464  - [39m17/06/2026, 11:22:01 am [33m   WARN[39m [38;5;3m[SupabaseService] [39m[33mSupabase getPreferences failed: connect ECONNREFUSED 127.0.0.1:9. Fallback active.[39m
[33m[Nest] 23464  - [39m17/06/2026, 11:22:01 am [33m   WARN[39m [38;5;3m[SupabaseService] [39m[33mProject ref mismatch: URL is for "mydrikssmzzudzqeqroe" but service key is for "knwotyuwjkkuvfwuzseq". Falling back to anon key.[39m
[33m[Nest] 23464  - [39m17/06/2026, 11:22:01 am [33m   WARN[39m [38;5;3m[SupabaseService] [39m[33mSupabase getUserEmail failed: connect ECONNREFUSED 127.0.0.1:9. Fallback active.[39m
[33m[Nest] 23464  - [39m17/06/2026, 11:22:01 am [33m   WARN[39m [38;5;3m[NotificationService] [39m[33mNo email address resolved for user 2fa8d0a2-3446-4845-8ab5-991dd469110f[39m
[33m[Nest] 23464  - [39m17/06/2026, 11:22:01 am [33m   WARN[39m [38;5;3m[SupabaseService] [39m[33mProject ref mismatch: URL is for "mydrikssmzzudzqeqroe" but service key is for "knwotyuwjkkuvfwuzseq". Falling back to anon key.[39m
[33m[Nest] 23464  - [39m17/06/2026, 11:22:01 am [33m   WARN[39m [38;5;3m[NotificationService] [39m[33mEmail notification 5072993e-c046-467a-829b-1ba91f42f42b remains pending for retry.[39m
[33m[Nest] 23464  - [39m17/06/2026, 11:22:01 am [33m   WARN[39m [38;5;3m[SupabaseService] [39m[33mProject ref mismatch: URL is for "mydrikssmzzudzqeqroe" but service key is for "knwotyuwjkkuvfwuzseq". Falling back to anon key.[39m
[33m[Nest] 23464  - [39m17/06/2026, 11:22:01 am [33m   WARN[39m [38;5;3m[SupabaseService] [39m[33mSupabase getPreferences failed: connect ECONNREFUSED 127.0.0.1:9. Fallback active.[39m
[33m[Nest] 23464  - [39m17/06/2026, 11:22:01 am [33m   WARN[39m [38;5;3m[SupabaseService] [39m[33mProject ref mismatch: URL is for "mydrikssmzzudzqeqroe" but service key is for "knwotyuwjkkuvfwuzseq". Falling back to anon key.[39m
[33m[Nest] 23464  - [39m17/06/2026, 11:22:01 am [33m   WARN[39m [38;5;3m[SupabaseService] [39m[33mSupabase getUserEmail failed: connect ECONNREFUSED 127.0.0.1:9. Fallback active.[39m
[33m[Nest] 23464  - [39m17/06/2026, 11:22:01 am [33m   WARN[39m [38;5;3m[NotificationService] [39m[33mNo email address resolved for user user_3EwmjaCl5UfguZTH3M8KPZg5AAE[39m
[33m[Nest] 23464  - [39m17/06/2026, 11:22:01 am [33m   WARN[39m [38;5;3m[SupabaseService] [39m[33mProject ref mismatch: URL is for "mydrikssmzzudzqeqroe" but service key is for "knwotyuwjkkuvfwuzseq". Falling back to anon key.[39m
[32m[Nest] 23464  - [39m17/06/2026, 11:22:01 am [32m    LOG[39m [38;5;3m[NotificationService] [39m[32mDispatching browser push to token for user user_3EwmjaCl5UfguZTH3M8KPZg5AAE[39m
[33m[Nest] 23464  - [39m17/06/2026, 11:22:01 am [33m   WARN[39m [38;5;3m[NotificationService] [39m[33mFCM_SERVER_KEY is missing from environment. Browser push notification simulated.[39m
[33m[Nest] 23464  - [39m17/06/2026, 11:22:01 am [33m   WARN[39m [38;5;3m[SupabaseService] [39m[33mProject ref mismatch: URL is for "mydrikssmzzudzqeqroe" but service key is for "knwotyuwjkkuvfwuzseq". Falling back to anon key.[39m
[33m[Nest] 23464  - [39m17/06/2026, 11:22:01 am [33m   WARN[39m [38;5;3m[NotificationService] [39m[33mEmail notification 547c916c-dea1-4990-a9c9-9ccf44151ab3 remains pending for retry.[39m
[33m[Nest] 23464  - [39m17/06/2026, 11:22:01 am [33m   WARN[39m [38;5;3m[SupabaseService] [39m[33mProject ref mismatch: URL is for "mydrikssmzzudzqeqroe" but service key is for "knwotyuwjkkuvfwuzseq". Falling back to anon key.[39m
[33m[Nest] 23464  - [39m17/06/2026, 11:22:01 am [33m   WARN[39m [38;5;3m[SupabaseService] [39m[33mSupabase getPreferences failed: connect ECONNREFUSED 127.0.0.1:9. Fallback active.[39m
[33m[Nest] 23464  - [39m17/06/2026, 11:22:01 am [33m   WARN[39m [38;5;3m[SupabaseService] [39m[33mProject ref mismatch: URL is for "mydrikssmzzudzqeqroe" but service key is for "knwotyuwjkkuvfwuzseq". Falling back to anon key.[39m
[33m[Nest] 23464  - [39m17/06/2026, 11:22:01 am [33m   WARN[39m [38;5;3m[SupabaseService] [39m[33mSupabase getUserEmail failed: connect ECONNREFUSED 127.0.0.1:9. Fallback active.[39m
[33m[Nest] 23464  - [39m17/06/2026, 11:22:01 am [33m   WARN[39m [38;5;3m[NotificationService] [39m[33mNo email address resolved for user user_3EwmjaCl5UfguZTH3M8KPZg5AAE[39m
[33m[Nest] 23464  - [39m17/06/2026, 11:22:01 am [33m   WARN[39m [38;5;3m[SupabaseService] [39m[33mProject ref mismatch: URL is for "mydrikssmzzudzqeqroe" but service key is for "knwotyuwjkkuvfwuzseq". Falling back to anon key.[39m
[32m[Nest] 23464  - [39m17/06/2026, 11:22:01 am [32m    LOG[39m [38;5;3m[NotificationService] [39m[32mDispatching browser push to token for user user_3EwmjaCl5UfguZTH3M8KPZg5AAE[39m
[33m[Nest] 23464  - [39m17/06/2026, 11:22:01 am [33m   WARN[39m [38;5;3m[NotificationService] [39m[33mFCM_SERVER_KEY is missing from environment. Browser push notification simulated.[39m
[33m[Nest] 23464  - [39m17/06/2026, 11:22:01 am [33m   WARN[39m [38;5;3m[SupabaseService] [39m[33mProject ref mismatch: URL is for "mydrikssmzzudzqeqroe" but service key is for "knwotyuwjkkuvfwuzseq". Falling back to anon key.[39m
[33m[Nest] 23464  - [39m17/06/2026, 11:22:01 am [33m   WARN[39m [38;5;3m[NotificationService] [39m[33mEmail notification 925cd5f3-914a-409e-9197-d2969f4b0a94 remains pending for retry.[39m
[33m[Nest] 23464  - [39m17/06/2026, 11:22:57 am [33m   WARN[39m [38;5;3m[SupabaseService] [39m[33mProject ref mismatch: URL is for "mydrikssmzzudzqeqroe" but service key is for "knwotyuwjkkuvfwuzseq". Falling back to anon key.[39m
[33m[Nest] 23464  - [39m17/06/2026, 11:22:57 am [33m   WARN[39m [38;5;3m[SupabaseService] [39m[33mSupabase getPreferences failed: connect ECONNREFUSED 127.0.0.1:9. Fallback active.[39m
[33m[Nest] 23464  - [39m17/06/2026, 11:22:57 am [33m   WARN[39m [38;5;3m[SupabaseService] [39m[33mProject ref mismatch: URL is for "mydrikssmzzudzqeqroe" but service key is for "knwotyuwjkkuvfwuzseq". Falling back to anon key.[39m
[33m[Nest] 23464  - [39m17/06/2026, 11:22:57 am [33m   WARN[39m [38;5;3m[SupabaseService] [39m[33mSupabase getPreferences failed: connect ECONNREFUSED 127.0.0.1:9. Fallback active.[39m
[32m[Nest] 23464  - [39m17/06/2026, 11:22:57 am [32m    LOG[39m [38;5;3m[NotificationService] [39m[32mChecking upcoming exams for reminder triggers at 2026-06-17T05:52:57.380Z[39m
[33m[Nest] 23464  - [39m17/06/2026, 11:22:57 am [33m   WARN[39m [38;5;3m[SupabaseService] [39m[33mProject ref mismatch: URL is for "mydrikssmzzudzqeqroe" but service key is for "knwotyuwjkkuvfwuzseq". Falling back to anon key.[39m
[33m[Nest] 23464  - [39m17/06/2026, 11:22:57 am [33m   WARN[39m [38;5;3m[NotificationService] [39m[33mFailed to fetch due exam reminders from Supabase: connect ECONNREFUSED 127.0.0.1:9[39m
[33m[Nest] 23464  - [39m17/06/2026, 11:22:57 am [33m   WARN[39m [38;5;3m[SupabaseService] [39m[33mProject ref mismatch: URL is for "mydrikssmzzudzqeqroe" but service key is for "knwotyuwjkkuvfwuzseq". Falling back to anon key.[39m
[33m[Nest] 23464  - [39m17/06/2026, 11:22:57 am [33m   WARN[39m [38;5;3m[SupabaseService] [39m[33mSupabase getPendingNotifications failed: connect ECONNREFUSED 127.0.0.1:9. Fallback active.[39m
[33m[Nest] 23464  - [39m17/06/2026, 11:22:57 am [33m   WARN[39m [38;5;3m[SupabaseService] [39m[33mProject ref mismatch: URL is for "mydrikssmzzudzqeqroe" but service key is for "knwotyuwjkkuvfwuzseq". Falling back to anon key.[39m
[33m[Nest] 23464  - [39m17/06/2026, 11:22:57 am [33m   WARN[39m [38;5;3m[SupabaseService] [39m[33mSupabase getPreferences failed: connect ECONNREFUSED 127.0.0.1:9. Fallback active.[39m
[33m[Nest] 23464  - [39m17/06/2026, 11:22:57 am [33m   WARN[39m [38;5;3m[SupabaseService] [39m[33mProject ref mismatch: URL is for "mydrikssmzzudzqeqroe" but service key is for "knwotyuwjkkuvfwuzseq". Falling back to anon key.[39m
[33m[Nest] 23464  - [39m17/06/2026, 11:22:57 am [33m   WARN[39m [38;5;3m[SupabaseService] [39m[33mSupabase getUserEmail failed: connect ECONNREFUSED 127.0.0.1:9. Fallback active.[39m
[32m[Nest] 23464  - [39m17/06/2026, 11:22:57 am [32m    LOG[39m [38;5;3m[NotificationService] [39m[32mDispatching email to ayush.goyal2@s.amity.edu for notice: Research Report Completed: Constitutional validity of reservation policy[39m
[32m[Nest] 23464  - [39m17/06/2026, 11:23:01 am [32m    LOG[39m [38;5;3m[NotificationService] [39m[32mSMTP Email sent successfully to ayush.goyal2@s.amity.edu.[39m
[33m[Nest] 23464  - [39m17/06/2026, 11:23:01 am [33m   WARN[39m [38;5;3m[SupabaseService] [39m[33mProject ref mismatch: URL is for "mydrikssmzzudzqeqroe" but service key is for "knwotyuwjkkuvfwuzseq". Falling back to anon key.[39m
[33m[Nest] 23464  - [39m17/06/2026, 11:23:01 am [33m   WARN[39m [38;5;3m[SupabaseService] [39m[33mProject ref mismatch: URL is for "mydrikssmzzudzqeqroe" but service key is for "knwotyuwjkkuvfwuzseq". Falling back to anon key.[39m
[33m[Nest] 23464  - [39m17/06/2026, 11:23:01 am [33m   WARN[39m [38;5;3m[SupabaseService] [39m[33mSupabase getPreferences failed: connect ECONNREFUSED 127.0.0.1:9. Fallback active.[39m
[33m[Nest] 23464  - [39m17/06/2026, 11:23:01 am [33m   WARN[39m [38;5;3m[SupabaseService] [39m[33mProject ref mismatch: URL is for "mydrikssmzzudzqeqroe" but service key is for "knwotyuwjkkuvfwuzseq". Falling back to anon key.[39m
[33m[Nest] 23464  - [39m17/06/2026, 11:23:01 am [33m   WARN[39m [38;5;3m[SupabaseService] [39m[33mSupabase getUserEmail failed: connect ECONNREFUSED 127.0.0.1:9. Fallback active.[39m
[33m[Nest] 23464  - [39m17/06/2026, 11:23:01 am [33m   WARN[39m [38;5;3m[NotificationService] [39m[33mNo email address resolved for user 2fa8d0a2-3446-4845-8ab5-991dd469110f[39m
[33m[Nest] 23464  - [39m17/06/2026, 11:23:01 am [33m   WARN[39m [38;5;3m[SupabaseService] [39m[33mProject ref mismatch: URL is for "mydrikssmzzudzqeqroe" but service key is for "knwotyuwjkkuvfwuzseq". Falling back to anon key.[39m
[33m[Nest] 23464  - [39m17/06/2026, 11:23:01 am [33m   WARN[39m [38;5;3m[NotificationService] [39m[33mEmail notification 8e2f6f21-c91c-403f-8837-c7e5b1c4999c remains pending for retry.[39m
[33m[Nest] 23464  - [39m17/06/2026, 11:23:01 am [33m   WARN[39m [38;5;3m[SupabaseService] [39m[33mProject ref mismatch: URL is for "mydrikssmzzudzqeqroe" but service key is for "knwotyuwjkkuvfwuzseq". Falling back to anon key.[39m
[33m[Nest] 23464  - [39m17/06/2026, 11:23:01 am [33m   WARN[39m [38;5;3m[SupabaseService] [39m[33mSupabase getPreferences failed: connect ECONNREFUSED 127.0.0.1:9. Fallback active.[39m
[33m[Nest] 23464  - [39m17/06/2026, 11:23:01 am [33m   WARN[39m [38;5;3m[SupabaseService] [39m[33mProject ref mismatch: URL is for "mydrikssmzzudzqeqroe" but service key is for "knwotyuwjkkuvfwuzseq". Falling back to anon key.[39m
[33m[Nest] 23464  - [39m17/06/2026, 11:23:01 am [33m   WARN[39m [38;5;3m[SupabaseService] [39m[33mSupabase getUserEmail failed: connect ECONNREFUSED 127.0.0.1:9. Fallback active.[39m
[33m[Nest] 23464  - [39m17/06/2026, 11:23:01 am [33m   WARN[39m [38;5;3m[NotificationService] [39m[33mNo email address resolved for user 2fa8d0a2-3446-4845-8ab5-991dd469110f[39m
[33m[Nest] 23464  - [39m17/06/2026, 11:23:01 am [33m   WARN[39m [38;5;3m[SupabaseService] [39m[33mProject ref mismatch: URL is for "mydrikssmzzudzqeqroe" but service key is for "knwotyuwjkkuvfwuzseq". Falling back to anon key.[39m
[33m[Nest] 23464  - [39m17/06/2026, 11:23:01 am [33m   WARN[39m [38;5;3m[NotificationService] [39m[33mEmail notification 5072993e-c046-467a-829b-1ba91f42f42b remains pending for retry.[39m
[33m[Nest] 23464  - [39m17/06/2026, 11:23:01 am [33m   WARN[39m [38;5;3m[SupabaseService] [39m[33mProject ref mismatch: URL is for "mydrikssmzzudzqeqroe" but service key is for "knwotyuwjkkuvfwuzseq". Falling back to anon key.[39m
[33m[Nest] 23464  - [39m17/06/2026, 11:23:01 am [33m   WARN[39m [38;5;3m[SupabaseService] [39m[33mSupabase getPreferences failed: connect ECONNREFUSED 127.0.0.1:9. Fallback active.[39m
[33m[Nest] 23464  - [39m17/06/2026, 11:23:01 am [33m   WARN[39m [38;5;3m[SupabaseService] [39m[33mProject ref mismatch: URL is for "mydrikssmzzudzqeqroe" but service key is for "knwotyuwjkkuvfwuzseq". Falling back to anon key.[39m
[33m[Nest] 23464  - [39m17/06/2026, 11:23:01 am [33m   WARN[39m [38;5;3m[SupabaseService] [39m[33mSupabase getUserEmail failed: connect ECONNREFUSED 127.0.0.1:9. Fallback active.[39m
[33m[Nest] 23464  - [39m17/06/2026, 11:23:01 am [33m   WARN[39m [38;5;3m[NotificationService] [39m[33mNo email address resolved for user user_3EwmjaCl5UfguZTH3M8KPZg5AAE[39m
[33m[Nest] 23464  - [39m17/06/2026, 11:23:01 am [33m   WARN[39m [38;5;3m[SupabaseService] [39m[33mProject ref mismatch: URL is for "mydrikssmzzudzqeqroe" but service key is for "knwotyuwjkkuvfwuzseq". Falling back to anon key.[39m
[32m[Nest] 23464  - [39m17/06/2026, 11:23:01 am [32m    LOG[39m [38;5;3m[NotificationService] [39m[32mDispatching browser push to token for user user_3EwmjaCl5UfguZTH3M8KPZg5AAE[39m
[33m[Nest] 23464  - [39m17/06/2026, 11:23:01 am [33m   WARN[39m [38;5;3m[NotificationService] [39m[33mFCM_SERVER_KEY is missing from environment. Browser push notification simulated.[39m
[33m[Nest] 23464  - [39m17/06/2026, 11:23:01 am [33m   WARN[39m [38;5;3m[SupabaseService] [39m[33mProject ref mismatch: URL is for "mydrikssmzzudzqeqroe" but service key is for "knwotyuwjkkuvfwuzseq". Falling back to anon key.[39m
[33m[Nest] 23464  - [39m17/06/2026, 11:23:01 am [33m   WARN[39m [38;5;3m[NotificationService] [39m[33mEmail notification 547c916c-dea1-4990-a9c9-9ccf44151ab3 remains pending for retry.[39m
[33m[Nest] 23464  - [39m17/06/2026, 11:23:01 am [33m   WARN[39m [38;5;3m[SupabaseService] [39m[33mProject ref mismatch: URL is for "mydrikssmzzudzqeqroe" but service key is for "knwotyuwjkkuvfwuzseq". Falling back to anon key.[39m
[33m[Nest] 23464  - [39m17/06/2026, 11:23:01 am [33m   WARN[39m [38;5;3m[SupabaseService] [39m[33mSupabase getPreferences failed: connect ECONNREFUSED 127.0.0.1:9. Fallback active.[39m
[33m[Nest] 23464  - [39m17/06/2026, 11:23:01 am [33m   WARN[39m [38;5;3m[SupabaseService] [39m[33mProject ref mismatch: URL is for "mydrikssmzzudzqeqroe" but service key is for "knwotyuwjkkuvfwuzseq". Falling back to anon key.[39m
[33m[Nest] 23464  - [39m17/06/2026, 11:23:01 am [33m   WARN[39m [38;5;3m[SupabaseService] [39m[33mSupabase getUserEmail failed: connect ECONNREFUSED 127.0.0.1:9. Fallback active.[39m
[33m[Nest] 23464  - [39m17/06/2026, 11:23:01 am [33m   WARN[39m [38;5;3m[NotificationService] [39m[33mNo email address resolved for user user_3EwmjaCl5UfguZTH3M8KPZg5AAE[39m
[33m[Nest] 23464  - [39m17/06/2026, 11:23:01 am [33m   WARN[39m [38;5;3m[SupabaseService] [39m[33mProject ref mismatch: URL is for "mydrikssmzzudzqeqroe" but service key is for "knwotyuwjkkuvfwuzseq". Falling back to anon key.[39m
[32m[Nest] 23464  - [39m17/06/2026, 11:23:01 am [32m    LOG[39m [38;5;3m[NotificationService] [39m[32mDispatching browser push to token for user user_3EwmjaCl5UfguZTH3M8KPZg5AAE[39m
[33m[Nest] 23464  - [39m17/06/2026, 11:23:01 am [33m   WARN[39m [38;5;3m[NotificationService] [39m[33mFCM_SERVER_KEY is missing from environment. Browser push notification simulated.[39m
[33m[Nest] 23464  - [39m17/06/2026, 11:23:01 am [33m   WARN[39m [38;5;3m[SupabaseService] [39m[33mProject ref mismatch: URL is for "mydrikssmzzudzqeqroe" but service key is for "knwotyuwjkkuvfwuzseq". Falling back to anon key.[39m
[33m[Nest] 23464  - [39m17/06/2026, 11:23:01 am [33m   WARN[39m [38;5;3m[NotificationService] [39m[33mEmail notification 925cd5f3-914a-409e-9197-d2969f4b0a94 remains pending for retry.[39m
